paper_id,role,stratum,identifier_type,identifier,doi,title,journal,year,url
PMC11091596,decoy (no answer),oncology_endo_cardio,PMCID,PMC11091596,10.3233/CBM-230230,"Diagnostic and prognostic utility of TROP-2, SLP-2, and CXCL12 expression in papillary thyroid carcinoma",Cancer biomarkers : section A of Disease markers,2024,https://www.ncbi.nlm.nih.gov/pmc/articles/PMC11091596/
PMC11091630,decoy (no answer),oncology_endo_cardio,PMCID,PMC11091630,10.3233/CBM-230220,GPX4 inhibits apoptosis of thyroid cancer cells through regulating the FKBP8/Bcl-2 axis,Cancer biomarkers : section A of Disease markers,2024,https://www.ncbi.nlm.nih.gov/pmc/articles/PMC11091630/
PMC11492072,decoy (no answer),oncology_endo_cardio,PMCID,PMC11492072,10.3233/CBM-230566,Vitamin D receptor polymorphisms associate with the efficacy and toxicity of radioiodine-131 therapy in patients with differentiated thyroid cancer,Cancer biomarkers : section A of Disease markers,2024,https://www.ncbi.nlm.nih.gov/pmc/articles/PMC11492072/
PMC11569652,decoy (no answer),surgery_derm_id,PMCID,PMC11569652,10.1177/19476035241262020,Investigating the Potential of Multilineage Differentiating Stress-Enduring Cells for Osteochondral Healing,Cartilage,2026,https://www.ncbi.nlm.nih.gov/pmc/articles/PMC11569652/
PMC12288397,decoy (no answer),oncology_endo_cardio,PMCID,PMC12288397,10.1177/18758592241311195,A nomogram based on the 3-gene signature and clinical characteristics for predicting lymph node metastasis in papillary thyroid cancer,Cancer biomarkers : section A of Disease markers,2025,https://www.ncbi.nlm.nih.gov/pmc/articles/PMC12288397/
PMC12288414,decoy (no answer),oncology_endo_cardio,PMCID,PMC12288414,10.1177/18758592251322028,Development and validation of a CT-based radiomics nomogram for predicting cervical lymph node metastasis in papillary thyroid carcinoma,Cancer biomarkers : section A of Disease markers,2025,https://www.ncbi.nlm.nih.gov/pmc/articles/PMC12288414/
PMC12882342,decoy (no answer),neurology_non_epilepsy,PMCID,PMC12882342,10.1016/j.ymthe.2025.10.023,Modulation of the unfolded protein response with a C-terminal fragment of MANF facilitates recovery in models of multiple sclerosis,Molecular therapy : the journal of the American Society of Gene Therapy,2026,https://www.ncbi.nlm.nih.gov/pmc/articles/PMC12882342/
PMC12951706,decoy (no answer),neurology_non_epilepsy,PMCID,PMC12951706,10.1111/head.15096,Psychosocial factors as predictors of headache chronification: A systematic review and meta-analysis of longitudinal studies,Headache,2026,https://www.ncbi.nlm.nih.gov/pmc/articles/PMC12951706/
PMC12954932,decoy (no answer),neurology_non_epilepsy,PMCID,PMC12954932,10.1186/s12893-026-03494-y,"Effect of bariatric surgery on headache frequency, duration and severity",BMC surgery,2026,https://www.ncbi.nlm.nih.gov/pmc/articles/PMC12954932/
PMC12958053,decoy (no answer),neurology_non_epilepsy,PMCID,PMC12958053,10.31083/RN46506,[CefaleApp: A Mobile Application for Migraine Diagnosis in Primary Health Care],Revista de neurologia,2026,https://www.ncbi.nlm.nih.gov/pmc/articles/PMC12958053/
PMC12960194,decoy (no answer),neurology_non_epilepsy,PMCID,PMC12960194,10.1177/03331024251365858,Reviewing the complex relationship between circadian rhythms and cluster headache,Cephalalgia : an international journal of headache,2025,https://www.ncbi.nlm.nih.gov/pmc/articles/PMC12960194/
PMC12960446,decoy (no answer),neurology_non_epilepsy,PMCID,PMC12960446,10.1007/s10548-026-01182-x,Migraine is Related to Multiple Sclerosis Brain Lesions in the Central Pain Network with Several Migraine Phenotypes Exhibiting Different Lesion Patterns,Brain topography,2026,https://www.ncbi.nlm.nih.gov/pmc/articles/PMC12960446/
PMC12961808,decoy (no answer),neurology_non_epilepsy,PMCID,PMC12961808,10.1186/s10194-026-02313-2,"Elucidating biopsychosocial mechanisms in migraine: an integrative analytics approach combining genetics, neuroimaging, and machine learning",The journal of headache and pain,2026,https://www.ncbi.nlm.nih.gov/pmc/articles/PMC12961808/
PMC12963193,decoy (no answer),neurology_non_epilepsy,PMCID,PMC12963193,10.1007/s10877-025-01395-8,Optic nerve sheath diameter as a real-time biomarker for epidural blood patch efficacy after post-dural puncture headache: a preliminary report,Journal of clinical monitoring and computing,2026,https://www.ncbi.nlm.nih.gov/pmc/articles/PMC12963193/
PMC12966170,decoy (no answer),neurology_non_epilepsy,PMCID,PMC12966170,10.1097/JCMA.0000000000000562,The causal-effect of bed rest and post-dural puncture headache in patients receiving diagnostic lumbar puncture: A prospective cohort study,Journal of the Chinese Medical Association : JCMA,2021,https://www.ncbi.nlm.nih.gov/pmc/articles/PMC12966170/
PMC12967374,decoy (no answer),neurology_non_epilepsy,PMCID,PMC12967374,10.1177/10538127251391088,Validity of the HALO(TM) digital goniometer for measuring cervical range of motion: A comparative study with the cervical range of Motion(TM) device,Journal of back and musculoskeletal rehabilitation,2026,https://www.ncbi.nlm.nih.gov/pmc/articles/PMC12967374/
PMC12976438,decoy (no answer),surgery_derm_id,PMCID,PMC12976438,10.4314/mmj.v37i4.4,Contact Dermatitis among Hospital Cleaners in Dar es Salaam: Prevalence and Associated Factors,Malawi medical journal : the journal of Medical Association of Malawi,2025,https://www.ncbi.nlm.nih.gov/pmc/articles/PMC12976438/
PMC12978985,decoy (no answer),neurology_non_epilepsy,PMCID,PMC12978985,10.1055/s-0046-1817029,Sleep psychoeducation strategies for patients with chronic migraine and sleep quality complaints,Arquivos de neuro-psiquiatria,2026,https://www.ncbi.nlm.nih.gov/pmc/articles/PMC12978985/
PMC12992181,decoy (no answer),neurology_non_epilepsy,PMCID,PMC12992181,10.1111/jrh.70132,"Rural specialty care for Veterans with the chronic overlapping pain conditions: Fibromyalgia, migraine, or irritable bowel syndrome",The Journal of rural health : official journal of the American Rural Health Association and the National Rural Health Care Association,2026,https://www.ncbi.nlm.nih.gov/pmc/articles/PMC12992181/
PMC12999769,decoy (no answer),neurology_non_epilepsy,PMCID,PMC12999769,10.1007/s12325-025-03428-9,The Role of Income and Health Insurance on Migraine Care: Results of the OVERCOME (US) Study,Advances in therapy,2026,https://www.ncbi.nlm.nih.gov/pmc/articles/PMC12999769/
PMC13001660,decoy (no answer),neurology_non_epilepsy,PMCID,PMC13001660,10.7717/peerj.20925,Restless legs syndrome and sleep quality in children with migraine and tension-type headache,PeerJ,2026,https://www.ncbi.nlm.nih.gov/pmc/articles/PMC13001660/
PMC13002859,decoy (no answer),surgery_derm_id,PMCID,PMC13002859,10.3389/fimmu.2026.1714515,Psoriasis: microbiome dysbiosis and pathogenic mechanisms,Frontiers in immunology,2026,https://www.ncbi.nlm.nih.gov/pmc/articles/PMC13002859/
PMC13003194,decoy (no answer),surgery_derm_id,PMCID,PMC13003194,10.1111/1756-185x.70614,Inflammatory Bowel Disease in Patients With Atopic Dermatitis and Allergic Rhinitis: A Nationwide Case-Control Study,International journal of rheumatic diseases,2026,https://www.ncbi.nlm.nih.gov/pmc/articles/PMC13003194/
PMC13003975,decoy (no answer),surgery_derm_id,PMCID,PMC13003975,10.2147/IJN.S572134,"Advances in the Prevention and Treatment of Radiation Skin Injury: Mechanisms, Pharmacological Interventions, and Applications of Novel Dressings",International journal of nanomedicine,2026,https://www.ncbi.nlm.nih.gov/pmc/articles/PMC13003975/
PMC13004745,decoy (no answer),neurology_non_epilepsy,PMCID,PMC13004745,10.1007/s00482-024-00859-1,[The Cluster Headache Impact Questionnaire : Measuring headache-related impairment in cluster headache patients],"Schmerz (Berlin, Germany)",2026,https://www.ncbi.nlm.nih.gov/pmc/articles/PMC13004745/
PMC13007102,decoy (no answer),surgery_derm_id,PMCID,PMC13007102,10.1136/bmjopen-2025-110921,Applying medical hypnosis in the management of atopic dermatitis in children and young adolescents: study protocol for a pilot cluster randomised controlled trial (Hypno-AD),BMJ open,2026,https://www.ncbi.nlm.nih.gov/pmc/articles/PMC13007102/
PMC13008142,decoy (no answer),surgery_derm_id,PMCID,PMC13008142,10.1097/MD.0000000000048114,Psoriasis to psoriatic arthritis in terms of complement proteins: A single center experience,Medicine,2026,https://www.ncbi.nlm.nih.gov/pmc/articles/PMC13008142/
PMC13008189,decoy (no answer),surgery_derm_id,PMCID,PMC13008189,10.1097/MD.0000000000048111,The sliding cupping therapy as an alternative strategy for treating plaque psoriasis: A randomized controlled trial,Medicine,2026,https://www.ncbi.nlm.nih.gov/pmc/articles/PMC13008189/
PMC13008219,decoy (no answer),surgery_derm_id,PMCID,PMC13008219,10.1097/MD.0000000000044474,Increased risk of stroke in patients with psoriasis: A systematic review and meta-analysis,Medicine,2026,https://www.ncbi.nlm.nih.gov/pmc/articles/PMC13008219/
PMC13008221,decoy (no answer),surgery_derm_id,PMCID,PMC13008221,10.1097/MD.0000000000048158,A case report of post-traumatic eczema of the breast mimicking breast cancer: A diagnostic challenge,Medicine,2026,https://www.ncbi.nlm.nih.gov/pmc/articles/PMC13008221/
PMC13009468,decoy (no answer),surgery_derm_id,PMCID,PMC13009468,10.1038/s41598-026-38565-w,Excess cardiovascular morbidity in psoriatic arthritis and cardioprotective effects of biologic dmards: a propensity-matched analysis,Scientific reports,2026,https://www.ncbi.nlm.nih.gov/pmc/articles/PMC13009468/
PMC13011382,decoy (no answer),neurology_non_epilepsy,PMCID,PMC13011382,10.1186/s12916-026-04692-4,Maternal migraine and offspring ADHD: triangulating the evidence,BMC medicine,2026,https://www.ncbi.nlm.nih.gov/pmc/articles/PMC13011382/
PMC13012911,decoy (no answer),surgery_derm_id,PMCID,PMC13012911,10.3389/fendo.2026.1788526,The night matters: sleep quality and evening chronotype associated with clinical severity of psoriasis,Frontiers in endocrinology,2026,https://www.ncbi.nlm.nih.gov/pmc/articles/PMC13012911/
PMC13013609,decoy (no answer),surgery_derm_id,PMCID,PMC13013609,10.1038/s41433-026-04274-x,Biologic therapy is associated with reduced ocular disease in psoriasis: a real-world study,"Eye (London, England)",2026,https://www.ncbi.nlm.nih.gov/pmc/articles/PMC13013609/
PMC13014201,decoy (no answer),surgery_derm_id,PMCID,PMC13014201,10.1001/jamanetworkopen.2026.2962,Atopic Dermatitis and Markers of Early Cardiovascular Risk in Children and Adolescents,JAMA network open,2026,https://www.ncbi.nlm.nih.gov/pmc/articles/PMC13014201/
PMC13014435,decoy (no answer),surgery_derm_id,PMCID,PMC13014435,10.1111/jdv.70155,"Long-term safety and efficacy of secukinumab in paediatric severe plaque psoriasis: 236-week, Phase 3 trial results",Journal of the European Academy of Dermatology and Venereology : JEADV,2026,https://www.ncbi.nlm.nih.gov/pmc/articles/PMC13014435/
PMC13017544,decoy (no answer),neurology_non_epilepsy,PMCID,PMC13017544,10.1093/brain/awaf284,Activation and sensitization of meningeal nociceptors by PACAP-38: implications for migraine headache,Brain : a journal of neurology,2026,https://www.ncbi.nlm.nih.gov/pmc/articles/PMC13017544/
PMC13017793,decoy (no answer),surgery_derm_id,PMCID,PMC13017793,10.3389/fimmu.2026.1722103,Drug development in psoriatic arthritis: a trialtrove-based landscape analysis (1999-2025),Frontiers in immunology,2026,https://www.ncbi.nlm.nih.gov/pmc/articles/PMC13017793/
PMC13017802,decoy (no answer),surgery_derm_id,PMCID,PMC13017802,10.3389/fimmu.2026.1706701,Spatial transcriptomic profiling reveals body site-specific inflammatory differences in psoriasis lesions,Frontiers in immunology,2026,https://www.ncbi.nlm.nih.gov/pmc/articles/PMC13017802/
PMC13017992,decoy (no answer),surgery_derm_id,PMCID,PMC13017992,10.1007/s40259-025-00762-w,The Role of OX40 Pathway Inhibition as a New Therapeutic Strategy for Atopic Dermatitis,"BioDrugs : clinical immunotherapeutics, biopharmaceuticals and gene therapy",2026,https://www.ncbi.nlm.nih.gov/pmc/articles/PMC13017992/
PMC13019701,decoy (no answer),surgery_derm_id,PMCID,PMC13019701,10.3389/fimmu.2026.1744370,Presence of autoantibodies targeting the shared epitope in rheumatoid arthritis and psoriatic arthritis,Frontiers in immunology,2026,https://www.ncbi.nlm.nih.gov/pmc/articles/PMC13019701/
PMC13020783,decoy (no answer),neurology_non_epilepsy,PMCID,PMC13020783,10.1371/journal.pone.0345374,Specific pre-injury migraine characteristics associated with worse concussion outcomes,PloS one,2026,https://www.ncbi.nlm.nih.gov/pmc/articles/PMC13020783/
PMC13021661,decoy (no answer),surgery_derm_id,PMCID,PMC13021661,10.3389/fimmu.2026.1744951,"Super responders to biologic therapy in psoriasis: definitions, predictors, and implications for precision medicine",Frontiers in immunology,2026,https://www.ncbi.nlm.nih.gov/pmc/articles/PMC13021661/
PMC13021890,decoy (no answer),surgery_derm_id,PMCID,PMC13021890,10.3389/fimmu.2026.1791693,Machine learning meets psoriasis: identifying key lactylation biomarkers as potential targets for diagnosis and therapies,Frontiers in immunology,2026,https://www.ncbi.nlm.nih.gov/pmc/articles/PMC13021890/
PMC13022068,decoy (no answer),surgery_derm_id,PMCID,PMC13022068,10.1111/exd.70240,Molecular Markers Distinguishing Early-Stage Mycosis Fungoides From Atopic Dermatitis Skin Lesions,Experimental dermatology,2026,https://www.ncbi.nlm.nih.gov/pmc/articles/PMC13022068/
PMC13026647,decoy (no answer),surgery_derm_id,PMCID,PMC13026647,10.3390/ijms27062799,Molecular Mechanisms in Seborrheic Dermatitis-Systematic Review,International journal of molecular sciences,2026,https://www.ncbi.nlm.nih.gov/pmc/articles/PMC13026647/
PMC13032463,decoy (no answer),neurology_non_epilepsy,PMCID,PMC13032463,10.1186/s10194-026-02296-0,SP1 recruits TET1 to mediate Kif1a demethylation and synaptic remodeling in a mouse model of chronic migraine,The journal of headache and pain,2026,https://www.ncbi.nlm.nih.gov/pmc/articles/PMC13032463/
PMC13032955,decoy (no answer),surgery_derm_id,PMCID,PMC13032955,10.1007/s40257-026-01008-3,Expert Recommendations for the Diagnosis and Management of Chronic Hand Eczema in the United States,American journal of clinical dermatology,2026,https://www.ncbi.nlm.nih.gov/pmc/articles/PMC13032955/
PMC13033031,decoy (no answer),surgery_derm_id,PMCID,PMC13033031,10.1007/s40257-026-01007-4,"Radiotherapy-Induced Skin Fibrosis: Pathophysiology, Emerging Therapeutics, and the Role of Dermatology",American journal of clinical dermatology,2026,https://www.ncbi.nlm.nih.gov/pmc/articles/PMC13033031/
PMC13034115,decoy (no answer),surgery_derm_id,PMCID,PMC13034115,10.3892/mmr.2026.13852,Multi‑omics and their integration in psoriasis research (Review),Molecular medicine reports,2026,https://www.ncbi.nlm.nih.gov/pmc/articles/PMC13034115/
PMC13034223,decoy (no answer),surgery_derm_id,PMCID,PMC13034223,10.1136/rmdopen-2025-006667,Comparative effectiveness and predictors of remission between adalimumab and ixekizumab in patients with psoriatic arthritis: findings from the 'AIRE' multicentre study,RMD open,2026,https://www.ncbi.nlm.nih.gov/pmc/articles/PMC13034223/
PMC13034247,decoy (no answer),surgery_derm_id,PMCID,PMC13034247,10.1136/rmdopen-2025-006567,Increased synovial and entheseal fibroblast activation detected by (68)Ga-FAPI-PET/CT is associated with the development of psoriatic arthritis in psoriasis patients with arthralgia,RMD open,2026,https://www.ncbi.nlm.nih.gov/pmc/articles/PMC13034247/
PMC13034314,decoy (no answer),surgery_derm_id,PMCID,PMC13034314,10.1136/rmdopen-2025-006338,Severe impairments in work ability among patients with axSpA and PsA: results from the RABBIT-SpA Register,RMD open,2026,https://www.ncbi.nlm.nih.gov/pmc/articles/PMC13034314/
PMC13035099,decoy (no answer),neurology_non_epilepsy,PMCID,PMC13035099,10.1212/WNL.0000000000214863,"Eptinezumab With Patient Education for Chronic Migraine and Medication-Overuse Headache: The Randomized, Placebo-Controlled RESOLUTION Trial",Neurology,2026,https://www.ncbi.nlm.nih.gov/pmc/articles/PMC13035099/
PMC13035235,decoy (no answer),surgery_derm_id,PMCID,PMC13035235,10.1371/journal.pntd.0014100,Descriptions of the natural history of erythema nodosum leprosum to inform clinical classification - A semi-systematic review,PLoS neglected tropical diseases,2026,https://www.ncbi.nlm.nih.gov/pmc/articles/PMC13035235/
PMC13036197,decoy (no answer),surgery_derm_id,PMCID,PMC13036197,10.3389/fimmu.2026.1740000,Pustular psoriasis flare following COVID-19 infection: a case report and literature review,Frontiers in immunology,2026,https://www.ncbi.nlm.nih.gov/pmc/articles/PMC13036197/
PMC13036618,decoy (no answer),neurology_non_epilepsy,PMCID,PMC13036618,10.22514/jofph.2026.015,Climatic sensitivity of migraine: a 14-year time series analysis of primary care consultations in Spain,Journal of oral & facial pain and headache,2026,https://www.ncbi.nlm.nih.gov/pmc/articles/PMC13036618/
PMC13036623,decoy (no answer),neurology_non_epilepsy,PMCID,PMC13036623,10.22514/jofph.2026.029,Benchmark evaluation of large language models for clinical decision support in headache management,Journal of oral & facial pain and headache,2026,https://www.ncbi.nlm.nih.gov/pmc/articles/PMC13036623/
PMC13036789,decoy (no answer),neurology_non_epilepsy,PMCID,PMC13036789,10.31083/RN45618,Optimizing Chronic Migraine Care: The Impact of Advanced Practice Nurse Involvement in OnabotulinumtoxinA Administration,Revista de neurologia,2026,https://www.ncbi.nlm.nih.gov/pmc/articles/PMC13036789/
PMC13040410,decoy (no answer),surgery_derm_id,PMCID,PMC13040410,10.1111/cup.70064,Harnessing Digital Pathology Tools to Distinguish Hand Eczema From Palmar Psoriasis: A Quantitative Approach,Journal of cutaneous pathology,2026,https://www.ncbi.nlm.nih.gov/pmc/articles/PMC13040410/
PMC13040428,decoy (no answer),surgery_derm_id,PMCID,PMC13040428,10.1111/cup.70060,Bispecific Dual-Immune Checkpoint Inhibitor Associated Cutaneous Toxicity: A Report of Lorigerlimab Adverse Skin Reaction in Two Cancer Patients,Journal of cutaneous pathology,2026,https://www.ncbi.nlm.nih.gov/pmc/articles/PMC13040428/
PMC13041020,decoy (no answer),neurology_non_epilepsy,PMCID,PMC13041020,10.1186/s10194-026-02311-4,Cumulative adverse childhood experiences increase migraine risk in later life in China: evidence from CHARLS with mediation and Mendelian randomization,The journal of headache and pain,2026,https://www.ncbi.nlm.nih.gov/pmc/articles/PMC13041020/
PMC13043743,decoy (no answer),surgery_derm_id,PMCID,PMC13043743,10.1038/s41598-026-41110-4,Self-reported respiratory allergic symptoms and eczema in schoolchildren in Peja region-west Kosovo,Scientific reports,2026,https://www.ncbi.nlm.nih.gov/pmc/articles/PMC13043743/
PMC13044558,decoy (no answer),neurology_non_epilepsy,PMCID,PMC13044558,10.1111/head.15064,Effectiveness and tolerability of galcanezumab for migraine prevention in patients ≥65 years: A real-life multicenter study,Headache,2026,https://www.ncbi.nlm.nih.gov/pmc/articles/PMC13044558/
PMC13044563,decoy (no answer),neurology_non_epilepsy,PMCID,PMC13044563,10.1111/head.70014,Reasons for patient reluctance to take preventive medications for migraine: Results of the OVERCOME (US) study,Headache,2026,https://www.ncbi.nlm.nih.gov/pmc/articles/PMC13044563/
PMC13044567,decoy (no answer),neurology_non_epilepsy,PMCID,PMC13044567,10.1111/head.70043,Unmet treatment needs in migraine: Results of the OVERCOME (US) study,Headache,2026,https://www.ncbi.nlm.nih.gov/pmc/articles/PMC13044567/
PMC13044571,decoy (no answer),neurology_non_epilepsy,PMCID,PMC13044571,10.1111/head.70047,Integrating gepants into clinical practice for the acute treatment of migraine,Headache,2026,https://www.ncbi.nlm.nih.gov/pmc/articles/PMC13044571/
PMC13044821,decoy (no answer),surgery_derm_id,PMCID,PMC13044821,10.57264/cer-2025-0122,Health utility by Psoriasis Area and Severity Index response status after biologic induction therapy in Chinese patients with moderate to severe psoriasis,Journal of comparative effectiveness research,2026,https://www.ncbi.nlm.nih.gov/pmc/articles/PMC13044821/
PMC13046119,decoy (no answer),surgery_derm_id,PMCID,PMC13046119,10.1371/journal.pone.0345570,Assessing the reliability and quality of content on social media regarding biologic therapies for psoriasis: A cross-sectional content analysis,PloS one,2026,https://www.ncbi.nlm.nih.gov/pmc/articles/PMC13046119/
PMC13046651,decoy (no answer),surgery_derm_id,PMCID,PMC13046651,10.1007/s00508-026-02718-8,"[Consensus statement of the Austrian Society for Rheumatology and Rehabilitation on the management of increased cardiovascular risk in rheumatoid arthritis, psoriatic arthritis and spondyloarthritis]",Wiener klinische Wochenschrift,2026,https://www.ncbi.nlm.nih.gov/pmc/articles/PMC13046651/
PMC13046883,decoy (no answer),surgery_derm_id,PMCID,PMC13046883,10.1111/jocd.70828,Classification of High Curl Pattern Hair: A Systematic Review and Clinical Perspective,Journal of cosmetic dermatology,2026,https://www.ncbi.nlm.nih.gov/pmc/articles/PMC13046883/
PMC13050734,decoy (no answer),internal_medicine,PMCID,PMC13050734,10.3389/fimmu.2026.1769625,Integrated pro-resolving mechanisms: a new dimension for optimizing anti-inflammatory therapy in asthma - a review of impaired inflammation resolution in airway remodeling,Frontiers in immunology,2026,https://www.ncbi.nlm.nih.gov/pmc/articles/PMC13050734/
PMC13050885,decoy (no answer),internal_medicine,PMCID,PMC13050885,10.3389/fimmu.2026.1775111,Individualized precision therapy for severe asthma: clinical applications of biological agents and frontiers of cell therapy,Frontiers in immunology,2026,https://www.ncbi.nlm.nih.gov/pmc/articles/PMC13050885/
PMC13051116,decoy (no answer),internal_medicine,PMCID,PMC13051116,10.1177/17534666261436694,Prescriber adherence to asthma treatment guidelines and its impact on symptom control in Ethiopia: a mixed-methods study,Therapeutic advances in respiratory disease,2026,https://www.ncbi.nlm.nih.gov/pmc/articles/PMC13051116/
PMC13052934,decoy (no answer),internal_medicine,PMCID,PMC13052934,10.1097/MD.0000000000048237,Could impulse oscillometry be an easy and practical test for differential diagnosis in healthy adults and patients with asthma and COPD?,Medicine,2026,https://www.ncbi.nlm.nih.gov/pmc/articles/PMC13052934/
PMC13053172,decoy (no answer),surgery_derm_id,PMCID,PMC13053172,10.1111/iwj.70884,Alginate and Chitosan-Based Hydrogels for the Treatment of Radiation Dermatitis,International wound journal,2026,https://www.ncbi.nlm.nih.gov/pmc/articles/PMC13053172/
PMC13053256,decoy (no answer),neurology_non_epilepsy,PMCID,PMC13053256,10.3389/fimmu.2026.1766322,Aberrant long-chain fatty acids metabolism and its interplay with immuno-inflammatory responses in relapsing-remitting multiple sclerosis,Frontiers in immunology,2026,https://www.ncbi.nlm.nih.gov/pmc/articles/PMC13053256/
PMC13053467,decoy (no answer),neurology_non_epilepsy,PMCID,PMC13053467,10.1007/s00415-026-13781-6,Dura mater enhancement on 3T MRI is associated with cortical lesion burden in multiple sclerosis,Journal of neurology,2026,https://www.ncbi.nlm.nih.gov/pmc/articles/PMC13053467/
PMC13053634,decoy (no answer),surgery_derm_id,PMCID,PMC13053634,10.1111/pai.70338,Residential greenness and atopic dermatitis in Japanese children: Findings from the TMM BirThree cohort study,Pediatric allergy and immunology : official publication of the European Society of Pediatric Allergy and Immunology,2026,https://www.ncbi.nlm.nih.gov/pmc/articles/PMC13053634/
PMC13053831,decoy (no answer),surgery_derm_id,PMCID,PMC13053831,10.1016/j.abd.2026.501327,A multicenter study by the Brazilian Society of Dermatology on a new standard patch test series,Anais brasileiros de dermatologia,2026,https://www.ncbi.nlm.nih.gov/pmc/articles/PMC13053831/
PMC13053942,decoy (no answer),neurology_non_epilepsy,PMCID,PMC13053942,10.1155/bmri/5726771,Deep Learning Approaches for Multiple Sclerosis Detection in MRI Images,BioMed research international,2026,https://www.ncbi.nlm.nih.gov/pmc/articles/PMC13053942/
PMC13054175,decoy (no answer),oncology_endo_cardio,PMCID,PMC13054175,10.25259/IJMR_1781_2025,Impact of the risk-treatment paradox on in-hospital and long-term outcomes in patients with very high-risk non-ST-elevation acute coronary syndrome,The Indian journal of medical research,2026,https://www.ncbi.nlm.nih.gov/pmc/articles/PMC13054175/
PMC13054517,decoy (no answer),neurology_non_epilepsy,PMCID,PMC13054517,10.1155/humu/2426414,"Peripheral Immune and Metabolic Dysregulation in Migraine, Ménière's Disease, and Vestibular Migraine: A Single-Cell Atlas Study",Human mutation,2026,https://www.ncbi.nlm.nih.gov/pmc/articles/PMC13054517/
PMC13055117,decoy (no answer),internal_medicine,PMCID,PMC13055117,10.1002/ajh.70262,Genetic Contribution to Asthma Informs Acute Chest Syndrome Pathophysiology and Risk Stratification,American journal of hematology,2026,https://www.ncbi.nlm.nih.gov/pmc/articles/PMC13055117/
PMC13055683,decoy (no answer),oncology_endo_cardio,PMCID,PMC13055683,10.1161/JAHA.125.044092,Long Troponin T to Separate Troponin Elevations Among Patients With Atrial Fibrillation Versus Myocardial Infarction,Journal of the American Heart Association,2026,https://www.ncbi.nlm.nih.gov/pmc/articles/PMC13055683/
PMC13055719,decoy (no answer),oncology_endo_cardio,PMCID,PMC13055719,10.1161/JAHA.125.043615,Acid-Base Status During Venoarterial Extracorporeal Membrane Oxygenator Support in Patients With Cardiogenic Shock,Journal of the American Heart Association,2026,https://www.ncbi.nlm.nih.gov/pmc/articles/PMC13055719/
PMC13055795,decoy (no answer),oncology_endo_cardio,PMCID,PMC13055795,10.1161/JAHA.125.047124,Impact of Coronary Artery Disease Extent on GRACE Risk Score Prognostic Performance After ST-Segment-Elevation Myocardial Infarction,Journal of the American Heart Association,2026,https://www.ncbi.nlm.nih.gov/pmc/articles/PMC13055795/
PMC13055840,decoy (no answer),neurology_non_epilepsy,PMCID,PMC13055840,10.1161/JAHA.125.043409,Triptan Initiation and Cerebrovascular Events in Patients With Migraine: A Nationwide Cohort Study,Journal of the American Heart Association,2026,https://www.ncbi.nlm.nih.gov/pmc/articles/PMC13055840/
PMC13057205,decoy (no answer),surgery_derm_id,PMCID,PMC13057205,10.1038/s41467-026-69587-7,Multi-modal skin atlas identifies a multicellular immune-stromal community associated with disrupted cornification and specific T cell expansion in atopic dermatitis,Nature communications,2026,https://www.ncbi.nlm.nih.gov/pmc/articles/PMC13057205/
PMC13058455,decoy (no answer),neurology_non_epilepsy,PMCID,PMC13058455,10.1093/brain/awaf345,Granulocyte and astrocyte markers distinguish MOG-antibody disease and neuromyelitis optica from multiple sclerosis,Brain : a journal of neurology,2026,https://www.ncbi.nlm.nih.gov/pmc/articles/PMC13058455/
PMC13058738,decoy (no answer),internal_medicine,PMCID,PMC13058738,10.1183/16000617.0179-2025,Prevalence of respiratory viruses in stable and acute asthma: a systematic review and meta-analysis,European respiratory review : an official journal of the European Respiratory Society,2026,https://www.ncbi.nlm.nih.gov/pmc/articles/PMC13058738/
PMC13059061,decoy (no answer),surgery_derm_id,PMCID,PMC13059061,10.1111/ddg.70238x,"Palmoplantar pustulosis: pathogenesis, differential diagnosis, and treatment",Journal der Deutschen Dermatologischen Gesellschaft = Journal of the German Society of Dermatology : JDDG,2026,https://www.ncbi.nlm.nih.gov/pmc/articles/PMC13059061/
PMC13059433,decoy (no answer),surgery_derm_id,PMCID,PMC13059433,10.25122/jml-2026-0013,"Correlations between Psoriasis Area and Severity Index (PASI), body mass index (BMI), smoking, and alcohol consumption in patients with psoriasis - a Romanian study",Journal of medicine and life,2026,https://www.ncbi.nlm.nih.gov/pmc/articles/PMC13059433/
PMC13059845,decoy (no answer),oncology_endo_cardio,PMCID,PMC13059845,10.1136/bmjopen-2024-097495,Economic evaluation protocol for the PRevention Of sudden cardiac death aFter myocardial Infarction by Defibrillator implantation: the PROFID EHRA trial,BMJ open,2026,https://www.ncbi.nlm.nih.gov/pmc/articles/PMC13059845/
PMC13059954,decoy (no answer),surgery_derm_id,PMCID,PMC13059954,10.1136/rmdopen-2024-005143,Rheumatoid arthritis and psoriatic arthritis: is the disease impact different? A large matching study at diagnosis and after 1 year of treatment,RMD open,2025,https://www.ncbi.nlm.nih.gov/pmc/articles/PMC13059954/
PMC13060050,decoy (no answer),oncology_endo_cardio,PMCID,PMC13060050,10.1080/17435889.2026.2628309,Precise atorvastatin delivery by cardiac homing peptide functionalized nanoliposomes for myocardial damage repair after myocardial infarction,"Nanomedicine (London, England)",2026,https://www.ncbi.nlm.nih.gov/pmc/articles/PMC13060050/
PMC13061735,decoy (no answer),surgery_derm_id,PMCID,PMC13061735,10.3389/fimmu.2026.1757562,Targeting the JAK/STAT pathway in atopic dermatitis,Frontiers in immunology,2026,https://www.ncbi.nlm.nih.gov/pmc/articles/PMC13061735/
PMC13061799,decoy (no answer),internal_medicine,PMCID,PMC13061799,10.1007/s00431-026-06926-2,"Phenotypic characterization of treatment-naïve childhood asthma with obesity: features of lung function, inflammation, and lipid profiles",European journal of pediatrics,2026,https://www.ncbi.nlm.nih.gov/pmc/articles/PMC13061799/
PMC13061806,decoy (no answer),neurology_non_epilepsy,PMCID,PMC13061806,10.1007/s00415-026-13661-z,An autoantibody signature predictive for multiple sclerosis: evidence at the protein level and association with histopathological lesion types,Journal of neurology,2026,https://www.ncbi.nlm.nih.gov/pmc/articles/PMC13061806/
PMC13062723,decoy (no answer),internal_medicine,PMCID,PMC13062723,10.1111/pai.70304,"Treatment of allergic rhinitis with allergen immunotherapy in children and adolescents-Adherence, rhinitis severity, and asthma onset",Pediatric allergy and immunology : official publication of the European Society of Pediatric Allergy and Immunology,2026,https://www.ncbi.nlm.nih.gov/pmc/articles/PMC13062723/
PMC13063820,decoy (no answer),surgery_derm_id,PMCID,PMC13063820,10.2340/actadv.v105.42275,Effectiveness and Safety of Tralokinumab in Atopic Dermatitis: 1-year Results From a Real-world Multicentre Study,Acta dermato-venereologica,2025,https://www.ncbi.nlm.nih.gov/pmc/articles/PMC13063820/
PMC13063824,decoy (no answer),surgery_derm_id,PMCID,PMC13063824,10.2340/actadv.v104.42086,Expanding Field of Dermatological Side Effects of Pharmaceuticals,Acta dermato-venereologica,2024,https://www.ncbi.nlm.nih.gov/pmc/articles/PMC13063824/
PMC13063882,decoy (no answer),neurology_non_epilepsy,PMCID,PMC13063882,10.1186/s10194-026-02305-2,Abnormal imaging features of episodic cluster headache and episodic migraine: a multimodal 7T MRI study,The journal of headache and pain,2026,https://www.ncbi.nlm.nih.gov/pmc/articles/PMC13063882/
PMC13064216,decoy (no answer),neurology_non_epilepsy,PMCID,PMC13064216,10.1186/s13293-026-00875-z,Sex and gender effects on incidence of migraine and stroke: a longitudinal observational study based on the german socio-economic panel,Biology of sex differences,2026,https://www.ncbi.nlm.nih.gov/pmc/articles/PMC13064216/
PMC13064506,decoy (no answer),oncology_endo_cardio,PMCID,PMC13064506,10.1093/eurpub/ckaf203,"Declining 28-day population myocardial infarction case-fatality trends in Catalonia, Spain: an analysis of the possible contribution of emergency management network",European journal of public health,2026,https://www.ncbi.nlm.nih.gov/pmc/articles/PMC13064506/
PMC13064513,decoy (no answer),internal_medicine,PMCID,PMC13064513,10.1093/cei/uxag017,Reduced IL-10 production by FoxP3+IL-10+ Treg cells is partially compensated by complosome-associated induction of regulatory FoxP3-IL-10+ T cells in allergic eosinophilic asthma,Clinical and experimental immunology,2026,https://www.ncbi.nlm.nih.gov/pmc/articles/PMC13064513/
PMC13064754,decoy (no answer),neurology_non_epilepsy,PMCID,PMC13064754,10.1017/S1092852925000148,Neuroanatomical aging diversity of Alzheimer's disease revealed by BrainAGE,CNS spectrums,2025,https://www.ncbi.nlm.nih.gov/pmc/articles/PMC13064754/
PMC13064770,decoy (no answer),neurology_non_epilepsy,PMCID,PMC13064770,10.1017/S109285292510031X,Glucagon-like Peptide-1 receptor agonists for the prevention and treatment of Parkinson's disease,CNS spectrums,2025,https://www.ncbi.nlm.nih.gov/pmc/articles/PMC13064770/
PMC13064833,decoy (no answer),oncology_endo_cardio,PMCID,PMC13064833,10.1097/JCN.0000000000001247,The Impact of Nurse-Led Peer Support Interventions on Psychological Status and Quality of Life After Acute Myocardial Infarction Stent Implantation in China,The Journal of cardiovascular nursing,2026,https://www.ncbi.nlm.nih.gov/pmc/articles/PMC13064833/
PMC13065015,decoy (no answer),internal_medicine,PMCID,PMC13065015,10.1371/journal.pmed.1004659,"Prenatal exposure to per- and polyfluoroalkyl substances (PFAS) and incidence of asthma and wheeze in childhood: A register-based cohort study in Ronneby, Sweden",PLoS medicine,2026,https://www.ncbi.nlm.nih.gov/pmc/articles/PMC13065015/
PMC13065515,decoy (no answer),internal_medicine,PMCID,PMC13065515,10.3389/fimmu.2026.1787115,Soluble gp130 inhibits Th17 polarization in neutrophilic asthma by blocking IL-6 trans-signaling in dendritic cells,Frontiers in immunology,2026,https://www.ncbi.nlm.nih.gov/pmc/articles/PMC13065515/
PMC13065530,decoy (no answer),neurology_non_epilepsy,PMCID,PMC13065530,10.1007/s00415-026-13787-0,The role of age in choosing high-efficacy treatment for multiple sclerosis: an Austrian MS Database study,Journal of neurology,2026,https://www.ncbi.nlm.nih.gov/pmc/articles/PMC13065530/
PMC13065553,decoy (no answer),surgery_derm_id,PMCID,PMC13065553,10.1007/s12325-026-03520-8,Joint Assessment Matters: Diagnostic and Therapeutic Benefits of Interdisciplinary Psoriasis Care,Advances in therapy,2026,https://www.ncbi.nlm.nih.gov/pmc/articles/PMC13065553/
PMC13065559,decoy (no answer),neurology_non_epilepsy,PMCID,PMC13065559,10.1007/s12325-025-03480-5,Comparative Effectiveness and Risk of Severe Infection in Adult Patients With MS Treated With Diroximel Fumarate Versus Anti-CD20 Monoclonal Antibodies: A Real-World Claims Analysis,Advances in therapy,2026,https://www.ncbi.nlm.nih.gov/pmc/articles/PMC13065559/
PMC13066066,decoy (no answer),internal_medicine,PMCID,PMC13066066,10.1038/s41598-026-41559-3,Associations between metabolic syndrome and allergic diseases a nationwide study in Korea and literature review,Scientific reports,2026,https://www.ncbi.nlm.nih.gov/pmc/articles/PMC13066066/
PMC13066243,decoy (no answer),surgery_derm_id,PMCID,PMC13066243,10.3389/fimmu.2026.1653033,Baseline Th17/Tc17 and LAG-3 levels serve as candidate exploratory markers for early ixekizumab response in psoriasis,Frontiers in immunology,2026,https://www.ncbi.nlm.nih.gov/pmc/articles/PMC13066243/
PMC13066347,decoy (no answer),internal_medicine,PMCID,PMC13066347,10.1515/jib-2024-0062,Metagenome and metabolome study on inhaled corticosteroids in asthma patients with side effects,Journal of integrative bioinformatics,2025,https://www.ncbi.nlm.nih.gov/pmc/articles/PMC13066347/
PMC13066501,decoy (no answer),oncology_endo_cardio,PMCID,PMC13066501,10.1111/jcmm.71134,Exploration of the Potential Mechanism of Metal Ion Transport-Related Genes in Myocardial Infarction Based on Transcriptomics,Journal of cellular and molecular medicine,2026,https://www.ncbi.nlm.nih.gov/pmc/articles/PMC13066501/
PMC13066633,decoy (no answer),neurology_non_epilepsy,PMCID,PMC13066633,10.1038/s41597-026-06999-6,Continuous observation of Parkinsonian symptoms using symptom diaries & wearable accelerometry,Scientific data,2026,https://www.ncbi.nlm.nih.gov/pmc/articles/PMC13066633/
PMC13067085,decoy (no answer),internal_medicine,PMCID,PMC13067085,10.1002/ppul.71606,Perspectives and Needs of Caregivers in Protecting Their Child With Asthma From Wildfire Smoke,Pediatric pulmonology,2026,https://www.ncbi.nlm.nih.gov/pmc/articles/PMC13067085/
PMC13067334,decoy (no answer),surgery_derm_id,PMCID,PMC13067334,10.1111/ijd.70126,Super-Response to Guselkumab Treatment in Patients With Moderate-to-Severe Psoriasis: Real-World Data With Up to Five Years of Follow-Up in The Czech Republic,International journal of dermatology,2026,https://www.ncbi.nlm.nih.gov/pmc/articles/PMC13067334/
PMC13067801,decoy (no answer),internal_medicine,PMCID,PMC13067801,10.1111/pai.70332,Environmental risk factors for allergic rhinitis differ by income level: A Global Asthma Network survey,Pediatric allergy and immunology : official publication of the European Society of Pediatric Allergy and Immunology,2026,https://www.ncbi.nlm.nih.gov/pmc/articles/PMC13067801/
PMC13067854,decoy (no answer),surgery_derm_id,PMCID,PMC13067854,10.1002/advs.202518588,Bifidobacterium Breve Yang08 Alleviates Atopic Dermatitis By Enriching Akkermansia Muciniphila and Inhibiting Neutrophil Extracellular Traps Formation In Mice,"Advanced science (Weinheim, Baden-Wurttemberg, Germany)",2026,https://www.ncbi.nlm.nih.gov/pmc/articles/PMC13067854/
PMC13068036,decoy (no answer),neurology_non_epilepsy,PMCID,PMC13068036,10.1002/cns.70870,Evolution of Drug Development Trends in Multiple Sclerosis: Analysis of Mainland China and Global Landscapes From 2004 to 2024,CNS neuroscience & therapeutics,2026,https://www.ncbi.nlm.nih.gov/pmc/articles/PMC13068036/
PMC13068119,decoy (no answer),neurology_non_epilepsy,PMCID,PMC13068119,10.1109/JTEHM.2026.3667847,Insole-Derived Plantar Pressure Variability Reveals Dual-Task Gait Differences in Early-Stage Parkinson's Disease,IEEE journal of translational engineering in health and medicine,2026,https://www.ncbi.nlm.nih.gov/pmc/articles/PMC13068119/
PMC13068335,decoy (no answer),internal_medicine,PMCID,PMC13068335,10.1371/journal.pcbi.1014081,Using cell-specific late-phase asthma mRNA biomarkers to repurpose drugs that concurrently reverse disease signatures across multiple immune cell-types,PLoS computational biology,2026,https://www.ncbi.nlm.nih.gov/pmc/articles/PMC13068335/
PMC13069423,decoy (no answer),neurology_non_epilepsy,PMCID,PMC13069423,10.1016/j.neurot.2026.e00888,No association between the wearing-off effect and α4-integrin receptor saturation in natalizumab treated patients with relapsing-remitting multiple sclerosis,Neurotherapeutics : the journal of the American Society for Experimental NeuroTherapeutics,2026,https://www.ncbi.nlm.nih.gov/pmc/articles/PMC13069423/
PMC13069469,decoy (no answer),oncology_endo_cardio,PMCID,PMC13069469,10.1155/cdr/1649836,Association of Initial Laxative Strategy With Clinical Outcomes in Critically Ill Patients With Acute Myocardial Infarction: A Retrospective Cohort Study,Cardiovascular therapeutics,2026,https://www.ncbi.nlm.nih.gov/pmc/articles/PMC13069469/
PMC13069889,decoy (no answer),neurology_non_epilepsy,PMCID,PMC13069889,10.1093/hmg/ddag024,A microbiome quantitative trait locus in SLC39A8 modulates disease severity in synucleinopathy-induced models of Parkinson's disease,Human molecular genetics,2026,https://www.ncbi.nlm.nih.gov/pmc/articles/PMC13069889/
PMC13070315,decoy (no answer),neurology_non_epilepsy,PMCID,PMC13070315,10.7717/peerj.20876,Improving respiratory muscle strength in patients with multiple sclerosis through respiratory muscle training: a systematic review and meta-analysis,PeerJ,2026,https://www.ncbi.nlm.nih.gov/pmc/articles/PMC13070315/
PMC13070555,decoy (no answer),oncology_endo_cardio,PMCID,PMC13070555,10.1093/eschf/xvag066,Cardiogenic shock in the course of myocardial infarction: the results of the Shock-POL registry,ESC heart failure,2026,https://www.ncbi.nlm.nih.gov/pmc/articles/PMC13070555/
PMC13070575,decoy (no answer),neurology_non_epilepsy,PMCID,PMC13070575,10.2169/internalmedicine.5856-25,Effect of Galcanezumab on PHQ-9 and GAD-7 in Patients with Migraine: A Real-world Study in Japan,"Internal medicine (Tokyo, Japan)",2026,https://www.ncbi.nlm.nih.gov/pmc/articles/PMC13070575/
PMC13070588,decoy (no answer),surgery_derm_id,PMCID,PMC13070588,10.2169/internalmedicine.5979-25,A Patient with Pustulotic Arthro-osteitis with Isolated Spinal Lesions Successfully Treated with Risankizumab,"Internal medicine (Tokyo, Japan)",2026,https://www.ncbi.nlm.nih.gov/pmc/articles/PMC13070588/
PMC13070600,decoy (no answer),oncology_endo_cardio,PMCID,PMC13070600,10.2169/internalmedicine.5860-25,Impact of Controlled Blood Pressure and Pulse Rate at Discharge on Clinical Outcomes in Patients with Non-ST-segment Elevation Myocardial Infarction,"Internal medicine (Tokyo, Japan)",2026,https://www.ncbi.nlm.nih.gov/pmc/articles/PMC13070600/
PMC13070641,decoy (no answer),neurology_non_epilepsy,PMCID,PMC13070641,10.1093/bjr/tqag024,Fronto-caudate and callosal microstructural alterations: unveiling multimodal MRI biomarkers in early Parkinson's disease,The British journal of radiology,2026,https://www.ncbi.nlm.nih.gov/pmc/articles/PMC13070641/
PMC13070647,decoy (no answer),neurology_non_epilepsy,PMCID,PMC13070647,10.1093/bjr/tqaf233,Disparities in imaging and management of multiple sclerosis: a review,The British journal of radiology,2026,https://www.ncbi.nlm.nih.gov/pmc/articles/PMC13070647/
PMC13070713,decoy (no answer),surgery_derm_id,PMCID,PMC13070713,10.1111/cod.70100,"Cosmetic Adverse Reactions and Prognostic Factors: A Retrospective Cohort Study in Wuhan, China",Contact dermatitis,2026,https://www.ncbi.nlm.nih.gov/pmc/articles/PMC13070713/
PMC13070715,decoy (no answer),surgery_derm_id,PMCID,PMC13070715,10.1111/cod.70107,To Avoid or Not to Avoid: Cross-Reactivity Between Fragrance and Common Botanicals,Contact dermatitis,2026,https://www.ncbi.nlm.nih.gov/pmc/articles/PMC13070715/
PMC13070717,decoy (no answer),surgery_derm_id,PMCID,PMC13070717,10.1111/cod.70086,Contact Sensitization in Adults With Atopic Dermatitis: A 21-Year Single-Center Tertiary Experience,Contact dermatitis,2026,https://www.ncbi.nlm.nih.gov/pmc/articles/PMC13070717/
PMC13070718,decoy (no answer),surgery_derm_id,PMCID,PMC13070718,10.1111/cod.70085,"Solid Shampoo Is Mostly Not Preserved, in Contrast to Liquid Shampoos Used in Hairdressing-A Market Survey in Four European Countries",Contact dermatitis,2026,https://www.ncbi.nlm.nih.gov/pmc/articles/PMC13070718/
PMC13070719,decoy (no answer),surgery_derm_id,PMCID,PMC13070719,10.1111/cod.70108,Propolis and Beeswax in Cosmetics: A Market Survey and Literature Review on Their Relationship and Role in Allergic Contact Dermatitis,Contact dermatitis,2026,https://www.ncbi.nlm.nih.gov/pmc/articles/PMC13070719/
PMC13070721,decoy (no answer),surgery_derm_id,PMCID,PMC13070721,10.1111/cod.70113,Interventions and Implementation Strategies for Preventing Occupational Contact Dermatitis: A Scoping Review,Contact dermatitis,2026,https://www.ncbi.nlm.nih.gov/pmc/articles/PMC13070721/
PMC13071088,decoy (no answer),neurology_non_epilepsy,PMCID,PMC13071088,10.1002/acn3.70241,Network Localization of Fatigue in Multiple Sclerosis,Annals of clinical and translational neurology,2026,https://www.ncbi.nlm.nih.gov/pmc/articles/PMC13071088/
PMC13071093,decoy (no answer),neurology_non_epilepsy,PMCID,PMC13071093,10.1002/acn3.70302,Applying an Ethical Lens to the Treatment of People With Multiple Sclerosis,Annals of clinical and translational neurology,2026,https://www.ncbi.nlm.nih.gov/pmc/articles/PMC13071093/
PMC13071105,decoy (no answer),neurology_non_epilepsy,PMCID,PMC13071105,10.1002/acn3.70243,Frailty Exacerbates Disability in Progressive Multiple Sclerosis,Annals of clinical and translational neurology,2026,https://www.ncbi.nlm.nih.gov/pmc/articles/PMC13071105/
PMC13071333,decoy (no answer),neurology_non_epilepsy,PMCID,PMC13071333,10.1002/mdc3.70368,"Comparative Analysis of the Incidence, Prevalence, and Survival of 8 Types of Parkinsonism in a Population-Based Study with 367 Million Person Years of Observation over 21 Years",Movement disorders clinical practice,2026,https://www.ncbi.nlm.nih.gov/pmc/articles/PMC13071333/
PMC13071366,decoy (no answer),neurology_non_epilepsy,PMCID,PMC13071366,10.1002/mdc3.70408,Clinical Algorithm-Guided Approach to Botulinum Toxin Type A Treatment for Axial Postural Abnormalities in Parkinson's Disease,Movement disorders clinical practice,2026,https://www.ncbi.nlm.nih.gov/pmc/articles/PMC13071366/
PMC13071371,decoy (no answer),neurology_non_epilepsy,PMCID,PMC13071371,10.1002/mdc3.70391,Discrepant Views of Apathy in Patients and Caregivers: the Role of Cognitive Deficits in Parkinson's Disease,Movement disorders clinical practice,2026,https://www.ncbi.nlm.nih.gov/pmc/articles/PMC13071371/
PMC13071507,decoy (no answer),surgery_derm_id,PMCID,PMC13071507,10.3389/fimmu.2026.1739412,"Molecular insights into the role of vitamin D in atopic dermatitis: pathogenesis, diagnosis, and emerging therapies",Frontiers in immunology,2026,https://www.ncbi.nlm.nih.gov/pmc/articles/PMC13071507/
PMC13071876,decoy (no answer),surgery_derm_id,PMCID,PMC13071876,10.1021/acs.jmedchem.5c02838,"Design, Synthesis, and Biological Evaluation of Novel Vinyl Selenone Derivatives as Potent Nrf2 Activators for Atopic Dermatitis",Journal of medicinal chemistry,2026,https://www.ncbi.nlm.nih.gov/pmc/articles/PMC13071876/
PMC13072162,decoy (no answer),surgery_derm_id,PMCID,PMC13072162,10.3390/cells15070594,Gut Dysbiosis and the Molecular Landscape of the Gut-Skin Axis: Comparative Insights and Therapeutic Implications for Atopic Dermatitis and Psoriasis,Cells,2026,https://www.ncbi.nlm.nih.gov/pmc/articles/PMC13072162/
PMC13072207,decoy (no answer),neurology_non_epilepsy,PMCID,PMC13072207,10.3390/cells15070610,The Crossroads of Neuroinflammation and Biomarkers in Multiple Sclerosis: A Systematic Review,Cells,2026,https://www.ncbi.nlm.nih.gov/pmc/articles/PMC13072207/
PMC13072237,decoy (no answer),neurology_non_epilepsy,PMCID,PMC13072237,10.3390/cells15070634,Diagnostic Potential of Combined Skin Morphometric Analysis and Salivary Alpha-Synuclein Oligomers in Parkinson's Disease,Cells,2026,https://www.ncbi.nlm.nih.gov/pmc/articles/PMC13072237/
PMC13072554,decoy (no answer),neurology_non_epilepsy,PMCID,PMC13072554,10.1186/s10194-026-02318-x,Altered dorsal anterior insula functional connectivity underlying abnormal interoceptive accuracy awareness in migraine without aura,The journal of headache and pain,2026,https://www.ncbi.nlm.nih.gov/pmc/articles/PMC13072554/
PMC13072783,decoy (no answer),internal_medicine,PMCID,PMC13072783,10.3390/ijms27073171,A Comprehensive Review of Natural Products Against Allergic Rhinitis and Asthma: From Sensitization to Chronic Remodeling,International journal of molecular sciences,2026,https://www.ncbi.nlm.nih.gov/pmc/articles/PMC13072783/
PMC13073322,decoy (no answer),oncology_endo_cardio,PMCID,PMC13073322,10.1002/advs.202514863,Irgm1 Improves Postinfarction Cardiac Repair by Promoting Neutrophil Clearance and Efferocytosis,"Advanced science (Weinheim, Baden-Wurttemberg, Germany)",2026,https://www.ncbi.nlm.nih.gov/pmc/articles/PMC13073322/
PMC13073522,decoy (no answer),internal_medicine,PMCID,PMC13073522,10.3390/ijms27073045,Serum Eosinophil Cationic Protein (ECP) as a Biomarker for Distinguishing Pediatric Allergic Airway Diseases,International journal of molecular sciences,2026,https://www.ncbi.nlm.nih.gov/pmc/articles/PMC13073522/
PMC13073593,decoy (no answer),surgery_derm_id,PMCID,PMC13073593,10.3390/ijms27073202,Evaluation of +49 A>G (rs231775) Variant in CTLA4 Gene and SCTLA-4 Serum Levels in Plaque Psoriasis in a Mestizo Mexican Population,International journal of molecular sciences,2026,https://www.ncbi.nlm.nih.gov/pmc/articles/PMC13073593/
PMC13073873,decoy (no answer),neurology_non_epilepsy,PMCID,PMC13073873,10.3390/ijms27073135,Polyfunctionalized N-Arylsulfonyl Indoles: Identification of (E)-N-Hydroxy-3-{3-[(5-(3-(piperidin-1-yl)propoxy]-1H-indol-1-yl)sulfonyl]phenyl}acrylamide (MTP150) for the Epigenetic-Based Therapy of Parkinson's Disease,International journal of molecular sciences,2026,https://www.ncbi.nlm.nih.gov/pmc/articles/PMC13073873/
PMC13073894,decoy (no answer),internal_medicine,PMCID,PMC13073894,10.3390/ijms27073283,Bronchial Thermoplasty Induced Changes in Blood Transcriptome Profile of Patients with Severe Asthma,International journal of molecular sciences,2026,https://www.ncbi.nlm.nih.gov/pmc/articles/PMC13073894/
PMC13073961,decoy (no answer),neurology_non_epilepsy,PMCID,PMC13073961,10.3390/ijms27073155,A Long-Term Prospective Evaluation of the Predictive Value of Molecular Markers in Serum and Cerebrospinal Fluid in Patients in the Early Stage of Multiple Sclerosis,International journal of molecular sciences,2026,https://www.ncbi.nlm.nih.gov/pmc/articles/PMC13073961/
PMC13074115,decoy (no answer),surgery_derm_id,PMCID,PMC13074115,10.1002/lsm.70099,Fractional CO(2) Laser Combined With Topical Corticosteroids for Vulvar Lichen Simplex Chronicus: An Observational Study From an 8-Year Single-Center Experience,Lasers in surgery and medicine,2026,https://www.ncbi.nlm.nih.gov/pmc/articles/PMC13074115/
PMC13074223,decoy (no answer),neurology_non_epilepsy,PMCID,PMC13074223,10.3390/nu18071118,Validation of a Patient-Reported Outcome Measure in Parkinson's Disease,Nutrients,2026,https://www.ncbi.nlm.nih.gov/pmc/articles/PMC13074223/
PMC13074341,decoy (no answer),surgery_derm_id,PMCID,PMC13074341,10.3390/nu18071019,Lower Adherence to the Mediterranean Diet in Fibromyalgia Compared with Rheumatoid and Psoriatic Arthritis and Its Association with Disease Burden and Lifestyle Factors,Nutrients,2026,https://www.ncbi.nlm.nih.gov/pmc/articles/PMC13074341/
PMC13075429,decoy (no answer),oncology_endo_cardio,PMCID,PMC13075429,10.2147/VHRM.S581820,Universal Early Discharge Protocol for Acute Myocardial Infarction: A Single-Center Prospective Validation,Vascular health and risk management,2026,https://www.ncbi.nlm.nih.gov/pmc/articles/PMC13075429/
PMC13075538,decoy (no answer),oncology_endo_cardio,PMCID,PMC13075538,10.2196/90144,Impact of a Prehospital Chest Pain Alert App-Mediated Prehospital-in-Hospital Coordination Model on Treatment Delays and Clinical Outcomes in Patients With ST-Elevation Myocardial Infarction: Protocol for a 4-Year Retrospective Real-World Cohort Study,JMIR research protocols,2026,https://www.ncbi.nlm.nih.gov/pmc/articles/PMC13075538/
PMC13076254,decoy (no answer),surgery_derm_id,PMCID,PMC13076254,10.3389/fimmu.2026.1783354,Proteomic and experimental analyses reveal molecular signatures of flexural atopic dermatitis in antecubital and popliteal fossae and the therapeutic effect of Aida lotion,Frontiers in immunology,2026,https://www.ncbi.nlm.nih.gov/pmc/articles/PMC13076254/
PMC13076491,decoy (no answer),internal_medicine,PMCID,PMC13076491,10.3389/fpubh.2026.1776893,"Digital, remotely delivered management interventions for adult asthma: a systematic review and meta-analysis",Frontiers in public health,2026,https://www.ncbi.nlm.nih.gov/pmc/articles/PMC13076491/
PMC13076753,decoy (no answer),surgery_derm_id,PMCID,PMC13076753,10.1038/s41598-026-47976-8,Using causal machine learning and real world data to improve dose response decision making for secukinumab in psoriatic arthritis,Scientific reports,2026,https://www.ncbi.nlm.nih.gov/pmc/articles/PMC13076753/
PMC13077062,decoy (no answer),neurology_non_epilepsy,PMCID,PMC13077062,10.1038/s41598-026-41274-z,Linking cortical morphology and neurophysiological dynamics in Parkinson's disease,Scientific reports,2026,https://www.ncbi.nlm.nih.gov/pmc/articles/PMC13077062/
PMC13077468,decoy (no answer),internal_medicine,PMCID,PMC13077468,10.2147/COPD.S571480,A Proposed Checklist for Optimizing COPD Patient Discharge Processes in Italian Internal Medicine Wards,International journal of chronic obstructive pulmonary disease,2026,https://www.ncbi.nlm.nih.gov/pmc/articles/PMC13077468/
PMC13078356,decoy (no answer),internal_medicine,PMCID,PMC13078356,10.1136/bmjoq-2023-002626,Service development project to pilot a digital technology innovation for video direct observation of therapy in adult patients with asthma,BMJ open quality,2024,https://www.ncbi.nlm.nih.gov/pmc/articles/PMC13078356/
PMC13078389,decoy (no answer),surgery_derm_id,PMCID,PMC13078389,10.3389/fpubh.2026.1748717,Occupational skin health risk among nurses: development and validation of a nomogram-based prediction model,Frontiers in public health,2026,https://www.ncbi.nlm.nih.gov/pmc/articles/PMC13078389/
PMC13079056,decoy (no answer),neurology_non_epilepsy,PMCID,PMC13079056,10.3389/fimmu.2026.1768709,Exploring medication adherence and illness perception in patients with neuroimmune diseases: a cross-sectional study,Frontiers in immunology,2026,https://www.ncbi.nlm.nih.gov/pmc/articles/PMC13079056/
PMC13079060,decoy (no answer),surgery_derm_id,PMCID,PMC13079060,10.3389/fimmu.2026.1786162,Enhancement of host anti-mycobacterial immunity by green tea hot-water extract is mediated through miR-9-5p-enriched lung extracellular vesicles,Frontiers in immunology,2026,https://www.ncbi.nlm.nih.gov/pmc/articles/PMC13079060/
PMC13079171,decoy (no answer),surgery_derm_id,PMCID,PMC13079171,10.3389/fpubh.2026.1789425,"Tuberculosis outbreak in a pre-primary and primary school in Barcelona, Spain",Frontiers in public health,2026,https://www.ncbi.nlm.nih.gov/pmc/articles/PMC13079171/
PMC13080433,decoy (no answer),oncology_endo_cardio,PMCID,PMC13080433,10.2174/0115734056343601250123093759,Post-mortem Cardiac MRI in Sudden Cardiac Death: The Interesting Intertwining of Radiology and Histology to Diagnose Arrhythmic Death or Myocardial Infarction,Current medical imaging,2025,https://www.ncbi.nlm.nih.gov/pmc/articles/PMC13080433/
PMC13080892,decoy (no answer),neurology_non_epilepsy,PMCID,PMC13080892,10.1111/hex.70530,Recommendations to Improve Healthcare Service Provision for Cognitive Impairment in People With Parkinson's Disease: A Mixed Methods Study of the Lived Experience Expert Perspective,Health expectations : an international journal of public participation in health care and health policy,2026,https://www.ncbi.nlm.nih.gov/pmc/articles/PMC13080892/
PMC13081452,decoy (no answer),surgery_derm_id,PMCID,PMC13081452,10.1186/s12951-026-04265-w,Microneedle-based delivery of cell membrane vesicles as IL-17RA decoys for Psoriasis treatment,Journal of nanobiotechnology,2026,https://www.ncbi.nlm.nih.gov/pmc/articles/PMC13081452/
PMC13081620,decoy (no answer),internal_medicine,PMCID,PMC13081620,10.1186/s13063-026-09685-5,Impact of the POPulation Medicine Multimorbidity Intervention in Xishui County (POPMIX) on suspected asthma patients: protocol for the POPMIX-Asthma cluster-randomized controlled trial,Trials,2026,https://www.ncbi.nlm.nih.gov/pmc/articles/PMC13081620/
PMC13081688,decoy (no answer),neurology_non_epilepsy,PMCID,PMC13081688,10.1002/hbm.70425,Brain Age Estimation on T2-FLAIR Scans for Application to Multiple Sclerosis,Human brain mapping,2026,https://www.ncbi.nlm.nih.gov/pmc/articles/PMC13081688/
PMC13082699,decoy (no answer),neurology_non_epilepsy,PMCID,PMC13082699,10.1371/journal.pone.0346508,Retraining gait in Parkinson's Disease via a personalised app: A study protocol,PloS one,2026,https://www.ncbi.nlm.nih.gov/pmc/articles/PMC13082699/
PMC13082952,decoy (no answer),internal_medicine,PMCID,PMC13082952,10.3389/fimmu.2026.1798209,Metabolic licensing at the dendritic cell-NK cells immune synapse in viral asthma exacerbations,Frontiers in immunology,2026,https://www.ncbi.nlm.nih.gov/pmc/articles/PMC13082952/
PMC13083188,decoy (no answer),surgery_derm_id,PMCID,PMC13083188,10.3389/fpubh.2026.1749640,"Assessing the integration of social protection into infectious disease policies: a multi-country analysis of TB, HIV, and malaria strategies in Sub-Saharan Africa",Frontiers in public health,2026,https://www.ncbi.nlm.nih.gov/pmc/articles/PMC13083188/
PMC13083225,decoy (no answer),surgery_derm_id,PMCID,PMC13083225,10.1111/cts.70555,Preimmunization of SPF Mice With Capsid Virus-like Particle Has no Effect on CD8(+) Immune Memory and Skin Inflammation in an Ovalbumin-Induced Dermatitis Model,Clinical and translational science,2026,https://www.ncbi.nlm.nih.gov/pmc/articles/PMC13083225/
PMC13083852,decoy (no answer),oncology_endo_cardio,PMCID,PMC13083852,10.1038/s41598-026-43062-1,The AHEAD-NLR score: a novel inflammatory-comorbidity integrated tool for predicting long-term mortality in patients with heart failure after acute myocardial infarction,Scientific reports,2026,https://www.ncbi.nlm.nih.gov/pmc/articles/PMC13083852/
PMC13083945,decoy (no answer),internal_medicine,PMCID,PMC13083945,10.1038/s44321-026-00386-9,Epigenetic dysregulation of IRF9 drives excessive interferon signaling in COPD,EMBO molecular medicine,2026,https://www.ncbi.nlm.nih.gov/pmc/articles/PMC13083945/
PMC13084532,decoy (no answer),surgery_derm_id,PMCID,PMC13084532,10.1111/1751-7915.70348,Deep Learning-Enabled Engineering of a Hyper-Stable and Soluble MPB70-83 Antigen for Sensitive Bovine Tuberculosis Surveillance,Microbial biotechnology,2026,https://www.ncbi.nlm.nih.gov/pmc/articles/PMC13084532/
PMC13084733,decoy (no answer),internal_medicine,PMCID,PMC13084733,10.1016/j.chest.2025.11.013,Applying Precision Medicine to the Heterogeneity of Asthma Attacks,Chest,2026,https://www.ncbi.nlm.nih.gov/pmc/articles/PMC13084733/
PMC13084774,decoy (no answer),internal_medicine,PMCID,PMC13084774,10.1136/bmjopen-2025-104380,Real-world and Genomic data-based Asthma Insights through Network Analysis (REGAIN study): protocol for a novel retrospective and prospective longitudinal asthma cohort study,BMJ open,2026,https://www.ncbi.nlm.nih.gov/pmc/articles/PMC13084774/
PMC13084780,decoy (no answer),internal_medicine,PMCID,PMC13084780,10.1136/bmjopen-2025-103743,Exploring collaboration preferences of health care professionals and patients regarding treatment decision making in severe asthma: a qualitative study in The Netherlands,BMJ open,2026,https://www.ncbi.nlm.nih.gov/pmc/articles/PMC13084780/
PMC13084781,decoy (no answer),internal_medicine,PMCID,PMC13084781,10.1136/fmch-2025-003679,"Use of point-of-care resources for management of paediatric asthma: frequency, types and temporal trends in early-career general practitioners",Family medicine and community health,2026,https://www.ncbi.nlm.nih.gov/pmc/articles/PMC13084781/
PMC13084816,decoy (no answer),internal_medicine,PMCID,PMC13084816,10.1136/bmjresp-2025-003611,What is the evidence for virtual wards or hospital-at-home care pathways for exacerbations of chronic obstructive pulmonary disease? A systematic review and meta-analysis,BMJ open respiratory research,2026,https://www.ncbi.nlm.nih.gov/pmc/articles/PMC13084816/
PMC13084827,decoy (no answer),neurology_non_epilepsy,PMCID,PMC13084827,10.1136/bmjopen-2025-111345,Individualised stimlation parameters in deep brain stimulation for Parkinson's disease based on disease phenotype and brain connectivity: protocol for a randomised feasibility study in a tertiary care centre (iDBS trial),BMJ open,2026,https://www.ncbi.nlm.nih.gov/pmc/articles/PMC13084827/
PMC13084905,decoy (no answer),surgery_derm_id,PMCID,PMC13084905,10.1136/bmjopen-2025-114026,Study protocol for testing pharmacological conditioning as a drug dose reduction strategy in patients with psoriasis in a randomised controlled trial,BMJ open,2026,https://www.ncbi.nlm.nih.gov/pmc/articles/PMC13084905/
PMC13084930,decoy (no answer),internal_medicine,PMCID,PMC13084930,10.1136/bmjresp-2025-003418,Parasternal electromyography in participants with mild or moderate chronic obstructive pulmonary disease in primary care: cohort study to assess technical and clinical application,BMJ open respiratory research,2026,https://www.ncbi.nlm.nih.gov/pmc/articles/PMC13084930/
PMC13085467,decoy (no answer),surgery_derm_id,PMCID,PMC13085467,10.1186/s12879-026-13324-4,Landouzy sepsis in a young adult with multiorgan failure: successful ECMO-assisted management using an individualized antituberculous regimen,BMC infectious diseases,2026,https://www.ncbi.nlm.nih.gov/pmc/articles/PMC13085467/
PMC13085879,decoy (no answer),neurology_non_epilepsy,PMCID,PMC13085879,10.7150/ijbs.128204,LINC-EPS Protects Against Neurodegeneration by Driving a PGC-1α-Mediated Anti-Ferroptosis Program in Parkinson's Disease,International journal of biological sciences,2026,https://www.ncbi.nlm.nih.gov/pmc/articles/PMC13085879/
PMC13085967,decoy (no answer),surgery_derm_id,PMCID,PMC13085967,10.4314/ejhs.v35i1.9S,"Lung Function Assessment Among Patients Previously Treated for Pulmonary Tuberculosis at Tikur Anbessa Specialized Hospital, Addis Ababa, Ethiopia",Ethiopian journal of health sciences,2025,https://www.ncbi.nlm.nih.gov/pmc/articles/PMC13085967/
PMC13085971,decoy (no answer),internal_medicine,PMCID,PMC13085971,10.4314/ejhs.v35i1.4S,"The Establishment of a Registry of Respiratory Patients Attending Tikur Anbessa Specialized Hospital, Addis Ababa, Ethiopia: A Feasibility Study",Ethiopian journal of health sciences,2025,https://www.ncbi.nlm.nih.gov/pmc/articles/PMC13085971/
PMC13085972,decoy (no answer),internal_medicine,PMCID,PMC13085972,10.4314/ejhs.v35i1.3S,Reliability of the Amharic Version of the Medication Adherence Report Scale and Beliefs about Medicines Questionnaire in Patients with Asthma in Ethiopia,Ethiopian journal of health sciences,2025,https://www.ncbi.nlm.nih.gov/pmc/articles/PMC13085972/
PMC13086423,decoy (no answer),neurology_non_epilepsy,PMCID,PMC13086423,10.1371/journal.pone.0341248,Effect of a 3-week program of cane training and use on gait of individuals with Parkinson's disease: Protocol for a randomized controlled trial,PloS one,2026,https://www.ncbi.nlm.nih.gov/pmc/articles/PMC13086423/
PMC13086570,decoy (no answer),oncology_endo_cardio,PMCID,PMC13086570,10.1002/cam4.71742,Immunotherapy in Thyroid Cancer: Current Strategies and Challenges,Cancer medicine,2026,https://www.ncbi.nlm.nih.gov/pmc/articles/PMC13086570/
PMC13086677,decoy (no answer),internal_medicine,PMCID,PMC13086677,10.1007/s00330-025-12188-7,"Quantitative CT of emphysema, wall thickness and mucus plugs in alpha-1-antitrypsin deficiency: relationship to clinical outcomes",European radiology,2026,https://www.ncbi.nlm.nih.gov/pmc/articles/PMC13086677/
PMC13086962,decoy (no answer),surgery_derm_id,PMCID,PMC13086962,10.2340/actadv.v106.adv-2025-0183,Efficacy and Safety of Xeligekimab Compared to Other IL-17A Inhibitors for Chinese Patients with Moderate-to-severe Plaque Psoriasis: A Matching-adjusted Indirect Comparisons,Acta dermato-venereologica,2026,https://www.ncbi.nlm.nih.gov/pmc/articles/PMC13086962/
PMC13087166,decoy (no answer),neurology_non_epilepsy,PMCID,PMC13087166,10.1177/15459683261416432,Pelvic Floor Dysfunction and Rehabilitation in Neurological Disorders: Bridging Pathophysiology With Multidisciplinary Approaches-A Focused Mini-Review,Neurorehabilitation and neural repair,2026,https://www.ncbi.nlm.nih.gov/pmc/articles/PMC13087166/
PMC13087210,decoy (no answer),oncology_endo_cardio,PMCID,PMC13087210,10.1038/s41598-026-43703-5,Prognostic impact of neurological dysfunction assessed by modified Rankin Scale in acute myocardial infarction,Scientific reports,2026,https://www.ncbi.nlm.nih.gov/pmc/articles/PMC13087210/
PMC13087371,decoy (no answer),internal_medicine,PMCID,PMC13087371,10.1177/14799731261443321,Comparative assessment of ChatGPT and Gemini answers to common chronic obstructive pulmonary disease questions: An expert panel evaluation by pulmonologists,Chronic respiratory disease,2026,https://www.ncbi.nlm.nih.gov/pmc/articles/PMC13087371/
PMC13087434,decoy (no answer),internal_medicine,PMCID,PMC13087434,10.1002/cns.70875,"Chronic Cerebral Hypoxia and Cognitive Impairment: A Systematic Review and Meta-Analysis Based on Chronic Mountain Sickness, Anemia, Chronic Obstructive Pulmonary Disease, and Obstructive Sleep Apnea",CNS neuroscience & therapeutics,2026,https://www.ncbi.nlm.nih.gov/pmc/articles/PMC13087434/
PMC13087554,decoy (no answer),internal_medicine,PMCID,PMC13087554,10.2196/85766,"A Personalized, Home-Based, Multidisciplinary Outpatient Clinic for Managing Breathlessness in Chronic Obstructive Pulmonary Disease: Protocol for a Single-Arm, Mixed-Methods Cohort Study",JMIR research protocols,2026,https://www.ncbi.nlm.nih.gov/pmc/articles/PMC13087554/
PMC13087762,decoy (no answer),surgery_derm_id,PMCID,PMC13087762,10.1016/j.jlr.2026.101016,Herring roe PLs promote SPM biosynthesis in macrophages and a keratinocyte/fibroblast coculture as a model of psoriasis,Journal of lipid research,2026,https://www.ncbi.nlm.nih.gov/pmc/articles/PMC13087762/
PMC13087817,decoy (no answer),neurology_non_epilepsy,PMCID,PMC13087817,10.1001/jamanetworkopen.2026.2744,"Regular Metronome, Fractal Metronome, and Music for Parkinson Gait",JAMA network open,2026,https://www.ncbi.nlm.nih.gov/pmc/articles/PMC13087817/
PMC13088080,decoy (no answer),oncology_endo_cardio,PMCID,PMC13088080,10.3892/mmr.2026.13874,Mechanism of and research progress on alterations in the RET gene in thyroid cancer (Review),Molecular medicine reports,2026,https://www.ncbi.nlm.nih.gov/pmc/articles/PMC13088080/
PMC13088086,decoy (no answer),surgery_derm_id,PMCID,PMC13088086,10.3892/mmr.2026.13873,Current research progress on extracellular vesicles derived from mesenchymal stem cells in tuberculosis treatment (Review),Molecular medicine reports,2026,https://www.ncbi.nlm.nih.gov/pmc/articles/PMC13088086/
PMC13088415,decoy (no answer),surgery_derm_id,PMCID,PMC13088415,10.1186/s12879-026-12843-4,Parametric Bayesian modelling of tuberculosis mortality determinants and facility level heterogeneity effect using Gamma and Gaussian shared frailty techniques,BMC infectious diseases,2026,https://www.ncbi.nlm.nih.gov/pmc/articles/PMC13088415/
PMC13088721,decoy (no answer),surgery_derm_id,PMCID,PMC13088721,10.1186/s12865-026-00824-w,Analysis of immune cytokines and cell surface markers in FFPE biopsy samples from patients with suspected endometrial and lymph Node Tuberculosis,BMC immunology,2026,https://www.ncbi.nlm.nih.gov/pmc/articles/PMC13088721/
PMC13088757,decoy (no answer),neurology_non_epilepsy,PMCID,PMC13088757,10.1002/adhm.202504951,Engineered ETS1-Nanoconjugate Restores Immune Homeostasis through Dual Immune-Vascular Modulation in Relapsing and Progressive Multiple Sclerosis,Advanced healthcare materials,2026,https://www.ncbi.nlm.nih.gov/pmc/articles/PMC13088757/
PMC13088766,decoy (no answer),neurology_non_epilepsy,PMCID,PMC13088766,10.1186/s13063-026-09623-5,"The COMPEX-trial: computer-based cognitive rehabilitation to improve executive function versus unspecific training in patients after stroke, cardiac arrest or in Parkinson's disease: study protocol for a randomized controlled trial",Trials,2026,https://www.ncbi.nlm.nih.gov/pmc/articles/PMC13088766/
PMC13088975,decoy (no answer),neurology_non_epilepsy,PMCID,PMC13088975,10.1111/ene.70525,A Novel 3D Semi-Automated Full Quantification Technique for Detection of Intraneural Phospho-α-Synuclein in Skin Biopsies,European journal of neurology,2026,https://www.ncbi.nlm.nih.gov/pmc/articles/PMC13088975/
PMC13088977,decoy (no answer),neurology_non_epilepsy,PMCID,PMC13088977,10.1111/ene.70595,Erythrocyte Fragility in Progressive Multiple Sclerosis,European journal of neurology,2026,https://www.ncbi.nlm.nih.gov/pmc/articles/PMC13088977/
PMC13089239,decoy (no answer),internal_medicine,PMCID,PMC13089239,10.2147/COPD.S590822,A Nomogram for Predicting 5-Year Risk of New-Onset Type 2 Diabetes in Patients with COPD: A Two-Center Retrospective Cohort Study,International journal of chronic obstructive pulmonary disease,2026,https://www.ncbi.nlm.nih.gov/pmc/articles/PMC13089239/
PMC13089266,decoy (no answer),internal_medicine,PMCID,PMC13089266,10.2147/COPD.S595107,"Mechanical Forces and Mechanotransduction in COPD: Pathogenesis, Clinical Phenotypes, and Therapeutic Implications",International journal of chronic obstructive pulmonary disease,2026,https://www.ncbi.nlm.nih.gov/pmc/articles/PMC13089266/
PMC13089800,decoy (no answer),internal_medicine,PMCID,PMC13089800,10.2196/80500,Comparing Pulmonary Telerehabilitation and Center-Based Pulmonary Rehabilitation for Effectiveness and Adherence in Chronic Obstructive Pulmonary Disease: Systematic Review and Meta-Analysis of Randomized Controlled Trials,Journal of medical Internet research,2026,https://www.ncbi.nlm.nih.gov/pmc/articles/PMC13089800/
PMC13089898,decoy (no answer),surgery_derm_id,PMCID,PMC13089898,10.1371/journal.ppat.1013974,The ubiquitin ligase CBL and Fas-associated factor 2 cooperate to regulate the innate immune response to M. tuberculosis,PLoS pathogens,2026,https://www.ncbi.nlm.nih.gov/pmc/articles/PMC13089898/
PMC13090135,decoy (no answer),surgery_derm_id,PMCID,PMC13090135,10.1111/jocd.70842,High Curl Pattern Hair and Scalp Care Considerations to Mitigate Seborrheic Dermatitis,Journal of cosmetic dermatology,2026,https://www.ncbi.nlm.nih.gov/pmc/articles/PMC13090135/
PMC13090278,decoy (no answer),oncology_endo_cardio,PMCID,PMC13090278,10.1007/s00595-025-03126-7,Trends in thyroid surgery in Japan from 2014 to 2023: report on the National Clinical Database,Surgery today,2026,https://www.ncbi.nlm.nih.gov/pmc/articles/PMC13090278/
PMC13090432,decoy (no answer),internal_medicine,PMCID,PMC13090432,10.1111/pai.70351,Western dietary pattern during pregnancy and early childhood increases risk of childhood asthma dependent on socioeconomic status,Pediatric allergy and immunology : official publication of the European Society of Pediatric Allergy and Immunology,2026,https://www.ncbi.nlm.nih.gov/pmc/articles/PMC13090432/
PMC13090538,decoy (no answer),oncology_endo_cardio,PMCID,PMC13090538,10.1155/humu/3656018,SPP1 as a Critical Regulator of Cardiac Cell Reprogramming Following Myocardial Infarction Through Single-Cell Transcriptomic Analysis,Human mutation,2026,https://www.ncbi.nlm.nih.gov/pmc/articles/PMC13090538/
PMC13091645,decoy (no answer),internal_medicine,PMCID,PMC13091645,10.1002/ppul.71629,The Burden of Laryngeal Cleft in Children With Refractory Asthma: A 10-Year Multicenter Experience,Pediatric pulmonology,2026,https://www.ncbi.nlm.nih.gov/pmc/articles/PMC13091645/
PMC13091724,decoy (no answer),neurology_non_epilepsy,PMCID,PMC13091724,10.1111/ene.70605,Assessing Optic Nerve Involvement in Multiple Sclerosis Using Optical Coherence Tomography and Magnetic Resonance Imaging,European journal of neurology,2026,https://www.ncbi.nlm.nih.gov/pmc/articles/PMC13091724/
PMC13091807,decoy (no answer),neurology_non_epilepsy,PMCID,PMC13091807,10.1007/s10439-025-03943-4,Cycle Metrics and Strategy Detection for Automated Chair Sit-to-Stand Test Analysis Employing a Single Smartphone,Annals of biomedical engineering,2026,https://www.ncbi.nlm.nih.gov/pmc/articles/PMC13091807/
PMC13091909,decoy (no answer),internal_medicine,PMCID,PMC13091909,10.1038/s41598-026-47822-x,Distinct long-term effects on lung function and airway remodeling in ovalbumin and house dust mite mouse models of experimental asthma,Scientific reports,2026,https://www.ncbi.nlm.nih.gov/pmc/articles/PMC13091909/
PMC13091957,decoy (no answer),internal_medicine,PMCID,PMC13091957,10.1111/jch.70260,Associations of Neprilysin and Its Coding Gene Variation With Hypertension in Chinese Adults,"Journal of clinical hypertension (Greenwich, Conn.)",2026,https://www.ncbi.nlm.nih.gov/pmc/articles/PMC13091957/
PMC13092106,decoy (no answer),internal_medicine,PMCID,PMC13092106,10.5144/0256-4947.2026.111,Genetic analysis and clinical phenotype of pulmonary arterial hypertension in an Algerian population,Annals of Saudi medicine,2026,https://www.ncbi.nlm.nih.gov/pmc/articles/PMC13092106/
PMC13092302,decoy (no answer),oncology_endo_cardio,PMCID,PMC13092302,10.47162/RJME.66.4.14,Primary NOS carcinoma arising in a lingual ectopic thyroid: diagnostic strategy and multidisciplinary management,Romanian journal of morphology and embryology = Revue roumaine de morphologie et embryologie,2025,https://www.ncbi.nlm.nih.gov/pmc/articles/PMC13092302/
PMC13092342,decoy (no answer),oncology_endo_cardio,PMCID,PMC13092342,10.1002/cnr2.70553,CHI3L1 Is Associated With TP53 Signaling and Promotes Papillary Thyroid Carcinoma Progression,"Cancer reports (Hoboken, N.J.)",2026,https://www.ncbi.nlm.nih.gov/pmc/articles/PMC13092342/
PMC13092450,decoy (no answer),internal_medicine,PMCID,PMC13092450,10.2147/COPD.S585819,Predictive Value of the COPD Assessment Test Combined with Five-Repetition Sit-to-Stand Test for Impaired Exercise Tolerance in Primary Care COPD Patients: A Comparative Study with Cardiopulmonary Exercise Testing,International journal of chronic obstructive pulmonary disease,2026,https://www.ncbi.nlm.nih.gov/pmc/articles/PMC13092450/
PMC13092503,decoy (no answer),internal_medicine,PMCID,PMC13092503,10.1111/hex.70673,From Co-Design to Quality Improvement: Using the Double Diamond Framework to Develop Primary Care Redesign Priorities for Hypertension Care,Health expectations : an international journal of public participation in health care and health policy,2026,https://www.ncbi.nlm.nih.gov/pmc/articles/PMC13092503/
PMC13092528,decoy (no answer),neurology_non_epilepsy,PMCID,PMC13092528,10.1007/s00415-026-13802-4,Predicting disease progression in multiple sclerosis with clinically accessible information and technology,Journal of neurology,2026,https://www.ncbi.nlm.nih.gov/pmc/articles/PMC13092528/
PMC13092811,decoy (no answer),oncology_endo_cardio,PMCID,PMC13092811,10.1093/ageing/afag103,Prevalence and prognostic relevance of perioperative myocardial injury/infarction after major noncardiac surgery in older patients,Age and ageing,2026,https://www.ncbi.nlm.nih.gov/pmc/articles/PMC13092811/
PMC13093061,decoy (no answer),internal_medicine,PMCID,PMC13093061,10.1002/clc.70254,The Effect of Cranberry Consumption on Blood Pressure: A Systematic Review and Meta-Analysis of Randomized Controlled Trials,Clinical cardiology,2026,https://www.ncbi.nlm.nih.gov/pmc/articles/PMC13093061/
PMC13093441,decoy (no answer),internal_medicine,PMCID,PMC13093441,10.1002/clc.70277,Exploring the Application Value of Magnetocardiography in Detecting Pulmonary Hypertension: A Noninvasive and Visual Approach,Clinical cardiology,2026,https://www.ncbi.nlm.nih.gov/pmc/articles/PMC13093441/
PMC13093624,decoy (no answer),oncology_endo_cardio,PMCID,PMC13093624,10.1002/cam4.71688,Hypothyroidism as Prognostic Factor in Cutaneous Melanoma: A 1553-Patient Single-Center Study,Cancer medicine,2026,https://www.ncbi.nlm.nih.gov/pmc/articles/PMC13093624/
PMC13093696,decoy (no answer),neurology_non_epilepsy,PMCID,PMC13093696,10.1111/ene.70573,Paramagnetic Rim Lesions in Highly Active Multiple Sclerosis at the Time of Disease Diagnosis: Prevalence Data and Clinical Implications,European journal of neurology,2026,https://www.ncbi.nlm.nih.gov/pmc/articles/PMC13093696/
PMC13093712,decoy (no answer),neurology_non_epilepsy,PMCID,PMC13093712,10.1002/cns.70842,SYNGR3 Accelerates α-Synuclein Aggregation and Neurodegeneration in Parkinson's Disease,CNS neuroscience & therapeutics,2026,https://www.ncbi.nlm.nih.gov/pmc/articles/PMC13093712/
PMC13093727,decoy (no answer),surgery_derm_id,PMCID,PMC13093727,10.1111/crj.70175,D-Dimer: A Mediator of the Association Between Lymphocyte and Dissemination of Pulmonary Tuberculosis: A Retrospective Cohort Study,The clinical respiratory journal,2026,https://www.ncbi.nlm.nih.gov/pmc/articles/PMC13093727/
PMC13093808,decoy (no answer),internal_medicine,PMCID,PMC13093808,10.1002/brb3.71305,The Chain Mediating Effect of Instrumental Activities of Daily Living and Regular Exercise in the Relationship Between Physical Performance and Cognitive Function Among Older Adults Comorbid With Diabetes Mellitus and Hypertension,Brain and behavior,2026,https://www.ncbi.nlm.nih.gov/pmc/articles/PMC13093808/
PMC13093837,decoy (no answer),neurology_non_epilepsy,PMCID,PMC13093837,10.1111/ene.70571,Long-Term Improvements Following Initial Migraine Response in Eptinezumab-Treated Participants With Migraine for Whom 2-4 Prior Preventive Treatments Have Failed,European journal of neurology,2026,https://www.ncbi.nlm.nih.gov/pmc/articles/PMC13093837/
PMC13093852,decoy (no answer),oncology_endo_cardio,PMCID,PMC13093852,10.1002/cnr2.70519,An In-Depth Evaluation of CD15 Expression in Thyroid Carcinoma: A Comprehensive Systematic Review,"Cancer reports (Hoboken, N.J.)",2026,https://www.ncbi.nlm.nih.gov/pmc/articles/PMC13093852/
PMC13093872,decoy (no answer),surgery_derm_id,PMCID,PMC13093872,10.2340/actadv.v106.adv-2025-0024,An Exploratory Study to Identify Factors Associated with Recurrence of Generalized Pustular Psoriasis Flares in Adult Patients in Japan,Acta dermato-venereologica,2026,https://www.ncbi.nlm.nih.gov/pmc/articles/PMC13093872/
PMC13093897,decoy (no answer),neurology_non_epilepsy,PMCID,PMC13093897,10.1002/brb3.71394,Predicting Dietary Impact on Multiple Sclerosis-Related Symptoms With the Gut Microbiome: A Pilot Study Using Unsupervised Machine Learning,Brain and behavior,2026,https://www.ncbi.nlm.nih.gov/pmc/articles/PMC13093897/
PMC13094560,decoy (no answer),internal_medicine,PMCID,PMC13094560,10.2147/COPD.S588120,"Mendelian Randomization Study in East Asian Populations Supports the Causal Relationship Between Blood Metabolites and COPD: Insights from Amino Acids, Phospholipids, Vitamin D, and Trace Elements",International journal of chronic obstructive pulmonary disease,2026,https://www.ncbi.nlm.nih.gov/pmc/articles/PMC13094560/
PMC13094730,decoy (no answer),internal_medicine,PMCID,PMC13094730,10.1016/j.jaci.2025.03.005,Observational birth cohorts for causal and predictive inference: The example of childhood asthma and allergic diseases,The Journal of allergy and clinical immunology,2025,https://www.ncbi.nlm.nih.gov/pmc/articles/PMC13094730/
PMC13094808,decoy (no answer),internal_medicine,PMCID,PMC13094808,10.15446/rsap.V27n1.109946,"[Overweight, obesity and factors associated with health in hypertensive afro-descendants living in a Quilombola community in BrazilSobrepeso, obesidad y factores asociados a la salud en afrodescendientes hipertensos residentes en una comunidad Quilombola en Brasil]","Revista de salud publica (Bogota, Colombia)",2025,https://www.ncbi.nlm.nih.gov/pmc/articles/PMC13094808/
PMC13094839,decoy (no answer),surgery_derm_id,PMCID,PMC13094839,10.3201/eid3204.251947,"Transmissibility and Disease Progression of Asymptomatic Mycobacterium tuberculosis Infection, Lima, Peru",Emerging infectious diseases,2026,https://www.ncbi.nlm.nih.gov/pmc/articles/PMC13094839/
PMC13094977,decoy (no answer),surgery_derm_id,PMCID,PMC13094977,10.1371/journal.pone.0347022,Multi-level determinants of tuberculosis treatment completion in rural Uganda: A cross-sectional study,PloS one,2026,https://www.ncbi.nlm.nih.gov/pmc/articles/PMC13094977/
PMC13095007,decoy (no answer),surgery_derm_id,PMCID,PMC13095007,10.1371/journal.pone.0347536,Identification and clinical implications of immune-related hub genes in psoriasis,PloS one,2026,https://www.ncbi.nlm.nih.gov/pmc/articles/PMC13095007/
PMC13095048,decoy (no answer),internal_medicine,PMCID,PMC13095048,10.2196/81307,"WhatsApp-Led mHealth Intervention for Hypertension Management Among Adults Aged 40 to 59 Years in Kerala, India: Protocol for a Mixed Methods Study",JMIR research protocols,2026,https://www.ncbi.nlm.nih.gov/pmc/articles/PMC13095048/
PMC13095119,decoy (no answer),internal_medicine,PMCID,PMC13095119,10.1371/journal.pone.0346934,"Primary health care interventions targeting diabetes, hypertension or dyslipidemia in Malaysia: A scoping review",PloS one,2026,https://www.ncbi.nlm.nih.gov/pmc/articles/PMC13095119/
PMC13095199,decoy (no answer),oncology_endo_cardio,PMCID,PMC13095199,10.1159/000551240,Neutrophil Heterogeneity after Myocardial Infarction,Journal of innate immunity,2026,https://www.ncbi.nlm.nih.gov/pmc/articles/PMC13095199/
PMC13095252,decoy (no answer),oncology_endo_cardio,PMCID,PMC13095252,10.1097/MD.0000000000045833,Research hotspots and trends in insulin resistance and hypothyroidism: A bibliometric analysis,Medicine,2026,https://www.ncbi.nlm.nih.gov/pmc/articles/PMC13095252/
PMC13095265,decoy (no answer),oncology_endo_cardio,PMCID,PMC13095265,10.1097/MD.0000000000048353,A case of acute myocardial infarction due to left main coronary artery occlusion: Case report,Medicine,2026,https://www.ncbi.nlm.nih.gov/pmc/articles/PMC13095265/
PMC13095298,decoy (no answer),neurology_non_epilepsy,PMCID,PMC13095298,10.1097/MD.0000000000048327,Effectiveness of cognitive behavioral therapy for depression in patients with multiple sclerosis: A systematic review and meta-analysis,Medicine,2026,https://www.ncbi.nlm.nih.gov/pmc/articles/PMC13095298/
PMC13095312,decoy (no answer),surgery_derm_id,PMCID,PMC13095312,10.1097/MD.0000000000048278,Trends and determinants of tuberculosis incidence in Turkey: A secondary data analysis,Medicine,2026,https://www.ncbi.nlm.nih.gov/pmc/articles/PMC13095312/
PMC13095337,decoy (no answer),internal_medicine,PMCID,PMC13095337,10.1097/MD.0000000000041364,Saturation effect of anion gap in predicting long-term mortality in critically ill patients with chronic obstructive pulmonary disease (COPD): A retrospective cohort study based on the MIMIC-IV database,Medicine,2026,https://www.ncbi.nlm.nih.gov/pmc/articles/PMC13095337/
PMC13095347,decoy (no answer),neurology_non_epilepsy,PMCID,PMC13095347,10.1212/NXI.0000000000200580,Shared Epitope-Positive HLA Alleles Protect Against Alpha-Synuclein Pathology in a Model of Parkinson Disease,Neurology(R) neuroimmunology & neuroinflammation,2026,https://www.ncbi.nlm.nih.gov/pmc/articles/PMC13095347/
PMC13095348,decoy (no answer),neurology_non_epilepsy,PMCID,PMC13095348,10.1016/j.apmr.2024.09.010,Effects of a 6-Week Treadmill Training With and Without Virtual Reality on Frailty in People With Multiple Sclerosis,Archives of physical medicine and rehabilitation,2025,https://www.ncbi.nlm.nih.gov/pmc/articles/PMC13095348/
PMC13095352,decoy (no answer),internal_medicine,PMCID,PMC13095352,10.1055/a-2748-4843,[Care for uncontrolled asthma in Germany - with focus on Magdeburg and Mannheim regions],Deutsche medizinische Wochenschrift (1946),2026,https://www.ncbi.nlm.nih.gov/pmc/articles/PMC13095352/
PMC13095509,decoy (no answer),oncology_endo_cardio,PMCID,PMC13095509,10.3389/fendo.2026.1763534,Association between goiter and type 2 diabetes in a Chinese population: a cross-sectional study using CHNS data,Frontiers in endocrinology,2026,https://www.ncbi.nlm.nih.gov/pmc/articles/PMC13095509/
PMC13095522,decoy (no answer),surgery_derm_id,PMCID,PMC13095522,10.3389/fimmu.2026.1764014,Single cell transcriptomics reveals dendritic cell subsets in bovine afferent lymph and immune cell-resolved responses to BCG vaccination,Frontiers in immunology,2026,https://www.ncbi.nlm.nih.gov/pmc/articles/PMC13095522/
PMC13095755,decoy (no answer),surgery_derm_id,PMCID,PMC13095755,10.3389/fcimb.2026.1797994,Functional analysis of type VII secretion system links to host immune evasion mechanism in Mycobacterium tuberculosis,Frontiers in cellular and infection microbiology,2026,https://www.ncbi.nlm.nih.gov/pmc/articles/PMC13095755/
PMC13095843,decoy (no answer),internal_medicine,PMCID,PMC13095843,10.3389/fimmu.2026.1815807,Multi-country IgE reactivity determination of isoforms of the Blomia tropicalis mite allergen Blo t 2 revealed a potential biomarker of asthma severity,Frontiers in immunology,2026,https://www.ncbi.nlm.nih.gov/pmc/articles/PMC13095843/
PMC13095933,decoy (no answer),internal_medicine,PMCID,PMC13095933,10.1007/s00431-026-06907-5,Early post-operative hemodynamic recovery in infants with congenital diaphragmatic hernia,European journal of pediatrics,2026,https://www.ncbi.nlm.nih.gov/pmc/articles/PMC13095933/
PMC13096258,decoy (no answer),internal_medicine,PMCID,PMC13096258,10.1038/s41598-026-42224-5,Association between uterine fibroids and hypertension among women of reproductive age in Eastern Sudan: a matched case-control study,Scientific reports,2026,https://www.ncbi.nlm.nih.gov/pmc/articles/PMC13096258/
PMC13096711,decoy (no answer),internal_medicine,PMCID,PMC13096711,10.1002/iid3.70447,How the Asthmatic Patients Handle During War?,"Immunity, inflammation and disease",2026,https://www.ncbi.nlm.nih.gov/pmc/articles/PMC13096711/
PMC13096715,decoy (no answer),surgery_derm_id,PMCID,PMC13096715,10.1002/iid3.70453,"Efficacy, Safety and Immunomodulatory Effect of Intramuscular Injections of Autologous Whole Blood Into Acupoints in Patients With Atopic Dermatitis: A Randomized Controlled Trial","Immunity, inflammation and disease",2026,https://www.ncbi.nlm.nih.gov/pmc/articles/PMC13096715/
PMC13096823,decoy (no answer),internal_medicine,PMCID,PMC13096823,10.2147/COPD.S589904,Pharmacist-Led Integrated Management for Patients with Chronic Obstructive Pulmonary Disease: A Systematic Review and Meta-Analysis,International journal of chronic obstructive pulmonary disease,2026,https://www.ncbi.nlm.nih.gov/pmc/articles/PMC13096823/
PMC13096827,decoy (no answer),internal_medicine,PMCID,PMC13096827,10.2147/COPD.S593903,Comparison of Tools for Nutrition Assessment in Stable Subjects with Chronic Obstructive Pulmonary Disease: Which is the Best Mortality Predictor in Real Clinical Practice?,International journal of chronic obstructive pulmonary disease,2026,https://www.ncbi.nlm.nih.gov/pmc/articles/PMC13096827/
PMC13096874,decoy (no answer),oncology_endo_cardio,PMCID,PMC13096874,10.2174/0115734056360924250106091630,Malignant Risk Assessment of Cystic-solid Thyroid Nodules Based on Multimodal Ultrasound Features: A Systematic Review and Meta-analysis,Current medical imaging,2025,https://www.ncbi.nlm.nih.gov/pmc/articles/PMC13096874/
PMC13096878,decoy (no answer),oncology_endo_cardio,PMCID,PMC13096878,10.2174/0115734056360214250215155608,Significance and Predictive Value of Delphian Lymph Node in Papillary Thyroid Carcinoma,Current medical imaging,2025,https://www.ncbi.nlm.nih.gov/pmc/articles/PMC13096878/
PMC13097171,decoy (no answer),oncology_endo_cardio,PMCID,PMC13097171,10.1080/07853890.2026.2652661,No independent association between lymph node metastasis location and recurrence in papillary thyroid carcinoma: a long-term study,Annals of medicine,2026,https://www.ncbi.nlm.nih.gov/pmc/articles/PMC13097171/
PMC13097269,decoy (no answer),oncology_endo_cardio,PMCID,PMC13097269,10.1530/ETJ-25-0384,Suspected track-site seeding as an isolated deep SH-SCM papillary thyroid carcinoma lesion years after TOETVA,European thyroid journal,2026,https://www.ncbi.nlm.nih.gov/pmc/articles/PMC13097269/
PMC13097320,decoy (no answer),neurology_non_epilepsy,PMCID,PMC13097320,10.1002/iid3.70411,Epstein-Barr Virus Transformed B Cells From Systemic Lupus Erythematosus and Multiple Sclerosis Patients Differ in EBV Lytic and Latency Marker Expression,"Immunity, inflammation and disease",2026,https://www.ncbi.nlm.nih.gov/pmc/articles/PMC13097320/
PMC13097324,decoy (no answer),internal_medicine,PMCID,PMC13097324,10.1111/jch.70238,"Effect of Modular Training on Self-Management, Disease, and Treatment Adaptation in Individuals With Hypertension: A Randomized Controlled Trial","Journal of clinical hypertension (Greenwich, Conn.)",2026,https://www.ncbi.nlm.nih.gov/pmc/articles/PMC13097324/
PMC13097353,decoy (no answer),oncology_endo_cardio,PMCID,PMC13097353,10.1002/jev2.70254,"The Fatty Acid Transporter CD36 Mediates Uptake, Biodistribution, and Cardioprotection by Small Extracellular Vesicles From HEK293 Cells",Journal of extracellular vesicles,2026,https://www.ncbi.nlm.nih.gov/pmc/articles/PMC13097353/
PMC13097381,decoy (no answer),internal_medicine,PMCID,PMC13097381,10.1111/jch.70230,TREAT: A Multicentre Cross-sectional TReatment Evaluation of Apparent Resistant hyperTension in Belgium,"Journal of clinical hypertension (Greenwich, Conn.)",2026,https://www.ncbi.nlm.nih.gov/pmc/articles/PMC13097381/
PMC13097457,decoy (no answer),oncology_endo_cardio,PMCID,PMC13097457,10.1111/jcmm.71099,An Integrated Evaluation Framework for Adult Heart Regeneration,Journal of cellular and molecular medicine,2026,https://www.ncbi.nlm.nih.gov/pmc/articles/PMC13097457/
PMC13097489,decoy (no answer),surgery_derm_id,PMCID,PMC13097489,10.1002/iid3.70397,Repeated Episodes of GPP Induced by Respiratory Infections Are Mediated by Loss-of-Function IFIH1,"Immunity, inflammation and disease",2026,https://www.ncbi.nlm.nih.gov/pmc/articles/PMC13097489/
PMC13097518,decoy (no answer),internal_medicine,PMCID,PMC13097518,10.1111/jch.70235,Prevalence of Hypertension in Venezuela: A Systematic Review and Meta-Analysis,"Journal of clinical hypertension (Greenwich, Conn.)",2026,https://www.ncbi.nlm.nih.gov/pmc/articles/PMC13097518/
PMC13097607,decoy (no answer),surgery_derm_id,PMCID,PMC13097607,10.1002/iid3.70413,"The Level and Clinical Significance of B Lymphocytes and Immune Molecules (IL-4, IL-10, BAFF, and IgD) in Psoriasis","Immunity, inflammation and disease",2026,https://www.ncbi.nlm.nih.gov/pmc/articles/PMC13097607/
PMC13097844,decoy (no answer),neurology_non_epilepsy,PMCID,PMC13097844,10.1186/s10194-026-02329-8,Prefrontal dysregulation of interoceptive and emotional processing in episodic migraine: a task-based fMRI study,The journal of headache and pain,2026,https://www.ncbi.nlm.nih.gov/pmc/articles/PMC13097844/
PMC13098208,decoy (no answer),surgery_derm_id,PMCID,PMC13098208,10.1128/msystems.01563-25,The respiratory microbiome in pulmonary tuberculosis: a meta-analysis reveals niche-specific microbial and functional signatures,mSystems,2026,https://www.ncbi.nlm.nih.gov/pmc/articles/PMC13098208/
PMC13098958,decoy (no answer),surgery_derm_id,PMCID,PMC13098958,10.1371/journal.ppat.1014054,Context-specific roles for IL-17 in tuberculosis,PLoS pathogens,2026,https://www.ncbi.nlm.nih.gov/pmc/articles/PMC13098958/
PMC13098967,decoy (no answer),internal_medicine,PMCID,PMC13098967,10.1371/journal.pone.0333566,Relationship between hypertension during dialysis and body composition in non-overweight/overweight obese patients,PloS one,2026,https://www.ncbi.nlm.nih.gov/pmc/articles/PMC13098967/
PMC13099102,decoy (no answer),oncology_endo_cardio,PMCID,PMC13099102,10.1371/journal.pone.0347203,A hybrid CNN-XLSTM-GRU deep learning model with autoencoder-based feature selection for hypothyroidism diagnosis,PloS one,2026,https://www.ncbi.nlm.nih.gov/pmc/articles/PMC13099102/
PMC13099189,decoy (no answer),oncology_endo_cardio,PMCID,PMC13099189,10.1210/clinem/dgaf655,"Secukinumab in Moderate-to-Severe Graves Orbitopathy: A Randomized, Double-Blind, Placebo-Controlled, Multicenter Study",The Journal of clinical endocrinology and metabolism,2026,https://www.ncbi.nlm.nih.gov/pmc/articles/PMC13099189/
PMC13099200,decoy (no answer),oncology_endo_cardio,PMCID,PMC13099200,10.1210/clinem/dgag054,Approach to the patient with thyroid storm,The Journal of clinical endocrinology and metabolism,2026,https://www.ncbi.nlm.nih.gov/pmc/articles/PMC13099200/
PMC13099204,decoy (no answer),oncology_endo_cardio,PMCID,PMC13099204,10.1210/clinem/dgaf639,Tumor-infiltrating T Lymphocytes Recognize Thyroid-specific Proteins and Neo-antigens in Follicular Cell-derived Thyroid Cancers,The Journal of clinical endocrinology and metabolism,2026,https://www.ncbi.nlm.nih.gov/pmc/articles/PMC13099204/
PMC13099205,decoy (no answer),oncology_endo_cardio,PMCID,PMC13099205,10.1210/clinem/dgaf611,Mid-to Long-term Outcomes After Single Radiofrequency Ablation of Nontoxic and Toxic Thyroid Nodules,The Journal of clinical endocrinology and metabolism,2026,https://www.ncbi.nlm.nih.gov/pmc/articles/PMC13099205/
PMC13099211,decoy (no answer),oncology_endo_cardio,PMCID,PMC13099211,10.1210/clinem/dgaf642,Parity as a Risk Factor for Differentiated Thyroid Carcinoma: A Population-based Study,The Journal of clinical endocrinology and metabolism,2026,https://www.ncbi.nlm.nih.gov/pmc/articles/PMC13099211/
PMC13099700,decoy (no answer),neurology_non_epilepsy,PMCID,PMC13099700,10.1007/s10926-025-10279-2,What Predicts Changes in the Work Situation of Recently Diagnosed People with Multiple Sclerosis and do these Predictors also Apply to Healthy People?,Journal of occupational rehabilitation,2026,https://www.ncbi.nlm.nih.gov/pmc/articles/PMC13099700/
PMC13099722,decoy (no answer),oncology_endo_cardio,PMCID,PMC13099722,10.1007/s12094-025-04122-6,Clinical and treatment patterns of advanced and radioiodine-refractory differentiated thyroid cancer. ERUDIT study,Clinical & translational oncology : official publication of the Federation of Spanish Oncology Societies and of the National Cancer Institute of Mexico,2026,https://www.ncbi.nlm.nih.gov/pmc/articles/PMC13099722/
PMC13099759,decoy (no answer),internal_medicine,PMCID,PMC13099759,10.3389/fpubh.2026.1794111,The interplay between knowledge and self-efficacy in hypertension management: a cross-sectional analysis of lifestyle factors among Saudi patients,Frontiers in public health,2026,https://www.ncbi.nlm.nih.gov/pmc/articles/PMC13099759/
PMC13099980,decoy (no answer),oncology_endo_cardio,PMCID,PMC13099980,10.1038/s41598-026-43230-3,Innovative fusion models: elevating preoperative gross ETE prediction in thyroid cancer patients,Scientific reports,2026,https://www.ncbi.nlm.nih.gov/pmc/articles/PMC13099980/
PMC13100123,decoy (no answer),surgery_derm_id,PMCID,PMC13100123,10.1038/s41467-026-70000-6,Discovery of an ITK and TRK kinase inhibitor for the potential topical treatment of atopic dermatitis,Nature communications,2026,https://www.ncbi.nlm.nih.gov/pmc/articles/PMC13100123/
PMC13100312,decoy (no answer),internal_medicine,PMCID,PMC13100312,10.2147/COPD.S591999,Beyond the Lungs: A Narrative Review of Cardiopulmonary Risk Reduction and Management Perspectives in Thai COPD Patients,International journal of chronic obstructive pulmonary disease,2026,https://www.ncbi.nlm.nih.gov/pmc/articles/PMC13100312/
PMC13100317,decoy (no answer),neurology_non_epilepsy,PMCID,PMC13100317,10.1038/s41598-026-43240-1,The efficacy of disease-modifying therapies in patients with clinically isolated syndrome: a systematic review and network meta-analysis,Scientific reports,2026,https://www.ncbi.nlm.nih.gov/pmc/articles/PMC13100317/
PMC13100318,decoy (no answer),neurology_non_epilepsy,PMCID,PMC13100318,10.1177/13524585261438014,Cardiovascular comorbidities are associated with cross-sectional and longitudinal measures of multiple sclerosis fatigue,"Multiple sclerosis (Houndmills, Basingstoke, England)",2026,https://www.ncbi.nlm.nih.gov/pmc/articles/PMC13100318/
PMC13100324,decoy (no answer),neurology_non_epilepsy,PMCID,PMC13100324,10.1177/13524585261437966,Impact of cancer on multiple sclerosis-related healthcare and disease-modifying drug use: A multinational cohort study,"Multiple sclerosis (Houndmills, Basingstoke, England)",2026,https://www.ncbi.nlm.nih.gov/pmc/articles/PMC13100324/
PMC13100325,decoy (no answer),neurology_non_epilepsy,PMCID,PMC13100325,10.1177/13524585261424136,AI-enabled Living Labs: Accelerating innovation in multiple sclerosis care and research,"Multiple sclerosis (Houndmills, Basingstoke, England)",2026,https://www.ncbi.nlm.nih.gov/pmc/articles/PMC13100325/
PMC13100840,decoy (no answer),oncology_endo_cardio,PMCID,PMC13100840,10.1001/jamanetworkopen.2026.7316,Invasive vs Conservative Strategy for Frail Older Patients With Myocardial Infarction: A Secondary Analysis of the SENIOR-RITA Randomized Clinical Trial,JAMA network open,2026,https://www.ncbi.nlm.nih.gov/pmc/articles/PMC13100840/
PMC13100986,decoy (no answer),neurology_non_epilepsy,PMCID,PMC13100986,10.1021/acs.chemrestox.6c00091,"Incense Aerosol-Induced Neurotoxicity Disrupts α-Synuclein Homeostasis in a Cellular Parkinson's Disease Model, Distinct from Cigarette Aerosols",Chemical research in toxicology,2026,https://www.ncbi.nlm.nih.gov/pmc/articles/PMC13100986/
PMC13101678,decoy (no answer),internal_medicine,PMCID,PMC13101678,10.1182/bloodadvances.2025018771,Hypertension affects survival and treatment in chronic lymphocytic leukemia,Blood advances,2026,https://www.ncbi.nlm.nih.gov/pmc/articles/PMC13101678/
PMC13101850,decoy (no answer),internal_medicine,PMCID,PMC13101850,10.1126/sciadv.ady3555,Estimating in silico causal effects of DNA methylation on gene expression through genetic anchors in airway epithelium in asthma,Science advances,2026,https://www.ncbi.nlm.nih.gov/pmc/articles/PMC13101850/
PMC13102140,decoy (no answer),oncology_endo_cardio,PMCID,PMC13102140,10.1002/cncy.70100,"The fascinating history of papillary thyroid carcinoma nuclei: revelation of two nuclear morphologies-""Classical papillary"" and ""papillary-like"", with different pathobiologic characteristics",Cancer cytopathology,2026,https://www.ncbi.nlm.nih.gov/pmc/articles/PMC13102140/
PMC13102244,decoy (no answer),surgery_derm_id,PMCID,PMC13102244,10.1371/journal.pone.0347191,Tracking tuberculosis control using detailed population health and satellite luminosity data: findings from Kazakhstan,PloS one,2026,https://www.ncbi.nlm.nih.gov/pmc/articles/PMC13102244/
PMC13102352,decoy (no answer),neurology_non_epilepsy,PMCID,PMC13102352,10.1097/WNR.0000000000002193,The regulatory role of cell cycle exit and neuronal differentiation 1 in the pathogenesis of Parkinson's disease by regulating the nuclear factor kappa B pathway,Neuroreport,2025,https://www.ncbi.nlm.nih.gov/pmc/articles/PMC13102352/
PMC13102353,decoy (no answer),oncology_endo_cardio,PMCID,PMC13102353,10.1161/CIRCGEN.125.005345,Integrative Proteomic and Lipidomic Analysis of Patients With Acute Myocardial Infarction Treated With PCSK9 Antibodies and Statins,Circulation. Genomic and precision medicine,2026,https://www.ncbi.nlm.nih.gov/pmc/articles/PMC13102353/
PMC13102587,decoy (no answer),surgery_derm_id,PMCID,PMC13102587,10.3389/fpubh.2026.1755479,Diabetes mellitus and its association with tuberculosis clinical presentation and treatment outcomes: results from a prospective cohort study in Ghana,Frontiers in public health,2026,https://www.ncbi.nlm.nih.gov/pmc/articles/PMC13102587/
PMC13102939,decoy (no answer),neurology_non_epilepsy,PMCID,PMC13102939,10.1007/s00415-026-13824-y,Efficacy and safety of monoclonal antibodies in the treatment of relapsing remitting multiple sclerosis: a systematic review,Journal of neurology,2026,https://www.ncbi.nlm.nih.gov/pmc/articles/PMC13102939/
PMC13103137,decoy (no answer),oncology_endo_cardio,PMCID,PMC13103137,10.1007/s10278-025-01584-6,Can Whole-Thyroid-Based CT Radiomics Model Achieve the Performance of Lesion-Based Model in Predicting the Thyroid Nodules Malignancy? - A Comparative Study,Journal of imaging informatics in medicine,2026,https://www.ncbi.nlm.nih.gov/pmc/articles/PMC13103137/
PMC13103267,decoy (no answer),neurology_non_epilepsy,PMCID,PMC13103267,10.1002/brb3.71416,ASL/ALT Ratio in Familial and Sporadic Parkinson's Disease: Insights From Cross-Sectional Logistic Analysis,Brain and behavior,2026,https://www.ncbi.nlm.nih.gov/pmc/articles/PMC13103267/
PMC13103292,decoy (no answer),internal_medicine,PMCID,PMC13103292,10.4314/ejhs.v36i1.3,Epidemiology and Clinical Profile of Aspergillus Hypersensitivity and Allergic Bronchopulmonary Aspergillosis in Children with Asthma: A Hospital-Based Study,Ethiopian journal of health sciences,2026,https://www.ncbi.nlm.nih.gov/pmc/articles/PMC13103292/
PMC13103341,decoy (no answer),neurology_non_epilepsy,PMCID,PMC13103341,10.1177/08919887251397641,"Utility of Baseline Pathological, Neuroimaging and Clinical Markers for Prognosis in Early Parkinson's Disease",Journal of geriatric psychiatry and neurology,2026,https://www.ncbi.nlm.nih.gov/pmc/articles/PMC13103341/
PMC13103473,decoy (no answer),neurology_non_epilepsy,PMCID,PMC13103473,10.1002/brb3.71438,Acupuncture: A Promising Non-Pharmacological Approach to Parkinson's Disease Management,Brain and behavior,2026,https://www.ncbi.nlm.nih.gov/pmc/articles/PMC13103473/
PMC13103642,decoy (no answer),surgery_derm_id,PMCID,PMC13103642,10.2340/actadv.v106.adv-2025-0010,Noninvasive Skin Surface Sampling Identifies Elevated IL-1β and IL-6 in Paediatric Atopic Dermatitis Patients,Acta dermato-venereologica,2026,https://www.ncbi.nlm.nih.gov/pmc/articles/PMC13103642/
PMC13104229,decoy (no answer),surgery_derm_id,PMCID,PMC13104229,10.1186/s12879-026-13058-3,Modelling TB-HIV co-infection and evaluating intervention strategies in Thailand,BMC infectious diseases,2026,https://www.ncbi.nlm.nih.gov/pmc/articles/PMC13104229/
PMC13104320,decoy (no answer),internal_medicine,PMCID,PMC13104320,10.1186/s40168-026-02357-1,Dysbiosis of the nasal microbiome is associated with prospective acute exacerbation of COPD,Microbiome,2026,https://www.ncbi.nlm.nih.gov/pmc/articles/PMC13104320/
PMC13104331,decoy (no answer),surgery_derm_id,PMCID,PMC13104331,10.1186/s12866-026-04928-6,Comparison of stool and gastric content samples analyzed with genexpert ultra for the diagnosis of pulmonary tuberculosis in children under five in Niger: a multi-center diagnostic study,BMC microbiology,2026,https://www.ncbi.nlm.nih.gov/pmc/articles/PMC13104331/
PMC13104432,decoy (no answer),internal_medicine,PMCID,PMC13104432,10.1186/s12916-026-04774-3,The timing of the commencement of pulmonary rehabilitation in hospitalized patients with acute exacerbation of COPD: a systematic review and network meta-analysis,BMC medicine,2026,https://www.ncbi.nlm.nih.gov/pmc/articles/PMC13104432/
PMC13104576,decoy (no answer),internal_medicine,PMCID,PMC13104576,10.1186/s12916-026-04798-9,SPP1(high) fibrogenic macrophages mediate protective fibrotic remodeling and promote vascular stability in hypertension-associated aortic dissection,BMC medicine,2026,https://www.ncbi.nlm.nih.gov/pmc/articles/PMC13104576/
PMC13104627,decoy (no answer),surgery_derm_id,PMCID,PMC13104627,10.1128/jb.00609-25,Mycobacterium tuberculosis as a model system,Journal of bacteriology,2026,https://www.ncbi.nlm.nih.gov/pmc/articles/PMC13104627/
PMC13104747,decoy (no answer),surgery_derm_id,PMCID,PMC13104747,10.25259/IJMR_1854_2025,Artificial intelligence (AI)-driven ensemble model for comprehensive chest X-ray abnormality detection and deployment,The Indian journal of medical research,2026,https://www.ncbi.nlm.nih.gov/pmc/articles/PMC13104747/
PMC13105185,decoy (no answer),oncology_endo_cardio,PMCID,PMC13105185,10.7717/peerj.21108,Impact of left ventricular end-diastolic diameter size within 24 hours of hospital admission on outcome events in patients with ST-elevation myocardial infarction,PeerJ,2026,https://www.ncbi.nlm.nih.gov/pmc/articles/PMC13105185/
PMC13105196,decoy (no answer),neurology_non_epilepsy,PMCID,PMC13105196,10.1212/NXI.0000000000200568,MIF Tautomerase Inhibition Protects Neurons From Immune-Mediated Cell Death,Neurology(R) neuroimmunology & neuroinflammation,2026,https://www.ncbi.nlm.nih.gov/pmc/articles/PMC13105196/
PMC13105342,decoy (no answer),neurology_non_epilepsy,PMCID,PMC13105342,10.1371/journal.pone.0330808,Pause characteristics of sentence production in Parkinson's disease: Insights from sentence complexity and length,PloS one,2026,https://www.ncbi.nlm.nih.gov/pmc/articles/PMC13105342/
PMC13105347,decoy (no answer),internal_medicine,PMCID,PMC13105347,10.1371/journal.pone.0346600,Quantification of pulmonary arterial pressure with 4D flow cardiac MRI velocity mapping in patients with suspected pulmonary hypertension: Comparison with right heart catheterization,PloS one,2026,https://www.ncbi.nlm.nih.gov/pmc/articles/PMC13105347/
PMC13105356,decoy (no answer),internal_medicine,PMCID,PMC13105356,10.1371/journal.pone.0344538,Effects of peppermint (Mentha x piperita L.) oil on cardiometabolic outcomes in patients with pre- and stage 1 hypertension: A placebo randomized controlled trial,PloS one,2026,https://www.ncbi.nlm.nih.gov/pmc/articles/PMC13105356/
PMC13105411,decoy (no answer),neurology_non_epilepsy,PMCID,PMC13105411,10.1016/j.parkreldis.2025.108093,Evidence of central autonomic dysfunction in orthostatic hypotension of Parkinson's disease,Parkinsonism & related disorders,2025,https://www.ncbi.nlm.nih.gov/pmc/articles/PMC13105411/
PMC13105769,decoy (no answer),oncology_endo_cardio,PMCID,PMC13105769,10.1161/CIRCULATIONAHA.125.076101,Macrophage PRMT9 Ameliorates Acute Myocardial Infarction by Promoting Symmetric Dimethylation and Degradation of STAT1,Circulation,2026,https://www.ncbi.nlm.nih.gov/pmc/articles/PMC13105769/
PMC13105818,decoy (no answer),neurology_non_epilepsy,PMCID,PMC13105818,10.1016/j.msard.2025.106780,Ophthalmic conditions in patients with multiple sclerosis,Multiple sclerosis and related disorders,2025,https://www.ncbi.nlm.nih.gov/pmc/articles/PMC13105818/
PMC13105850,decoy (no answer),internal_medicine,PMCID,PMC13105850,10.1111/pai.70326,"Skin barrier-related genes in childhood atopic dermatitis, asthma, and allergy: A systematic review and meta-analysis",Pediatric allergy and immunology : official publication of the European Society of Pediatric Allergy and Immunology,2026,https://www.ncbi.nlm.nih.gov/pmc/articles/PMC13105850/
PMC13105924,decoy (no answer),internal_medicine,PMCID,PMC13105924,10.3389/fpubh.2026.1781362,Anthropometric predictors of hypertension among Moroccan adults: a cross-sectional study,Frontiers in public health,2026,https://www.ncbi.nlm.nih.gov/pmc/articles/PMC13105924/
PMC13106017,decoy (no answer),oncology_endo_cardio,PMCID,PMC13106017,10.3389/fendo.2026.1752405,Predicting central lymph node metastasis in papillary thyroid microcarcinoma: a study of ultrasound and clinical features,Frontiers in endocrinology,2026,https://www.ncbi.nlm.nih.gov/pmc/articles/PMC13106017/
PMC13106028,decoy (no answer),internal_medicine,PMCID,PMC13106028,10.1002/jcsm.70293,Whole Genome Sequence Analysis of Weight Loss in 16 972 Participants With COPD Reveals Novel Risk Loci in DRAIC and RFX3,"Journal of cachexia, sarcopenia and muscle",2026,https://www.ncbi.nlm.nih.gov/pmc/articles/PMC13106028/
PMC13106084,decoy (no answer),oncology_endo_cardio,PMCID,PMC13106084,10.3389/fendo.2026.1800630,An early evaluation of MedSigLIP in thyroid cytology: a comparative frozen-encoder benchmark against ImageNet-pretrained encoders,Frontiers in endocrinology,2026,https://www.ncbi.nlm.nih.gov/pmc/articles/PMC13106084/
PMC13106195,decoy (no answer),internal_medicine,PMCID,PMC13106195,10.3389/fimmu.2026.1817893,Role of IL-5 in eosinophil-associated diseases and prospects for multi-target therapy,Frontiers in immunology,2026,https://www.ncbi.nlm.nih.gov/pmc/articles/PMC13106195/
PMC13106216,decoy (no answer),neurology_non_epilepsy,PMCID,PMC13106216,10.1002/alz.71386,Migraine and the Risk of Dementia in the General Population,Alzheimer's & dementia : the journal of the Alzheimer's Association,2026,https://www.ncbi.nlm.nih.gov/pmc/articles/PMC13106216/
PMC13106305,decoy (no answer),surgery_derm_id,PMCID,PMC13106305,10.3389/fcimb.2026.1771585,Exploring the partial immunological mechanisms of hepatitis B virus reactivation in patients with hepatitis B and tuberculosis,Frontiers in cellular and infection microbiology,2026,https://www.ncbi.nlm.nih.gov/pmc/articles/PMC13106305/
PMC13106394,decoy (no answer),surgery_derm_id,PMCID,PMC13106394,10.3389/fimmu.2026.1795117,Effects of tildrakizumab on circulating T cells in autoreactive psoriatic patients,Frontiers in immunology,2026,https://www.ncbi.nlm.nih.gov/pmc/articles/PMC13106394/
PMC13106556,decoy (no answer),surgery_derm_id,PMCID,PMC13106556,10.3389/fimmu.2026.1790531,CD4(+) and CD8(+) T cells contribute to psoriasis phenotype when integrated into human skin equivalents for drug testing,Frontiers in immunology,2026,https://www.ncbi.nlm.nih.gov/pmc/articles/PMC13106556/
PMC13106602,decoy (no answer),surgery_derm_id,PMCID,PMC13106602,10.3389/fimmu.2026.1788831,Genetic profiling of patients with atopic dermatitis reveals immune and skin barrier variants associated with generalized eczema and optimal response to Dupilumab therapy,Frontiers in immunology,2026,https://www.ncbi.nlm.nih.gov/pmc/articles/PMC13106602/
PMC13106854,decoy (no answer),oncology_endo_cardio,PMCID,PMC13106854,10.2169/internalmedicine.5677-25,Three Siblings Born to the Same Mother with Varying Degrees of Strong Positivity for Blocking Type TSH Receptor Antibodies,"Internal medicine (Tokyo, Japan)",2026,https://www.ncbi.nlm.nih.gov/pmc/articles/PMC13106854/
PMC13106882,decoy (no answer),oncology_endo_cardio,PMCID,PMC13106882,10.1002/ctm2.70662,Macrophage Cluster of Differentiation 163 promotes post-infarction cardiac repair and preserves left ventricular function via osteopontin,Clinical and translational medicine,2026,https://www.ncbi.nlm.nih.gov/pmc/articles/PMC13106882/
PMC13107008,decoy (no answer),internal_medicine,PMCID,PMC13107008,10.2147/COPD.S578685,Accurate Asthma-COPD Overlap Classification via Deep Transfer Learning in Medical Image Segmentation,International journal of chronic obstructive pulmonary disease,2026,https://www.ncbi.nlm.nih.gov/pmc/articles/PMC13107008/
PMC13107083,decoy (no answer),internal_medicine,PMCID,PMC13107083,10.7189/jogh.16.04132,Elevated gamma-glutamyl transferase levels in early pregnancy increase pregnant women's risk of gestational hypertension and preeclampsia,Journal of global health,2026,https://www.ncbi.nlm.nih.gov/pmc/articles/PMC13107083/
PMC13107393,decoy (no answer),neurology_non_epilepsy,PMCID,PMC13107393,10.2340/jrm.v58.44906,Beyond spasticity reduction: botulinum toxin-a injection is associated with changes in abnormal flexor synergies of the upper limb in chronic stroke,Journal of rehabilitation medicine,2026,https://www.ncbi.nlm.nih.gov/pmc/articles/PMC13107393/
PMC13107558,decoy (no answer),neurology_non_epilepsy,PMCID,PMC13107558,10.1093/ije/dyag059,Dental-amalgam exposure and the risk and progression of multiple sclerosis,International journal of epidemiology,2026,https://www.ncbi.nlm.nih.gov/pmc/articles/PMC13107558/
PMC13107584,decoy (no answer),internal_medicine,PMCID,PMC13107584,10.1186/s12872-026-05673-4,Effects of antihypertensive therapy on matrix metalloproteinase-9 levels in controlled hypertensive patients,BMC cardiovascular disorders,2026,https://www.ncbi.nlm.nih.gov/pmc/articles/PMC13107584/
PMC13107898,decoy (no answer),surgery_derm_id,PMCID,PMC13107898,10.1186/s13756-026-01728-5,Evaluation of tuberculosis infection control measures in China's designated medical institutions: a comparative analysis of 2014 and 2022,Antimicrobial resistance and infection control,2026,https://www.ncbi.nlm.nih.gov/pmc/articles/PMC13107898/
PMC13107997,decoy (no answer),internal_medicine,PMCID,PMC13107997,10.12659/MSM.951794,"Divergent Trends in Stroke Subtype Mortality Attributable to High Systolic Blood Pressure in China, 1990 to 2021: An Age-Period-Cohort Analysis and Projection",Medical science monitor : international medical journal of experimental and clinical research,2026,https://www.ncbi.nlm.nih.gov/pmc/articles/PMC13107997/
PMC13108156,decoy (no answer),oncology_endo_cardio,PMCID,PMC13108156,10.1111/eci.70214,Prehospital Risk Stratification Using Unsupervised Machine Learning in STEMI,European journal of clinical investigation,2026,https://www.ncbi.nlm.nih.gov/pmc/articles/PMC13108156/
PMC13108214,decoy (no answer),internal_medicine,PMCID,PMC13108214,10.3390/medsci14020203,The Evolution of Blood Pressure Thresholds and Targets over Time: A Historical Review,"Medical sciences (Basel, Switzerland)",2026,https://www.ncbi.nlm.nih.gov/pmc/articles/PMC13108214/
PMC13108269,decoy (no answer),internal_medicine,PMCID,PMC13108269,10.1093/eschf/xvaf020,"Adaptive blood pressure-modulated atrial pacing in hypertensive HFpEF patients: a randomized, first-in-human study",ESC heart failure,2026,https://www.ncbi.nlm.nih.gov/pmc/articles/PMC13108269/
PMC13108311,decoy (no answer),oncology_endo_cardio,PMCID,PMC13108311,10.1093/eschf/xvag018,Safety and efficacy of early initiation of mineralocorticoid receptor antagonist after an acute decompensated heart failure event or acute myocardial infarction with cardiac dysfunction: a meta-analysis of randomized clinical trials,ESC heart failure,2026,https://www.ncbi.nlm.nih.gov/pmc/articles/PMC13108311/
PMC13108461,decoy (no answer),internal_medicine,PMCID,PMC13108461,10.7717/peerj.21135,"Associations among diet, gut microbiota, and hypertension: a cross-sectional study in Thai subjects",PeerJ,2026,https://www.ncbi.nlm.nih.gov/pmc/articles/PMC13108461/
PMC13108481,decoy (no answer),internal_medicine,PMCID,PMC13108481,10.2147/COPD.S587160,Re-Evaluating the Relationship Between Insulin Resistance and Chronic Obstructive Pulmonary Disease: Evidence from NHANES and Mendelian Randomization,International journal of chronic obstructive pulmonary disease,2026,https://www.ncbi.nlm.nih.gov/pmc/articles/PMC13108481/
PMC13108568,decoy (no answer),surgery_derm_id,PMCID,PMC13108568,10.1126/sciadv.adv6716,Transcobalamin 1 is a keratinocyte-derived autoantigen driving psoriasis through T helper 17 cell activation,Science advances,2026,https://www.ncbi.nlm.nih.gov/pmc/articles/PMC13108568/
PMC13108713,decoy (no answer),surgery_derm_id,PMCID,PMC13108713,10.1002/vms3.70759,Continental Prevalence of Tuberculosis Infection and Associated Risk Factors From African Cattle: Systematic Review and Meta-Analysis,Veterinary medicine and science,2026,https://www.ncbi.nlm.nih.gov/pmc/articles/PMC13108713/
PMC13108815,decoy (no answer),surgery_derm_id,PMCID,PMC13108815,10.1371/journal.pone.0347766,Prevalence of fungal infections in a patient cohort in The Gambia: Identification and characterization of three priority fungal species in patients with symptoms suggestive of TB,PloS one,2026,https://www.ncbi.nlm.nih.gov/pmc/articles/PMC13108815/
PMC13108864,decoy (no answer),internal_medicine,PMCID,PMC13108864,10.1371/journal.ppat.1014158,Cadherin-11 serves as a novel receptor for Fusobacterium nucleatum adhesin FadA to exacerbate pulmonary inflammation,PLoS pathogens,2026,https://www.ncbi.nlm.nih.gov/pmc/articles/PMC13108864/
PMC13108890,decoy (no answer),oncology_endo_cardio,PMCID,PMC13108890,10.1371/journal.pcbi.1013740,In silico assessment of arrhythmic risk following the implantation of engineered heart tissues in porcine hearts with varying infarct locations,PLoS computational biology,2026,https://www.ncbi.nlm.nih.gov/pmc/articles/PMC13108890/
PMC13108908,decoy (no answer),neurology_non_epilepsy,PMCID,PMC13108908,10.1212/NXI.0000000000200578,"Emerging CSF and Serum Biomarkers in Multiple Sclerosis: Cytokines, MOG, GFAP, and Beyond",Neurology(R) neuroimmunology & neuroinflammation,2026,https://www.ncbi.nlm.nih.gov/pmc/articles/PMC13108908/
PMC13109034,decoy (no answer),neurology_non_epilepsy,PMCID,PMC13109034,10.1002/brb3.71350,The Mediating Effect of Inflammatory Biomarkers in the Associations Between Sarcoidosis and Incident Ischemic Stroke: A Prospective Cohort Study,Brain and behavior,2026,https://www.ncbi.nlm.nih.gov/pmc/articles/PMC13109034/
PMC13109035,decoy (no answer),neurology_non_epilepsy,PMCID,PMC13109035,10.1002/brb3.71344,Efficacy and Safety of Glucagon-Like Peptide 1 Receptor Agonists in Parkinson Disease: A Systematic Review and Meta-Analysis,Brain and behavior,2026,https://www.ncbi.nlm.nih.gov/pmc/articles/PMC13109035/
PMC13109179,decoy (no answer),internal_medicine,PMCID,PMC13109179,10.1007/s40265-026-02303-3,"GOLD 2026: Transforming COPD Management with Early Intervention, Multi-dimensional Assessment, and Personalized Care",Drugs,2026,https://www.ncbi.nlm.nih.gov/pmc/articles/PMC13109179/
PMC13109285,decoy (no answer),neurology_non_epilepsy,PMCID,PMC13109285,10.1007/s41999-025-01401-x,Clinically meaningful changes in functional independence among older patients with subacute stroke: estimating the minimal important change using an anchor-based adjusted predictive modeling approach,European geriatric medicine,2026,https://www.ncbi.nlm.nih.gov/pmc/articles/PMC13109285/
PMC13109400,decoy (no answer),oncology_endo_cardio,PMCID,PMC13109400,10.1038/s41401-025-01717-1,Zinc finger BED-type containing 6 (ZBED6) ameliorates cardiac fibrosis by inhibiting Piezo1 transcription and YAP nuclear translocation,Acta pharmacologica Sinica,2026,https://www.ncbi.nlm.nih.gov/pmc/articles/PMC13109400/
PMC13109591,decoy (no answer),neurology_non_epilepsy,PMCID,PMC13109591,10.26508/lsa.202503551,Convergent transcriptomic signature in iPSC-dopaminergic neurons of hereditary Parkinson's disease,Life science alliance,2026,https://www.ncbi.nlm.nih.gov/pmc/articles/PMC13109591/
PMC13109650,decoy (no answer),internal_medicine,PMCID,PMC13109650,10.1111/jch.70203,"A National Hypertension Awareness and Early Screening Initiative: ""Act at 30 - It's Time for Heart Check""","Journal of clinical hypertension (Greenwich, Conn.)",2026,https://www.ncbi.nlm.nih.gov/pmc/articles/PMC13109650/
PMC13109751,decoy (no answer),surgery_derm_id,PMCID,PMC13109751,10.1111/jdv.70250,Rapid improvement of itch with nemolizumab in atopic dermatitis and prurigo nodularis phase 3 studies,Journal of the European Academy of Dermatology and Venereology : JEADV,2026,https://www.ncbi.nlm.nih.gov/pmc/articles/PMC13109751/
PMC13109752,decoy (no answer),surgery_derm_id,PMCID,PMC13109752,10.1111/jdv.70080,Safety and efficacy of nemolizumab for atopic dermatitis up to 2 years in open-label extension study,Journal of the European Academy of Dermatology and Venereology : JEADV,2026,https://www.ncbi.nlm.nih.gov/pmc/articles/PMC13109752/
PMC13109762,decoy (no answer),surgery_derm_id,PMCID,PMC13109762,10.1111/jdv.70165,Efficacy of up to 4 years of tralokinumab in adults with moderate-to-severe atopic dermatitis,Journal of the European Academy of Dermatology and Venereology : JEADV,2026,https://www.ncbi.nlm.nih.gov/pmc/articles/PMC13109762/
PMC13109765,decoy (no answer),surgery_derm_id,PMCID,PMC13109765,10.1111/jdv.70156,Efficacy and safety of brodalumab in palmoplantar pustulosis: A 68-week randomized Phase 3 trial,Journal of the European Academy of Dermatology and Venereology : JEADV,2026,https://www.ncbi.nlm.nih.gov/pmc/articles/PMC13109765/
PMC13109771,decoy (no answer),oncology_endo_cardio,PMCID,PMC13109771,10.1111/apha.70231,Mitochondrial Transplantation as a New Therapeutic Approach Against Cardiac and Renal Consequences in Male Rats With Myocardial Infarction,"Acta physiologica (Oxford, England)",2026,https://www.ncbi.nlm.nih.gov/pmc/articles/PMC13109771/
PMC13109842,decoy (no answer),surgery_derm_id,PMCID,PMC13109842,10.1002/vms3.70957,"Knowledge, Attitudes and Practices of Cattle Owners Towards Bovine Tuberculosis in and Around Nekemte Town, Western Ethiopia",Veterinary medicine and science,2026,https://www.ncbi.nlm.nih.gov/pmc/articles/PMC13109842/
PMC13109886,decoy (no answer),oncology_endo_cardio,PMCID,PMC13109886,10.1186/s13256-026-06062-3,Divergent clinical presentations and management of calcium-sensing receptor (CaSR) mutations: a case report,Journal of medical case reports,2026,https://www.ncbi.nlm.nih.gov/pmc/articles/PMC13109886/
PMC13110033,decoy (no answer),internal_medicine,PMCID,PMC13110033,10.2147/COPD.S594531,Differences in Clinical Characteristics of AECOPD Patients with or without Candida Isolation from the Lower Respiratory Tract,International journal of chronic obstructive pulmonary disease,2026,https://www.ncbi.nlm.nih.gov/pmc/articles/PMC13110033/
PMC13110533,decoy (no answer),neurology_non_epilepsy,PMCID,PMC13110533,10.1136/bmjopen-2025-110976,"Enhancing Quality of Life for Individuals with Stroke (EQL): a study protocol for co-creating a social support and context-informed intervention to improve self-management, health and well-being in older adults recovering at home",BMJ open,2026,https://www.ncbi.nlm.nih.gov/pmc/articles/PMC13110533/
PMC13110539,decoy (no answer),surgery_derm_id,PMCID,PMC13110539,10.1136/bmjopen-2025-115230,Diagnostic accuracy of the Xpert MTB Host-Response assay for tuberculosis disease in adolescents and adults: a systematic review and individual patient data meta-analysis protocol,BMJ open,2026,https://www.ncbi.nlm.nih.gov/pmc/articles/PMC13110539/
PMC13110546,decoy (no answer),internal_medicine,PMCID,PMC13110546,10.1136/bmjopen-2025-110984,Challenges in translating GINA asthma recommendations into practice: a qualitative study of healthcare professionals in Jordan,BMJ open,2026,https://www.ncbi.nlm.nih.gov/pmc/articles/PMC13110546/
PMC13110552,decoy (no answer),surgery_derm_id,PMCID,PMC13110552,10.1136/bmjopen-2025-112100,Psychological predictors of adherence to antiretroviral therapy among people living with HIV in high-income countries: a systematic review protocol,BMJ open,2026,https://www.ncbi.nlm.nih.gov/pmc/articles/PMC13110552/
PMC13110566,decoy (no answer),surgery_derm_id,PMCID,PMC13110566,10.1136/bmjgh-2025-021596,Orchestrating faster access to products of non-profit R&D: a case study of a novel regimen for drug-resistant tuberculosis,BMJ global health,2026,https://www.ncbi.nlm.nih.gov/pmc/articles/PMC13110566/
PMC13110583,decoy (no answer),internal_medicine,PMCID,PMC13110583,10.1136/bmjopen-2025-109712,Risk of severe cardiovascular events and incidence rate of cardiopulmonary events among patients with COPD in China: a retrospective cohort study,BMJ open,2026,https://www.ncbi.nlm.nih.gov/pmc/articles/PMC13110583/
PMC13110608,decoy (no answer),oncology_endo_cardio,PMCID,PMC13110608,10.1136/bmjopen-2025-111116,Echocardiographic grading for long-term mortality risk stratification after first-time ST-segment elevation myocardial infarction: a multicentre cohort study,BMJ open,2026,https://www.ncbi.nlm.nih.gov/pmc/articles/PMC13110608/
PMC13110618,decoy (no answer),surgery_derm_id,PMCID,PMC13110618,10.1136/bmjopen-2025-107976,"The world according to girls: a qualitative study of school, work and identity among adolescent girls and young women living with HIV in Ghana",BMJ open,2026,https://www.ncbi.nlm.nih.gov/pmc/articles/PMC13110618/
PMC13110632,decoy (no answer),surgery_derm_id,PMCID,PMC13110632,10.1136/bmjopen-2025-116065,Economic evidence of health technology innovations for the diagnosis of extrapulmonary TB in resource-limited settings: a scoping review protocol,BMJ open,2026,https://www.ncbi.nlm.nih.gov/pmc/articles/PMC13110632/
PMC13110640,decoy (no answer),surgery_derm_id,PMCID,PMC13110640,10.1136/bmjresp-2025-003773,High prevalence of persistent tuberculosis-related symptoms 6 months after treatment in pulmonary tuberculosis,BMJ open respiratory research,2026,https://www.ncbi.nlm.nih.gov/pmc/articles/PMC13110640/
PMC13110661,decoy (no answer),internal_medicine,PMCID,PMC13110661,10.2147/COPD.S547614,Pharmacist-Driven Outcomes in Asthma and COPD: A Meta-Analysis of Clinical Outcomes and Medication Adherence,International journal of chronic obstructive pulmonary disease,2026,https://www.ncbi.nlm.nih.gov/pmc/articles/PMC13110661/
PMC13110669,decoy (no answer),internal_medicine,PMCID,PMC13110669,10.1136/bmjresp-2025-003368,Improving asthma case detection among children and adolescents through clinic-based screening in primary care health facilities in Uganda: a cluster randomised trial,BMJ open respiratory research,2026,https://www.ncbi.nlm.nih.gov/pmc/articles/PMC13110669/
PMC13110685,decoy (no answer),internal_medicine,PMCID,PMC13110685,10.1136/bmjresp-2025-003918,Long-term variability of impulse oscillometry defined small airway dysfunction in participants with and without chronic obstructive pulmonary disease,BMJ open respiratory research,2026,https://www.ncbi.nlm.nih.gov/pmc/articles/PMC13110685/
PMC13110960,decoy (no answer),oncology_endo_cardio,PMCID,PMC13110960,10.3389/fimmu.2026.1776008,NR2F2 in cancer-associated fibroblasts drives immune microenvironment remodeling and promotes lung adenocarcinoma progression,Frontiers in immunology,2026,https://www.ncbi.nlm.nih.gov/pmc/articles/PMC13110960/
PMC13110984,decoy (no answer),neurology_non_epilepsy,PMCID,PMC13110984,10.3389/fimmu.2026.1625017,E-based physical exercise in patients with multiple sclerosis and comorbidity (COMPACT): feasibility study and protocol for a randomized controlled trial,Frontiers in immunology,2026,https://www.ncbi.nlm.nih.gov/pmc/articles/PMC13110984/
PMC13111165,decoy (no answer),neurology_non_epilepsy,PMCID,PMC13111165,10.3389/fendo.2026.1758847,Association between stress hyperglycemic ratio and stroke in older people with metabolic syndrome: a prospective cohort study from UK Biobank,Frontiers in endocrinology,2026,https://www.ncbi.nlm.nih.gov/pmc/articles/PMC13111165/
PMC13111249,decoy (no answer),surgery_derm_id,PMCID,PMC13111249,10.3389/fimmu.2026.1798283,"Clinical characteristics, diagnosis, treatment, and prognosis of rituximab-induced serum sickness: a retrospective analysis of 39 reported cases",Frontiers in immunology,2026,https://www.ncbi.nlm.nih.gov/pmc/articles/PMC13111249/
PMC13111265,decoy (no answer),neurology_non_epilepsy,PMCID,PMC13111265,10.3389/fimmu.2026.1648591,Deciphering the peripheral immune landscape of Alzheimer's disease through integrated multi-omics research and cohort validation,Frontiers in immunology,2026,https://www.ncbi.nlm.nih.gov/pmc/articles/PMC13111265/
PMC13111365,decoy (no answer),internal_medicine,PMCID,PMC13111365,10.3389/fpubh.2026.1806393,Data-driven closed-loop health education: constructing an integrated assessment-intervention-feedback pathway for digital COPD management-a perspective,Frontiers in public health,2026,https://www.ncbi.nlm.nih.gov/pmc/articles/PMC13111365/
PMC13111375,decoy (no answer),surgery_derm_id,PMCID,PMC13111375,10.3389/fimmu.2026.1786452,Comparing CD8+ T cell ENV epitopes of two HLA class I alleles associated with different outcomes of HIV-1 infection with broadly neutralizing antibodies epitope targets discovered to date,Frontiers in immunology,2026,https://www.ncbi.nlm.nih.gov/pmc/articles/PMC13111375/
PMC13111403,decoy (no answer),oncology_endo_cardio,PMCID,PMC13111403,10.3389/fimmu.2026.1772953,Case Report: Ultrasound features of pathological complete response in middle and low rectal cancer with high microsatellite instability after neoadjuvant immunotherapy: a case series,Frontiers in immunology,2026,https://www.ncbi.nlm.nih.gov/pmc/articles/PMC13111403/
PMC13111418,decoy (no answer),neurology_non_epilepsy,PMCID,PMC13111418,10.1002/alz.71432,The adherence of memory clinics to consensus recommendations for dementia diagnosis: A multicentric study in Italy,Alzheimer's & dementia : the journal of the Alzheimer's Association,2026,https://www.ncbi.nlm.nih.gov/pmc/articles/PMC13111418/
PMC13111458,decoy (no answer),oncology_endo_cardio,PMCID,PMC13111458,10.3389/fimmu.2026.1711521,Identification of key biomarkers for myocardial infarction by multi-omics analysis and machine learning,Frontiers in immunology,2026,https://www.ncbi.nlm.nih.gov/pmc/articles/PMC13111458/
PMC13111462,decoy (no answer),oncology_endo_cardio,PMCID,PMC13111462,10.3389/fimmu.2026.1816086,Immune architecture of colorectal cancer brain metastases: spatial TAM heterogeneity and PD-L1 dynamics,Frontiers in immunology,2026,https://www.ncbi.nlm.nih.gov/pmc/articles/PMC13111462/
PMC13111552,decoy (no answer),surgery_derm_id,PMCID,PMC13111552,10.3389/fpubh.2026.1793411,A county-level HIV prevention gap index in the US Deep South using publicly available proxy indicators,Frontiers in public health,2026,https://www.ncbi.nlm.nih.gov/pmc/articles/PMC13111552/
PMC13111558,decoy (no answer),surgery_derm_id,PMCID,PMC13111558,10.3389/fpubh.2026.1748913,"Drug resistance characteristics and risk factors in patients with retreated pulmonary tuberculosis: a 5-year retrospective study in Suzhou, China",Frontiers in public health,2026,https://www.ncbi.nlm.nih.gov/pmc/articles/PMC13111558/
PMC13111604,decoy (no answer),internal_medicine,PMCID,PMC13111604,10.1038/s41533-026-00480-y,Usability of the test of adherence to inhalers toolkit to patients with COPD in Kyrgyzstan,NPJ primary care respiratory medicine,2026,https://www.ncbi.nlm.nih.gov/pmc/articles/PMC13111604/
PMC13111651,decoy (no answer),oncology_endo_cardio,PMCID,PMC13111651,10.1038/s41598-026-43623-4,A new technique inducing mitral valve regurgitation as an experimental porcine model of volume-overload induced heart failure,Scientific reports,2026,https://www.ncbi.nlm.nih.gov/pmc/articles/PMC13111651/
PMC13111726,decoy (no answer),neurology_non_epilepsy,PMCID,PMC13111726,10.1038/s41467-026-70524-x,Intrinsic capacity and stroke risk in a multiple cohort study,Nature communications,2026,https://www.ncbi.nlm.nih.gov/pmc/articles/PMC13111726/
PMC13111840,decoy (no answer),surgery_derm_id,PMCID,PMC13111840,10.1177/23259582261444518,"Magnitude of Noncommunicable Diseases and Associated Factors among Adult People Living with HIV Attending ART Clinics of General Hospitals in Sidama Region, Ethiopia",Journal of the International Association of Providers of AIDS Care,2026,https://www.ncbi.nlm.nih.gov/pmc/articles/PMC13111840/
PMC13111846,decoy (no answer),surgery_derm_id,PMCID,PMC13111846,10.1177/23259582261426238,The Sexuality of Women Living With HIV: Care Demands and Implications for Practice,Journal of the International Association of Providers of AIDS Care,2026,https://www.ncbi.nlm.nih.gov/pmc/articles/PMC13111846/
PMC13111868,decoy (no answer),surgery_derm_id,PMCID,PMC13111868,10.1177/23259582261444796,High Burden of Cardiac Abnormalities in Adults with HIV in Ethiopia: A Multicenter Cross-Sectional Study,Journal of the International Association of Providers of AIDS Care,2026,https://www.ncbi.nlm.nih.gov/pmc/articles/PMC13111868/
PMC13111872,decoy (no answer),internal_medicine,PMCID,PMC13111872,10.1177/14799731261443319,Understanding exacerbation risk in BLVR: A logistic regression approach to complication prediction,Chronic respiratory disease,2026,https://www.ncbi.nlm.nih.gov/pmc/articles/PMC13111872/
PMC13111890,decoy (no answer),surgery_derm_id,PMCID,PMC13111890,10.1177/23259582261446449,Acceptance of HIV Couple Counseling and Transmission Outcomes Among Pregnant Women and Their Partners,Journal of the International Association of Providers of AIDS Care,2026,https://www.ncbi.nlm.nih.gov/pmc/articles/PMC13111890/
PMC13111996,decoy (no answer),neurology_non_epilepsy,PMCID,PMC13111996,10.1002/brb3.71346,New Perspectives on the Efficacy of Governor Vessel Moxibustion Combined With Rehabilitation Training for Poststroke Muscle Spasticity: A Systematic Review and Meta-Analysis of Randomized Controlled Trials,Brain and behavior,2026,https://www.ncbi.nlm.nih.gov/pmc/articles/PMC13111996/
PMC13111997,decoy (no answer),neurology_non_epilepsy,PMCID,PMC13111997,10.1002/brb3.71333,Association of Blood-Based Biomarkers and Malignant Infarction in Severe Anterior Circulation Ischemic Stroke,Brain and behavior,2026,https://www.ncbi.nlm.nih.gov/pmc/articles/PMC13111997/
PMC13112003,decoy (no answer),neurology_non_epilepsy,PMCID,PMC13112003,10.1002/brb3.71300,Knockout of Low-Density Lipoprotein Receptor-Related Protein 1 From Astrocytes in Adult Mice Accelerates Long-Term Functional Recovery After Ischemic Stroke,Brain and behavior,2026,https://www.ncbi.nlm.nih.gov/pmc/articles/PMC13112003/
PMC13112007,decoy (no answer),neurology_non_epilepsy,PMCID,PMC13112007,10.1002/brb3.71320,Association of Eosinophil Counts and Ratios With Clinical Outcomes After Acute Ischemic Stroke,Brain and behavior,2026,https://www.ncbi.nlm.nih.gov/pmc/articles/PMC13112007/
PMC13112016,decoy (no answer),internal_medicine,PMCID,PMC13112016,10.1002/brb3.71353,Association of Ankle Brachial Index and Cognitive Function in Elderly Hypertensive Patients: A 2-Year Longitudinal Study,Brain and behavior,2026,https://www.ncbi.nlm.nih.gov/pmc/articles/PMC13112016/
PMC13112029,decoy (no answer),neurology_non_epilepsy,PMCID,PMC13112029,10.1002/brb3.71316,Association of Physical Activity and Risk of Stroke: A Prospective Cohort Study of Chinese Middle-aged and Older Adults,Brain and behavior,2026,https://www.ncbi.nlm.nih.gov/pmc/articles/PMC13112029/
PMC13112034,decoy (no answer),neurology_non_epilepsy,PMCID,PMC13112034,10.1002/brb3.71348,"The Effects of Color Therapy on Fatigue, Depression, and Quality of Life in Parkinson's Patients: A Randomized Controlled Trial",Brain and behavior,2026,https://www.ncbi.nlm.nih.gov/pmc/articles/PMC13112034/
PMC13112074,decoy (no answer),neurology_non_epilepsy,PMCID,PMC13112074,10.1111/ene.70568,Explainable Artificial Intelligence to Predict Neurocognitive Disorder Progression in Multiple Sclerosis Using MRI and Clinical Data,European journal of neurology,2026,https://www.ncbi.nlm.nih.gov/pmc/articles/PMC13112074/
PMC13112190,decoy (no answer),neurology_non_epilepsy,PMCID,PMC13112190,10.1002/cns.70882,Glycemic Status and Effect of Immediate Intensive Statin on Mild Ischemic Stroke: A Subgroup Analysis of the INSPIRES Trial,CNS neuroscience & therapeutics,2026,https://www.ncbi.nlm.nih.gov/pmc/articles/PMC13112190/
PMC13112197,decoy (no answer),neurology_non_epilepsy,PMCID,PMC13112197,10.1093/ageing/afag108,Priorities for medication management information resources for people with dementia and carers: a community-driven approach using a modified Delphi method,Age and ageing,2026,https://www.ncbi.nlm.nih.gov/pmc/articles/PMC13112197/
PMC13112198,decoy (no answer),neurology_non_epilepsy,PMCID,PMC13112198,10.1093/arclin/acag027,Non-fluent agrammatic variant of primary progressive aphasia in a bilingual Mandarin/English speaker: a case report,Archives of clinical neuropsychology : the official journal of the National Academy of Neuropsychologists,2026,https://www.ncbi.nlm.nih.gov/pmc/articles/PMC13112198/
PMC13112412,decoy (no answer),neurology_non_epilepsy,PMCID,PMC13112412,10.1002/clc.70315,DOAC Score Versus HAS-BLED and ORBIT for Predicting Bleeding Events in Atrial Fibrillation on Direct Oral Anticoagulants,Clinical cardiology,2026,https://www.ncbi.nlm.nih.gov/pmc/articles/PMC13112412/
PMC13112509,decoy (no answer),surgery_derm_id,PMCID,PMC13112509,10.4274/tjo.galenos.2026.39267,Syphilitic Uveitis in HIV-Positive and -Negative Patients: A Multicenter Cohort Study,Turkish journal of ophthalmology,2026,https://www.ncbi.nlm.nih.gov/pmc/articles/PMC13112509/
PMC13112598,decoy (no answer),oncology_endo_cardio,PMCID,PMC13112598,10.1002/clc.70330,Note for Male Smokers: The Healthy Eating Index Associated With the Risk of Subclinical Myocardial Injury,Clinical cardiology,2026,https://www.ncbi.nlm.nih.gov/pmc/articles/PMC13112598/
PMC13112655,decoy (no answer),oncology_endo_cardio,PMCID,PMC13112655,10.1186/s12872-026-05819-4,Targeting epicardial adipose tissue in heart failure with preserved ejection fraction: exploring the dapagliflozin connection,BMC cardiovascular disorders,2026,https://www.ncbi.nlm.nih.gov/pmc/articles/PMC13112655/
PMC13112703,decoy (no answer),oncology_endo_cardio,PMCID,PMC13112703,10.1186/s13063-026-09586-7,The use of age-friendly implementation aids in self-management skills in elderly patients with chronic heart failure: a randomized controlled trial study protocol for a randomized controlled trial,Trials,2026,https://www.ncbi.nlm.nih.gov/pmc/articles/PMC13112703/
PMC13112738,decoy (no answer),internal_medicine,PMCID,PMC13112738,10.1186/s41043-026-01290-1,Association between metabolic dysregulation and frailty in four prospective cohorts,"Journal of health, population, and nutrition",2026,https://www.ncbi.nlm.nih.gov/pmc/articles/PMC13112738/
PMC13112914,decoy (no answer),oncology_endo_cardio,PMCID,PMC13112914,10.1186/s41043-026-01295-w,Habitual coffee consumption and risk of incident heart failure: an updated systematic review and dose-response meta-analysis of prospective cohort studies,"Journal of health, population, and nutrition",2026,https://www.ncbi.nlm.nih.gov/pmc/articles/PMC13112914/
PMC13112975,decoy (no answer),oncology_endo_cardio,PMCID,PMC13112975,10.1186/s13643-026-03133-w,Efficacy and safety of stem cell therapy for myocardial infarction and heart failure: an updated systematic review and meta-analysis of randomized controlled trials,Systematic reviews,2026,https://www.ncbi.nlm.nih.gov/pmc/articles/PMC13112975/
PMC13113420,decoy (no answer),surgery_derm_id,PMCID,PMC13113420,10.1002/jia2.70101,Inflammatory Biomarkers Predicting Major Adverse Cardiovascular Events in People Living With HIV: A Systematic Review and Meta-Analysis,Journal of the International AIDS Society,2026,https://www.ncbi.nlm.nih.gov/pmc/articles/PMC13113420/
PMC13113484,decoy (no answer),surgery_derm_id,PMCID,PMC13113484,10.1186/s12985-026-03135-z,Evolutionary dynamics of HIV-1 recombinants: analysis of contemporary and historical viral populations in East Africa,Virology journal,2026,https://www.ncbi.nlm.nih.gov/pmc/articles/PMC13113484/
PMC13113716,decoy (no answer),neurology_non_epilepsy,PMCID,PMC13113716,10.3390/arm94020023,Stroke-Associated Pneumonia and Impaired Functional Recovery After Stroke: The Role of Nutritional-Inflammatory Factors,Advances in respiratory medicine,2026,https://www.ncbi.nlm.nih.gov/pmc/articles/PMC13113716/
PMC13114188,decoy (no answer),surgery_derm_id,PMCID,PMC13114188,10.12659/AJCR.951840,Spinal Tuberculosis Diagnosed by Metagenomics Capture (MetaCAP) in a Patient Undergoing Maintenance Hemodialysis: A Case Report,The American journal of case reports,2026,https://www.ncbi.nlm.nih.gov/pmc/articles/PMC13114188/
PMC13114201,decoy (no answer),surgery_derm_id,PMCID,PMC13114201,10.12659/MSM.952449,Role of the STAT3 Signaling Pathway in Cell Proliferation and Inflammation in Psoriasis and Approaches for Targeted Therapies: A Review,Medical science monitor : international medical journal of experimental and clinical research,2026,https://www.ncbi.nlm.nih.gov/pmc/articles/PMC13114201/
PMC13114473,decoy (no answer),oncology_endo_cardio,PMCID,PMC13114473,10.3390/curroncol33040222,Protective Effects of Plant-Based Diets Against Colorectal Carcinogenesis via Modulation of Key Cellular and Molecular Mechanisms: A Comprehensive Review of Evidence,"Current oncology (Toronto, Ont.)",2026,https://www.ncbi.nlm.nih.gov/pmc/articles/PMC13114473/
PMC13114600,decoy (no answer),internal_medicine,PMCID,PMC13114600,10.3390/cells15080701,The Role of Non-Coding RNA in the Pathogenesis of Hypertensive Nephropathy,Cells,2026,https://www.ncbi.nlm.nih.gov/pmc/articles/PMC13114600/
PMC13114639,decoy (no answer),neurology_non_epilepsy,PMCID,PMC13114639,10.3390/cells15080672,From Lipids to Mitochondria: Shared Metabolic Alterations in Obesity and Alzheimer's Disease,Cells,2026,https://www.ncbi.nlm.nih.gov/pmc/articles/PMC13114639/
PMC13114641,decoy (no answer),oncology_endo_cardio,PMCID,PMC13114641,10.3390/curroncol33040235,A Rare Case of Descending Colon Metastasis Following Radical Nephroureterectomy for Left Ureteral Carcinoma: A Case Report and Literature Review,"Current oncology (Toronto, Ont.)",2026,https://www.ncbi.nlm.nih.gov/pmc/articles/PMC13114641/
PMC13114730,decoy (no answer),internal_medicine,PMCID,PMC13114730,10.3390/curroncol33040187,"CDKN2A/p16 Exon 2 Hypermethylation in Lung Squamous Cell Carcinoma Associated with Interstitial and Emphysematous Lung Diseases: A Comparative Analysis of Tumor, Adjacent and Distant Lung Tissues","Current oncology (Toronto, Ont.)",2026,https://www.ncbi.nlm.nih.gov/pmc/articles/PMC13114730/
PMC13114764,decoy (no answer),oncology_endo_cardio,PMCID,PMC13114764,10.1111/hex.70571,Reducing Stigma in Lung Cancer Screening: Co-Design of a Targeted Resource for Health Professionals in Australia,Health expectations : an international journal of public participation in health care and health policy,2026,https://www.ncbi.nlm.nih.gov/pmc/articles/PMC13114764/
PMC13114777,decoy (no answer),internal_medicine,PMCID,PMC13114777,10.1111/cpr.70145,OSA Initiates Histone Lactylation That Drives PDE4B/FUS/AGT Axis to Pulmonary Hypertension,Cell proliferation,2026,https://www.ncbi.nlm.nih.gov/pmc/articles/PMC13114777/
PMC13114904,decoy (no answer),neurology_non_epilepsy,PMCID,PMC13114904,10.3390/cells15080690,"Outer Membrane Vesicles as Systems-Level Drivers of Neuroinflammation, Metabolic Dysfunction, and Proteinopathy in Alzheimer's Disease",Cells,2026,https://www.ncbi.nlm.nih.gov/pmc/articles/PMC13114904/
PMC13114936,decoy (no answer),oncology_endo_cardio,PMCID,PMC13114936,10.3390/cells15080698,"Transcriptome Analysis Identifies Proteostasis and Cell Survival Pathway Disruption in Peripartum Cardiomyopathy, Leading to Heart Failure",Cells,2026,https://www.ncbi.nlm.nih.gov/pmc/articles/PMC13114936/
PMC13115075,decoy (no answer),oncology_endo_cardio,PMCID,PMC13115075,10.3390/curroncol33040215,First-Line Pembrolizumab Monotherapy for Advanced Non-Small Cell Lung Cancer: A Multicenter Real-World Study from Vietnam,"Current oncology (Toronto, Ont.)",2026,https://www.ncbi.nlm.nih.gov/pmc/articles/PMC13115075/
PMC13115984,decoy (no answer),oncology_endo_cardio,PMCID,PMC13115984,10.1002/cam4.71853,Multi-Transcriptomic Analysis Reveals That EREG-Driven TME Crosstalk Defines Anti-EGFR Response in Colorectal Cancer,Cancer medicine,2026,https://www.ncbi.nlm.nih.gov/pmc/articles/PMC13115984/
PMC13116102,decoy (no answer),neurology_non_epilepsy,PMCID,PMC13116102,10.1002/alz.71433,Genetic correlation analysis of Alzheimer's disease and stroke implicates PHLPP1 as a shared locus in individuals of African ancestry,Alzheimer's & dementia : the journal of the Alzheimer's Association,2026,https://www.ncbi.nlm.nih.gov/pmc/articles/PMC13116102/
PMC13116124,decoy (no answer),oncology_endo_cardio,PMCID,PMC13116124,10.1002/cam4.71874,Stanniocalcin 2-Induced Autophagy Confers Resistance of Lung Cancer Cells to EGFR Inhibition via the ERK/Beclin 1 Signaling,Cancer medicine,2026,https://www.ncbi.nlm.nih.gov/pmc/articles/PMC13116124/
PMC13116138,decoy (no answer),neurology_non_epilepsy,PMCID,PMC13116138,10.1002/alz.71311,The forgotten population: Early-onset Alzheimer's in people with Down syndrome,Alzheimer's & dementia : the journal of the Alzheimer's Association,2026,https://www.ncbi.nlm.nih.gov/pmc/articles/PMC13116138/
PMC13116344,decoy (no answer),oncology_endo_cardio,PMCID,PMC13116344,10.1093/bib/bbag179,Multimodal foundation models in colorectal cancer: from prediction to trustworthy clinical insight,Briefings in bioinformatics,2026,https://www.ncbi.nlm.nih.gov/pmc/articles/PMC13116344/
PMC13116533,decoy (no answer),internal_medicine,PMCID,PMC13116533,10.2147/COPD.S594021,Nicotine Metabolism and Chronic Obstructive Pulmonary Disease: Mendelian Randomization and Phenotypic Characterization Analysis,International journal of chronic obstructive pulmonary disease,2026,https://www.ncbi.nlm.nih.gov/pmc/articles/PMC13116533/
PMC13117202,decoy (no answer),oncology_endo_cardio,PMCID,PMC13117202,10.1002/cam4.71885,Identification of Prognostic Risk Factors in Older Patients With Extensive-Stage Small Cell Lung Cancer,Cancer medicine,2026,https://www.ncbi.nlm.nih.gov/pmc/articles/PMC13117202/
PMC13117217,decoy (no answer),oncology_endo_cardio,PMCID,PMC13117217,10.1002/cam4.71869,"TYRO3, AXL, MERTK and Their Ligands in Brain Metastases From Colorectal Cancers",Cancer medicine,2026,https://www.ncbi.nlm.nih.gov/pmc/articles/PMC13117217/
PMC13117220,decoy (no answer),neurology_non_epilepsy,PMCID,PMC13117220,10.1002/alz.71404,Use of anti-amyloid-β monoclonal antibodies in persons with Down syndrome Alzheimer's disease,Alzheimer's & dementia : the journal of the Alzheimer's Association,2026,https://www.ncbi.nlm.nih.gov/pmc/articles/PMC13117220/
PMC13117556,decoy (no answer),neurology_non_epilepsy,PMCID,PMC13117556,10.1161/STROKEAHA.125.052605,"Exoskeleton-Assisted Therapy Enhances Upper Limb Motor Recovery in Early Subacute Stroke: A Multicenter, Single-Blind Randomized Controlled Trial",Stroke,2026,https://www.ncbi.nlm.nih.gov/pmc/articles/PMC13117556/
PMC13117575,decoy (no answer),neurology_non_epilepsy,PMCID,PMC13117575,10.1161/STROKEAHA.125.052134,Preceding Infections and Coagulation Biomarkers in Early-Onset Cryptogenic Ischemic Stroke,Stroke,2026,https://www.ncbi.nlm.nih.gov/pmc/articles/PMC13117575/
PMC13117596,decoy (no answer),neurology_non_epilepsy,PMCID,PMC13117596,10.1161/STROKEAHA.125.053251,Thrombophilia Screening in Young Patients With Cryptogenic Ischemic Stroke,Stroke,2026,https://www.ncbi.nlm.nih.gov/pmc/articles/PMC13117596/
PMC13117616,decoy (no answer),neurology_non_epilepsy,PMCID,PMC13117616,10.1161/STROKEAHA.125.051675,Outcomes and Safety of Revascularization Approaches for Stroke Related to Isolated Vertebral Artery Occlusions (BRAVO),Stroke,2026,https://www.ncbi.nlm.nih.gov/pmc/articles/PMC13117616/
PMC13117711,decoy (no answer),oncology_endo_cardio,PMCID,PMC13117711,10.3390/md24040126,Orally Administered Rhamnan Sulfate from Monostroma nitidum Significantly Inhibits Melanoma Metastasis in Lungs and Aorta of Mice Implanted with B16 Cells,Marine drugs,2026,https://www.ncbi.nlm.nih.gov/pmc/articles/PMC13117711/
PMC13117844,decoy (no answer),internal_medicine,PMCID,PMC13117844,10.2147/COPD.S598017,A Quarter-Century of Chronic Obstructive Pulmonary Disease in the Intensive Care Unit (2000-2025): A Bibliometric Roadmap of Thematic Evolution and Future Frontiers,International journal of chronic obstructive pulmonary disease,2026,https://www.ncbi.nlm.nih.gov/pmc/articles/PMC13117844/
PMC13117951,decoy (no answer),internal_medicine,PMCID,PMC13117951,10.3390/md24040140,"Antioxidant Peptides from Skipjack tuna: Ameliorate Function on Cigarette Smoke Extract-Induced COPD in Cell Model by Targeting Oxidative Stress, Inflammation and Apoptosis",Marine drugs,2026,https://www.ncbi.nlm.nih.gov/pmc/articles/PMC13117951/
PMC13118136,decoy (no answer),neurology_non_epilepsy,PMCID,PMC13118136,10.2196/86672,"Integrating Virtual Reality Simulation, Online Learning, and Group Reflection to Strengthen Dementia Care in Nursing Homes: Mixed Methods Pilot Study",JMIR formative research,2026,https://www.ncbi.nlm.nih.gov/pmc/articles/PMC13118136/
PMC13118392,decoy (no answer),neurology_non_epilepsy,PMCID,PMC13118392,10.1002/brb3.71410,Structural Volumetric Alterations in Parkinson's Disease With Mild Cognitive Impairment,Brain and behavior,2026,https://www.ncbi.nlm.nih.gov/pmc/articles/PMC13118392/
PMC13118671,decoy (no answer),internal_medicine,PMCID,PMC13118671,10.2147/COPD.S538733,Perceived Acceptability of SPACE for COPD© as a Maintenance Option Following Pulmonary Rehabilitation Discharge: A Qualitative Interview Study with Patients and Facilitators Using Framework Analysis,International journal of chronic obstructive pulmonary disease,2026,https://www.ncbi.nlm.nih.gov/pmc/articles/PMC13118671/
PMC13118680,decoy (no answer),oncology_endo_cardio,PMCID,PMC13118680,10.2147/IJN.S590745,Research on the Inhibition of Cancer Cell Metastasis by Graphene Oxide Suppresses the Translation of the Snail mRNA,International journal of nanomedicine,2026,https://www.ncbi.nlm.nih.gov/pmc/articles/PMC13118680/
PMC13119403,decoy (no answer),internal_medicine,PMCID,PMC13119403,10.2196/81707,Smartphone App-Based Music-Facilitated Pulmonary Rehabilitation Program Integrating Rhythm-Guided Walking and Singing for Patients With Chronic Obstructive Pulmonary Disease: Multicenter Randomized Controlled Trial,Journal of medical Internet research,2026,https://www.ncbi.nlm.nih.gov/pmc/articles/PMC13119403/
PMC13119832,decoy (no answer),surgery_derm_id,PMCID,PMC13119832,10.1371/journal.ppat.1013635,Single-cell profiling reveals that dynamic lung immune responses distinguish protection from susceptibility to tuberculosis,PLoS pathogens,2026,https://www.ncbi.nlm.nih.gov/pmc/articles/PMC13119832/
PMC13119848,decoy (no answer),neurology_non_epilepsy,PMCID,PMC13119848,10.3390/toxins18040192,Muscle-Specific Dosing of OnabotulinumtoxinA in Post-Stroke Upper-Limb Spasticity: A Descriptive Literature Review,Toxins,2026,https://www.ncbi.nlm.nih.gov/pmc/articles/PMC13119848/
PMC13119895,decoy (no answer),surgery_derm_id,PMCID,PMC13119895,10.1371/journal.pcbi.1014209,Refining biomarker-based clustering of cardiovascular inflammatory phenotypes in HIV using Recursive Feature Addition: A comparative evaluation approach,PLoS computational biology,2026,https://www.ncbi.nlm.nih.gov/pmc/articles/PMC13119895/
PMC13119965,decoy (no answer),oncology_endo_cardio,PMCID,PMC13119965,10.1371/journal.pone.0348194,Deep feature optimization using fusion of multiple self-supervised learning approaches and filter-based feature selection for lung cancer histopathology classification,PloS one,2026,https://www.ncbi.nlm.nih.gov/pmc/articles/PMC13119965/
PMC13120008,decoy (no answer),surgery_derm_id,PMCID,PMC13120008,10.1371/journal.pone.0324886,Pre-analytical errors during HIV viral load (HIV-VL) and early infant diagnosis (EID) testing in Cameroon,PloS one,2026,https://www.ncbi.nlm.nih.gov/pmc/articles/PMC13120008/
PMC13120128,decoy (no answer),surgery_derm_id,PMCID,PMC13120128,10.3390/v18040431,Eye Health and Vision Function in Adults Aging with Well-Controlled HIV,Viruses,2026,https://www.ncbi.nlm.nih.gov/pmc/articles/PMC13120128/
PMC13120334,decoy (no answer),surgery_derm_id,PMCID,PMC13120334,10.3390/v18040434,Characterisation of RT Connection and RNase H Polymorphisms in HIV-1 Subtype C in Botswana,Viruses,2026,https://www.ncbi.nlm.nih.gov/pmc/articles/PMC13120334/
PMC13120362,decoy (no answer),neurology_non_epilepsy,PMCID,PMC13120362,10.1109/TNSRE.2026.3675477,Effects of Belt Accelerations During Push-Off on Propulsion Mechanics in Individuals Post-Stroke,IEEE transactions on neural systems and rehabilitation engineering : a publication of the IEEE Engineering in Medicine and Biology Society,2026,https://www.ncbi.nlm.nih.gov/pmc/articles/PMC13120362/
PMC13120543,decoy (no answer),surgery_derm_id,PMCID,PMC13120543,10.2196/75933,Rapid Deployment of Telemedicine in HIV Care: Mixed Methods Study of Providers' Attitudes and Perceptions,Journal of medical Internet research,2026,https://www.ncbi.nlm.nih.gov/pmc/articles/PMC13120543/
PMC13120752,decoy (no answer),neurology_non_epilepsy,PMCID,PMC13120752,10.2196/77017,Machine Learning-Derived Cardiovascular Aging Phenotypes From Cardiac Function and Stroke Risk in the UK Biobank: Cohort Study,JMIR aging,2026,https://www.ncbi.nlm.nih.gov/pmc/articles/PMC13120752/
PMC13120754,decoy (no answer),surgery_derm_id,PMCID,PMC13120754,10.2196/84914,"Stigma, Food Insecurity, and Limited Social Support as Psychosocial Correlates of Antiretroviral Therapy Adherence Among Pregnant Women Living With HIV: Cross-Sectional Study",JMIR public health and surveillance,2026,https://www.ncbi.nlm.nih.gov/pmc/articles/PMC13120754/
PMC13120785,decoy (no answer),oncology_endo_cardio,PMCID,PMC13120785,10.1159/000545127,One-Hour Troponin Using a High-Sensitivity Point-of-Care Assay in Emergency Primary Care: The OUT-POC Pilot Study,Cardiology,2026,https://www.ncbi.nlm.nih.gov/pmc/articles/PMC13120785/
PMC13120866,decoy (no answer),oncology_endo_cardio,PMCID,PMC13120866,10.3346/jkms.2026.41.e127,Association Between Colorectal Neoplasia and Subclinical Coronary Atherosclerosis in Asymptomatic Individuals,Journal of Korean medical science,2026,https://www.ncbi.nlm.nih.gov/pmc/articles/PMC13120866/
PMC13120881,decoy (no answer),oncology_endo_cardio,PMCID,PMC13120881,10.1093/oncolo/oyag145,Mucinous histology and resistance to immune checkpoint blockade in patients with microsatellite instability-high metastatic colorectal cancer,The oncologist,2026,https://www.ncbi.nlm.nih.gov/pmc/articles/PMC13120881/
PMC13120929,decoy (no answer),neurology_non_epilepsy,PMCID,PMC13120929,10.3389/fimmu.2026.1758416,Data-driven hypothesis discovery from disease trajectories in multiple sclerosis,Frontiers in immunology,2026,https://www.ncbi.nlm.nih.gov/pmc/articles/PMC13120929/
PMC13120945,decoy (no answer),surgery_derm_id,PMCID,PMC13120945,10.3389/fimmu.2026.1796163,Abnormal characteristics of intestinal microenvironment in HIV immunological non-responders,Frontiers in immunology,2026,https://www.ncbi.nlm.nih.gov/pmc/articles/PMC13120945/
PMC13121081,decoy (no answer),oncology_endo_cardio,PMCID,PMC13121081,10.3389/fimmu.2026.1773700,Identification of predictive biomarkers for nivolumab efficacy in non-small cell lung cancer through integrated serum lipidomics and proteomics analysis,Frontiers in immunology,2026,https://www.ncbi.nlm.nih.gov/pmc/articles/PMC13121081/
PMC13121103,decoy (no answer),oncology_endo_cardio,PMCID,PMC13121103,10.3389/fpubh.2026.1816641,Association of physical component score with high-risk lung nodules among Chinese Urban sanitation workers: a sex-specific analysis,Frontiers in public health,2026,https://www.ncbi.nlm.nih.gov/pmc/articles/PMC13121103/
PMC13121148,decoy (no answer),surgery_derm_id,PMCID,PMC13121148,10.3389/fimmu.2026.1744789,Integrating clinical and multiomics evidence based on disease module theory: deciphering the comorbidity network of psoriasis vulgaris via the Ising model for mechanistic insights,Frontiers in immunology,2026,https://www.ncbi.nlm.nih.gov/pmc/articles/PMC13121148/
PMC13121177,decoy (no answer),internal_medicine,PMCID,PMC13121177,10.1007/s11657-026-01703-y,Bone microarchitectural degradation in hypertensive patients: a population-based study,Archives of osteoporosis,2026,https://www.ncbi.nlm.nih.gov/pmc/articles/PMC13121177/
PMC13121186,decoy (no answer),surgery_derm_id,PMCID,PMC13121186,10.1007/s40272-026-00747-4,Long-Term Safety and Efficacy of Dupilumab Treatment in Children Aged 6 Months to 5 Years with Severe Atopic Dermatitis,Paediatric drugs,2026,https://www.ncbi.nlm.nih.gov/pmc/articles/PMC13121186/
PMC13121188,decoy (no answer),oncology_endo_cardio,PMCID,PMC13121188,10.1007/s00259-025-07753-7,Value of [(18)F]AlF-NOTA-FAPI PET/CT in guiding radiotherapy planning for stage I-IIIC lung cancer: A comparison with contrast-enhanced CT and [(18)F]FDG PET/CT,European journal of nuclear medicine and molecular imaging,2026,https://www.ncbi.nlm.nih.gov/pmc/articles/PMC13121188/
PMC13121205,decoy (no answer),oncology_endo_cardio,PMCID,PMC13121205,10.1007/s00259-025-07740-y,Development and external validation of a FDG PET-based radiomics model predicting occult lymph node metastasis in non-small cell lung cancer patients,European journal of nuclear medicine and molecular imaging,2026,https://www.ncbi.nlm.nih.gov/pmc/articles/PMC13121205/
PMC13121206,decoy (no answer),oncology_endo_cardio,PMCID,PMC13121206,10.1007/s00259-025-07662-9,No reinduction of clinically relevant radioiodine uptake after lenvatinib treatment in radioidine-refractory differentiated thyroid cancer,European journal of nuclear medicine and molecular imaging,2026,https://www.ncbi.nlm.nih.gov/pmc/articles/PMC13121206/
PMC13121217,decoy (no answer),neurology_non_epilepsy,PMCID,PMC13121217,10.1007/s00415-026-13806-0,Patient profiling in relapsing multiple sclerosis: insights from a real-world observational study into the unmet medical needs of patients on disease-modifying therapy,Journal of neurology,2026,https://www.ncbi.nlm.nih.gov/pmc/articles/PMC13121217/
PMC13121328,decoy (no answer),oncology_endo_cardio,PMCID,PMC13121328,10.3389/fpubh.2026.1801314,Metal accumulation in paired colon cancer and adjacent tissues and its relationship with genotoxic and epigenetic biomarkers,Frontiers in public health,2026,https://www.ncbi.nlm.nih.gov/pmc/articles/PMC13121328/
PMC13121396,decoy (no answer),internal_medicine,PMCID,PMC13121396,10.1007/s00383-026-06444-0,Long-term outcomes after operative versus conservative management of congenital thoracic malformations: a propensity-matched cohort study,Pediatric surgery international,2026,https://www.ncbi.nlm.nih.gov/pmc/articles/PMC13121396/
PMC13121431,decoy (no answer),neurology_non_epilepsy,PMCID,PMC13121431,10.1007/s00415-026-13831-z,"Demyelinating disorders in women: epidemiology, immunology, and clinical implications across MS, NMOSD, and MOGAD",Journal of neurology,2026,https://www.ncbi.nlm.nih.gov/pmc/articles/PMC13121431/
PMC13121435,decoy (no answer),oncology_endo_cardio,PMCID,PMC13121435,10.1038/s41597-026-06822-2,A comprehensive European Colorectal Cancer Cohort dataset,Scientific data,2026,https://www.ncbi.nlm.nih.gov/pmc/articles/PMC13121435/
PMC13121481,decoy (no answer),surgery_derm_id,PMCID,PMC13121481,10.1177/23259582261444528,Pragmatic Strategies for Sustaining HIV Care: 25-Year Outcomes from an Independent Practice in India,Journal of the International Association of Providers of AIDS Care,2026,https://www.ncbi.nlm.nih.gov/pmc/articles/PMC13121481/
PMC13121487,decoy (no answer),internal_medicine,PMCID,PMC13121487,10.1177/23259582261445148,Incident Hypertension with Antiretroviral Therapy in the OPERA Cohort,Journal of the International Association of Providers of AIDS Care,2026,https://www.ncbi.nlm.nih.gov/pmc/articles/PMC13121487/
PMC13121529,decoy (no answer),internal_medicine,PMCID,PMC13121529,10.1038/s41598-026-42291-8,Association between β-blocker use and outcomes in patients with heart failure and chronic obstructive pulmonary disease: a retrospective cohort study,Scientific reports,2026,https://www.ncbi.nlm.nih.gov/pmc/articles/PMC13121529/
PMC13121586,decoy (no answer),oncology_endo_cardio,PMCID,PMC13121586,10.1007/s10637-026-01598-z,Scorpio fuscus venom as a promising anticancer agent against colorectal cancer,Investigational new drugs,2026,https://www.ncbi.nlm.nih.gov/pmc/articles/PMC13121586/
PMC13121664,decoy (no answer),oncology_endo_cardio,PMCID,PMC13121664,10.1186/s41747-026-00718-x,Artificial intelligence for detecting acute heart failure on chest CT: prospective clinical proof-of-concept validation,European radiology experimental,2026,https://www.ncbi.nlm.nih.gov/pmc/articles/PMC13121664/
PMC13121690,decoy (no answer),neurology_non_epilepsy,PMCID,PMC13121690,10.1038/s41467-026-70340-3,Dual-stiffness nanoparticles for compartment-specific drug delivery in stroke,Nature communications,2026,https://www.ncbi.nlm.nih.gov/pmc/articles/PMC13121690/
PMC13121709,decoy (no answer),oncology_endo_cardio,PMCID,PMC13121709,10.1038/s41598-026-44419-2,Long noncoding RNA FOXP1-DT modulates regulatory T cells in Graves' disease,Scientific reports,2026,https://www.ncbi.nlm.nih.gov/pmc/articles/PMC13121709/
PMC13121716,decoy (no answer),internal_medicine,PMCID,PMC13121716,10.1038/s41467-026-70601-1,The REDD1-NF-κB-miRNAs-eNOS/SIRT1 axis mediates obesity-induced endothelial cell senescence and hypertension,Nature communications,2026,https://www.ncbi.nlm.nih.gov/pmc/articles/PMC13121716/
PMC13121749,decoy (no answer),internal_medicine,PMCID,PMC13121749,10.1038/s41598-026-42160-4,Epimedin C attenuates airway inflammation and remodeling in Asthma by intervening M2 macrophage polarization via modulating the PI3K/Akt/mTOR signaling pathway,Scientific reports,2026,https://www.ncbi.nlm.nih.gov/pmc/articles/PMC13121749/
PMC13121785,decoy (no answer),internal_medicine,PMCID,PMC13121785,10.3349/ymj.2025.0327,"Epidemiological Trends in Inflammatory Bowel Disease in Korea: Age-Related Shifts and Urban-Rural Disparities in a Nationwide Study, 2004-2015",Yonsei medical journal,2026,https://www.ncbi.nlm.nih.gov/pmc/articles/PMC13121785/
PMC13121786,decoy (no answer),internal_medicine,PMCID,PMC13121786,10.3349/ymj.2024.0293,Deep Learning-Based Prediction System for Surgical Difficulty in Rectal Cancer Patients Using MRI Pelvimetry,Yonsei medical journal,2026,https://www.ncbi.nlm.nih.gov/pmc/articles/PMC13121786/
PMC13121804,decoy (no answer),surgery_derm_id,PMCID,PMC13121804,10.1038/s41598-026-37218-2,"Stigma, discrimination and associated determinants among people living with HIV/AIDS accessing Anti-Retroviral Therapy in Ikeja, Lagos state, Nigeria",Scientific reports,2026,https://www.ncbi.nlm.nih.gov/pmc/articles/PMC13121804/
PMC13121922,decoy (no answer),oncology_endo_cardio,PMCID,PMC13121922,10.1002/pds.70370,"Identifying the Initiation of a New Line of Therapy for Metastatic Lung, Breast, and Colorectal Cancer in Real-World Data: A Scoping Review",Pharmacoepidemiology and drug safety,2026,https://www.ncbi.nlm.nih.gov/pmc/articles/PMC13121922/
PMC13122273,decoy (no answer),neurology_non_epilepsy,PMCID,PMC13122273,10.1002/cns.70886,Perivascular SPP1 Drives Microglial Synaptic Engulfment After Ischemic Stroke,CNS neuroscience & therapeutics,2026,https://www.ncbi.nlm.nih.gov/pmc/articles/PMC13122273/
PMC13122293,decoy (no answer),neurology_non_epilepsy,PMCID,PMC13122293,10.1002/nbm.70296,Quantitative Susceptibility Mapping of the Cervical Spinal Cord at 3T and Application to Multiple Sclerosis,NMR in biomedicine,2026,https://www.ncbi.nlm.nih.gov/pmc/articles/PMC13122293/
PMC13122356,decoy (no answer),neurology_non_epilepsy,PMCID,PMC13122356,10.1093/europace/euag063,Association of non-invasive atrial cardiomyopathy markers with cerebral stroke lesions: a population-based analysis from the Hamburg City Health Study,"Europace : European pacing, arrhythmias, and cardiac electrophysiology : journal of the working groups on cardiac pacing, arrhythmias, and cardiac cellular electrophysiology of the European Society of Cardiology",2026,https://www.ncbi.nlm.nih.gov/pmc/articles/PMC13122356/
PMC13122369,decoy (no answer),oncology_endo_cardio,PMCID,PMC13122369,10.30476/ijcbnm.2026.99067.2278,The Effect of Mental Health Education on the Resilience and Psychosocial Adjustment in Patients with Heart Failure under the Care of Home Counseling and Nursing Services: A Randomized Controlled Trial,International journal of community based nursing and midwifery,2026,https://www.ncbi.nlm.nih.gov/pmc/articles/PMC13122369/
PMC13122370,decoy (no answer),oncology_endo_cardio,PMCID,PMC13122370,10.30476/ijcbnm.2026.103856.2588,"Impact of Self-Management Education on Self-care Behaviors, Quality of Life and, Readmission in Heart Failure Patients: A Randomized Controlled Trial",International journal of community based nursing and midwifery,2026,https://www.ncbi.nlm.nih.gov/pmc/articles/PMC13122370/
PMC13122394,decoy (no answer),oncology_endo_cardio,PMCID,PMC13122394,10.1001/jamanetworkopen.2026.8823,"Heart Attack Education and EMS Response in High-Risk, Low EMS Usage Areas: A Stepped-Wedge Cluster-Randomized Trial",JAMA network open,2026,https://www.ncbi.nlm.nih.gov/pmc/articles/PMC13122394/
PMC13122558,decoy (no answer),oncology_endo_cardio,PMCID,PMC13122558,10.1155/humu/8880918,Targeting the Vim-PGI(2) Pathway Enhances CD8(+) T Cell-Mediated Antitumor Immunity in Breast Cancer,Human mutation,2026,https://www.ncbi.nlm.nih.gov/pmc/articles/PMC13122558/
PMC13122559,decoy (no answer),oncology_endo_cardio,PMCID,PMC13122559,10.1111/1759-7714.70288,Predictive Value of Circulating Tumor Cells in Neoadjuvant Chemoimmunotherapy for Non-Small Cell Lung Cancer,Thoracic cancer,2026,https://www.ncbi.nlm.nih.gov/pmc/articles/PMC13122559/
PMC13122564,decoy (no answer),neurology_non_epilepsy,PMCID,PMC13122564,10.1002/alz.71276,System changes to empower primary care in Alzheimer's disease detection and care,Alzheimer's & dementia : the journal of the Alzheimer's Association,2026,https://www.ncbi.nlm.nih.gov/pmc/articles/PMC13122564/
PMC13122602,decoy (no answer),oncology_endo_cardio,PMCID,PMC13122602,10.1093/eschf/xvag098,Plasma protein profiles in different heart failure phenotypes,ESC heart failure,2026,https://www.ncbi.nlm.nih.gov/pmc/articles/PMC13122602/
PMC13122606,decoy (no answer),neurology_non_epilepsy,PMCID,PMC13122606,10.1093/europace/euag056,Cryptogenic stroke in women: impact of insertable cardiac monitoring in the STROKEWISE cohort study,"Europace : European pacing, arrhythmias, and cardiac electrophysiology : journal of the working groups on cardiac pacing, arrhythmias, and cardiac cellular electrophysiology of the European Society of Cardiology",2026,https://www.ncbi.nlm.nih.gov/pmc/articles/PMC13122606/
PMC13122620,decoy (no answer),oncology_endo_cardio,PMCID,PMC13122620,10.1093/eschf/xvag059,Discharge neutrophily-to-lymphocyte ratio and its trajectory as predictors of 30-day outcomes in acute heart failure,ESC heart failure,2026,https://www.ncbi.nlm.nih.gov/pmc/articles/PMC13122620/
PMC13122621,decoy (no answer),oncology_endo_cardio,PMCID,PMC13122621,10.1093/eschf/xvag008,Real-world data on early initiation of sodium-glucose co-transporter-2 inhibitors in newly diagnosed heart failure with reduced ejection fraction,ESC heart failure,2026,https://www.ncbi.nlm.nih.gov/pmc/articles/PMC13122621/
PMC13122623,decoy (no answer),oncology_endo_cardio,PMCID,PMC13122623,10.1093/eschf/xvag094,"Global burden of heart failure attributable to atrial fibrillation and flutter, insights from GBD 2021",ESC heart failure,2026,https://www.ncbi.nlm.nih.gov/pmc/articles/PMC13122623/
PMC13122628,decoy (no answer),oncology_endo_cardio,PMCID,PMC13122628,10.1093/eschf/xvag107,Worsening heart failure-based hierarchical endpoints beyond HF hospitalization: expert opinion paper,ESC heart failure,2026,https://www.ncbi.nlm.nih.gov/pmc/articles/PMC13122628/
PMC13122629,decoy (no answer),oncology_endo_cardio,PMCID,PMC13122629,10.1093/eschf/xvag073,Effects of metabolic syndrome on cardiovascular outcomes in non-obese heart failure patients,ESC heart failure,2026,https://www.ncbi.nlm.nih.gov/pmc/articles/PMC13122629/
PMC13122913,decoy (no answer),internal_medicine,PMCID,PMC13122913,10.1186/s12902-026-02226-w,The body mass index-glucose index as a new tool for early detection of the risk of dysglycemia in patients with hypertension and obstructive sleep apnea,BMC endocrine disorders,2026,https://www.ncbi.nlm.nih.gov/pmc/articles/PMC13122913/
PMC13123060,decoy (no answer),oncology_endo_cardio,PMCID,PMC13123060,10.1080/15384047.2026.2663610,UCHL5 suppresses thyroid carcinoma progression via ZRANB1 stabilization and ferroptosis regulation,Cancer biology & therapy,2026,https://www.ncbi.nlm.nih.gov/pmc/articles/PMC13123060/
PMC13123110,decoy (no answer),neurology_non_epilepsy,PMCID,PMC13123110,10.1186/s40035-026-00550-8,N-terminally acetylated Met11-Tau: a new pathological truncated Tau species with functional relevance in Alzheimer's disease,Translational neurodegeneration,2026,https://www.ncbi.nlm.nih.gov/pmc/articles/PMC13123110/
PMC13123121,decoy (no answer),oncology_endo_cardio,PMCID,PMC13123121,10.1186/s13059-026-04030-0,Phase separation of β-catenin assembles active loop hubs in colorectal cancer,Genome biology,2026,https://www.ncbi.nlm.nih.gov/pmc/articles/PMC13123121/
PMC13123203,decoy (no answer),oncology_endo_cardio,PMCID,PMC13123203,10.1111/eci.70212,Identification of miR-150-5p in Human Amniotic Membrane Mesenchymal Cell-Derived Extracellular Vesicles as a Novel Mechanism Driving Cardioprotection,European journal of clinical investigation,2026,https://www.ncbi.nlm.nih.gov/pmc/articles/PMC13123203/
PMC13123300,decoy (no answer),neurology_non_epilepsy,PMCID,PMC13123300,10.1111/psyg.70171,Agitation Severity and Psychotropic Prescription in Acute Patients With Delirium Superimposed on Dementia,Psychogeriatrics : the official journal of the Japanese Psychogeriatric Society,2026,https://www.ncbi.nlm.nih.gov/pmc/articles/PMC13123300/
PMC13123454,decoy (no answer),neurology_non_epilepsy,PMCID,PMC13123454,10.1002/cns.70910,AS1842856 Reduces β-Amyloid Burden via Inhibiting PLA2G4A-Mediated Lysosomal Dysfunction in APP/PS1 Mice,CNS neuroscience & therapeutics,2026,https://www.ncbi.nlm.nih.gov/pmc/articles/PMC13123454/
PMC13123514,decoy (no answer),neurology_non_epilepsy,PMCID,PMC13123514,10.1590/1980-220X-REEUSP-2025-0293en,The effect of nurse-led interventions on quality of life in stroke patients: a systematic review and meta-analysis,Revista da Escola de Enfermagem da U S P,2026,https://www.ncbi.nlm.nih.gov/pmc/articles/PMC13123514/
PMC13123551,decoy (no answer),internal_medicine,PMCID,PMC13123551,10.2147/COPD.S572998,Community-Based Case-Finding for Chronic Obstructive Pulmonary Disease and Self-Management Education in Partnership with Faith-Based Organizations,International journal of chronic obstructive pulmonary disease,2026,https://www.ncbi.nlm.nih.gov/pmc/articles/PMC13123551/
PMC13123555,decoy (no answer),internal_medicine,PMCID,PMC13123555,10.2147/COPD.S588302,"COPD in Africa in the Post-COVID Era: A GBD 2023 Analysis of Trends, Demographic Drivers and Health-System Performance",International journal of chronic obstructive pulmonary disease,2026,https://www.ncbi.nlm.nih.gov/pmc/articles/PMC13123555/
PMC13123626,decoy (no answer),oncology_endo_cardio,PMCID,PMC13123626,10.1016/j.celrep.2026.117045,APC coordinates GSK3 phosphorylation of SETD8 to suppress colorectal cancer,Cell reports,2026,https://www.ncbi.nlm.nih.gov/pmc/articles/PMC13123626/
PMC13123683,decoy (no answer),internal_medicine,PMCID,PMC13123683,10.1093/cvr/cvag054,"The impact of inflammation, neuromodulation, and gut microbiota on developing cardiac fibrosis and hypertension",Cardiovascular research,2026,https://www.ncbi.nlm.nih.gov/pmc/articles/PMC13123683/
PMC13123747,decoy (no answer),internal_medicine,PMCID,PMC13123747,10.1096/fj.202504652RR,Elevated ASGR1 as a Potential Diagnostic Biomarker for Coronary Artery Disease and Predictor of Adverse Outcomes in Hypertensive Patients,FASEB journal : official publication of the Federation of American Societies for Experimental Biology,2026,https://www.ncbi.nlm.nih.gov/pmc/articles/PMC13123747/
PMC13123751,decoy (no answer),oncology_endo_cardio,PMCID,PMC13123751,10.2196/86885,Participation in Cervical and Breast Cancer Screening Among Working Women in Japan: Panel Survey Study,JMIR cancer,2026,https://www.ncbi.nlm.nih.gov/pmc/articles/PMC13123751/
PMC13123754,decoy (no answer),surgery_derm_id,PMCID,PMC13123754,10.2196/75351,"Building EVA (Educación, Vinculación, y Autoayuda): Tutorial for the Development of a Digital Mental Health Chatbot for Adolescents Living With HIV",Journal of medical Internet research,2026,https://www.ncbi.nlm.nih.gov/pmc/articles/PMC13123754/
PMC13123758,decoy (no answer),neurology_non_epilepsy,PMCID,PMC13123758,10.2196/82629,Effects of a Soft Robotic Exoskeleton for Gait Training on Clinical Outcomes in Patients With Parkinson Disease: Randomized Controlled Pilot Study,Journal of medical Internet research,2026,https://www.ncbi.nlm.nih.gov/pmc/articles/PMC13123758/
PMC13123759,decoy (no answer),surgery_derm_id,PMCID,PMC13123759,10.2196/79219,Machine Learning in HIV Care and Antiretroviral Therapy: Systematic Review,Journal of medical Internet research,2026,https://www.ncbi.nlm.nih.gov/pmc/articles/PMC13123759/
PMC13123765,decoy (no answer),neurology_non_epilepsy,PMCID,PMC13123765,10.1590/1678-7765-2025-0780,Parkinson's disease and Porphyromonas gingivalis levels: a case-control study,Journal of applied oral science : revista FOB,2026,https://www.ncbi.nlm.nih.gov/pmc/articles/PMC13123765/
PMC13123788,decoy (no answer),oncology_endo_cardio,PMCID,PMC13123788,10.1590/1678-7765-2025-0077,Diversity of Streptococcus mutans serotypes isolated from dental plaque of Brazilian patients with a history of acute myocardial infarction,Journal of applied oral science : revista FOB,2026,https://www.ncbi.nlm.nih.gov/pmc/articles/PMC13123788/
PMC13123801,decoy (no answer),oncology_endo_cardio,PMCID,PMC13123801,10.1073/pnas.2508762123,Targeting CRTC2 reverses STK11 mutant NSCLC tumor resistance to immunotherapy,Proceedings of the National Academy of Sciences of the United States of America,2026,https://www.ncbi.nlm.nih.gov/pmc/articles/PMC13123801/
PMC13123963,decoy (no answer),neurology_non_epilepsy,PMCID,PMC13123963,10.1371/journal.pmed.1005059,The principles of Population-Level Approaches to Dementia Risk Reduction (PLADRR),PLoS medicine,2026,https://www.ncbi.nlm.nih.gov/pmc/articles/PMC13123963/
PMC13124003,decoy (no answer),internal_medicine,PMCID,PMC13124003,10.1371/journal.pone.0343757,Determinants of clinical severity in children with sickle cell disease and confirmed asthma,PloS one,2026,https://www.ncbi.nlm.nih.gov/pmc/articles/PMC13124003/
PMC13124035,decoy (no answer),oncology_endo_cardio,PMCID,PMC13124035,10.1590/1414-431X2026e15075,"Knockout of Mucin 1 inhibits the proliferation, migration, and invasion of human MDA-MB-231 cells by blocking autophagy flow",Brazilian journal of medical and biological research = Revista brasileira de pesquisas medicas e biologicas,2026,https://www.ncbi.nlm.nih.gov/pmc/articles/PMC13124035/
PMC13124082,decoy (no answer),neurology_non_epilepsy,PMCID,PMC13124082,10.1002/nop2.70535,Supportive Care Needs and Associated Factors Among Family Caregivers of Elderly Patients With Dementia and Diabetes Mellitus: A Cross-Sectional Study,Nursing open,2026,https://www.ncbi.nlm.nih.gov/pmc/articles/PMC13124082/
PMC13124201,decoy (no answer),oncology_endo_cardio,PMCID,PMC13124201,10.1126/science.adu9394,Single intramuscular injection of self-amplifying RNA of Nppa to treat myocardial infarction,"Science (New York, N.Y.)",2026,https://www.ncbi.nlm.nih.gov/pmc/articles/PMC13124201/
PMC13124202,decoy (no answer),internal_medicine,PMCID,PMC13124202,10.1056/NEJMoa2504068,Multifaceted Strategies for Hypertension Control in Low-Income Patients,The New England journal of medicine,2026,https://www.ncbi.nlm.nih.gov/pmc/articles/PMC13124202/
PMC13124218,decoy (no answer),surgery_derm_id,PMCID,PMC13124218,10.55730/1300-0144.6190,Sun-macerated Hypericum perforatum oleates in fixed oils: analytical characterization and comparative wound-healing activity,Turkish journal of medical sciences,2026,https://www.ncbi.nlm.nih.gov/pmc/articles/PMC13124218/
PMC13124220,decoy (no answer),surgery_derm_id,PMCID,PMC13124220,10.55730/1300-0144.6186,"Postexposure prophylaxis for HIV among healthcare workers in Türkiye: a descriptive, multicenter retrospective study",Turkish journal of medical sciences,2026,https://www.ncbi.nlm.nih.gov/pmc/articles/PMC13124220/
PMC13124221,decoy (no answer),internal_medicine,PMCID,PMC13124221,10.55730/1300-0144.6185,Asthma data in Türkiye between 2016 and 2022: a nationwide descriptive and observational study covering the entire adult population,Turkish journal of medical sciences,2026,https://www.ncbi.nlm.nih.gov/pmc/articles/PMC13124221/
PMC13124222,decoy (no answer),oncology_endo_cardio,PMCID,PMC13124222,10.55730/1300-0144.6194,Serum phosphoproteome alterations associated with cardiac troponin I levels in acute myocardial infarction,Turkish journal of medical sciences,2026,https://www.ncbi.nlm.nih.gov/pmc/articles/PMC13124222/
PMC13124261,decoy (no answer),neurology_non_epilepsy,PMCID,PMC13124261,10.1097/MRR.0000000000000703,"Age better discriminates early dysphagia than cough function, respiratory muscle strength, or trunk control after mild stroke",International journal of rehabilitation research. Internationale Zeitschrift fur Rehabilitationsforschung. Revue internationale de recherches de readaptation,2026,https://www.ncbi.nlm.nih.gov/pmc/articles/PMC13124261/
PMC13124275,decoy (no answer),oncology_endo_cardio,PMCID,PMC13124275,10.1093/oncolo/oyag144,Health system strengthening recommendations for lung cancer care: lessons from the COVID-19 pandemic,The oncologist,2026,https://www.ncbi.nlm.nih.gov/pmc/articles/PMC13124275/
PMC13124282,decoy (no answer),neurology_non_epilepsy,PMCID,PMC13124282,10.1093/stcltm/szag024,Extracellular vesicles produced by a large-scale protocol are therapeutically effective in preclinical model of Parkinson's disease,Stem cells translational medicine,2026,https://www.ncbi.nlm.nih.gov/pmc/articles/PMC13124282/
PMC13124288,decoy (no answer),neurology_non_epilepsy,PMCID,PMC13124288,10.1055/s-0046-1820105,"Self-compassion in migraine: associations with depression, anxiety, and clinical characteristics",Arquivos de neuro-psiquiatria,2026,https://www.ncbi.nlm.nih.gov/pmc/articles/PMC13124288/
PMC13124308,decoy (no answer),internal_medicine,PMCID,PMC13124308,10.1002/cph4.70161,Lactobacillus Is Associated With Disease in Pulmonary Arterial Hypertension: A Prospective Cohort Study,Comprehensive Physiology,2026,https://www.ncbi.nlm.nih.gov/pmc/articles/PMC13124308/
PMC13124314,decoy (no answer),surgery_derm_id,PMCID,PMC13124314,10.1111/iwj.70911,A Retrospective Real-World Data Analysis of Pressure Ulcer Healing With Nitric Oxide-Delivering Foam Among Older Adults,International wound journal,2026,https://www.ncbi.nlm.nih.gov/pmc/articles/PMC13124314/
PMC13124315,decoy (no answer),internal_medicine,PMCID,PMC13124315,10.1111/iwj.70926,Negative Pressure Wound Therapy as a Key Strategy in the Management of Severe Diabetic Foot Ulcers in Septic Frail Patients: A Case Series,International wound journal,2026,https://www.ncbi.nlm.nih.gov/pmc/articles/PMC13124315/
PMC13124484,decoy (no answer),internal_medicine,PMCID,PMC13124484,10.3389/fendo.2026.1809244,Gestational and postpartum maternal consequences of gestational diabetes mellitus,Frontiers in endocrinology,2026,https://www.ncbi.nlm.nih.gov/pmc/articles/PMC13124484/
PMC13124507,decoy (no answer),internal_medicine,PMCID,PMC13124507,10.3389/fendo.2026.1816661,Machine learning-based risk predictive models for depression in patients with diabetes: a systematic review and meta-analysis,Frontiers in endocrinology,2026,https://www.ncbi.nlm.nih.gov/pmc/articles/PMC13124507/
PMC13124521,decoy (no answer),internal_medicine,PMCID,PMC13124521,10.3389/fendo.2026.1810159,Vitamin D and cardiovascular autonomic neuropathy in type 2 diabetes mellitus according to diabetic kidney disease stage,Frontiers in endocrinology,2026,https://www.ncbi.nlm.nih.gov/pmc/articles/PMC13124521/
PMC13124525,decoy (no answer),neurology_non_epilepsy,PMCID,PMC13124525,10.3389/fimmu.2026.1798288,"The complement system in Alzheimer's disease: mechanisms, biomarkers, and therapeutic implications",Frontiers in immunology,2026,https://www.ncbi.nlm.nih.gov/pmc/articles/PMC13124525/
PMC13124527,decoy (no answer),neurology_non_epilepsy,PMCID,PMC13124527,10.3389/fendo.2026.1780676,The impact of antidiabetic drugs on dementia risk: a Bayesian network meta-analysis,Frontiers in endocrinology,2026,https://www.ncbi.nlm.nih.gov/pmc/articles/PMC13124527/
PMC13124588,decoy (no answer),internal_medicine,PMCID,PMC13124588,10.3389/fendo.2026.1809663,A three-parameter online nomogram for diabetic retinopathy risk in primary care: development and external validation in an independent cohort of type 2 diabetes,Frontiers in endocrinology,2026,https://www.ncbi.nlm.nih.gov/pmc/articles/PMC13124588/
PMC13124610,decoy (no answer),internal_medicine,PMCID,PMC13124610,10.3389/fimmu.2026.1806382,Serum C3 as an early-warning biomarker for renal pathological progression in DKD,Frontiers in immunology,2026,https://www.ncbi.nlm.nih.gov/pmc/articles/PMC13124610/
PMC13124614,decoy (no answer),internal_medicine,PMCID,PMC13124614,10.3389/fendo.2026.1758096,Application of multimodal ultrasound in the biomechanical evaluation of carotid intima-media thickness in type 2 diabetes mellitus: a focus on subclinical vascular changes,Frontiers in endocrinology,2026,https://www.ncbi.nlm.nih.gov/pmc/articles/PMC13124614/
PMC13124630,decoy (no answer),neurology_non_epilepsy,PMCID,PMC13124630,10.3389/fimmu.2026.1803382,Dual role of Ninjurin-1 in myeloid cell adhesion and inflammation in relapse-remitting EAE,Frontiers in immunology,2026,https://www.ncbi.nlm.nih.gov/pmc/articles/PMC13124630/
PMC13124634,decoy (no answer),internal_medicine,PMCID,PMC13124634,10.3389/fendo.2026.1713815,Type 2 diabetes mellitus and cancer: A systematic review and meta-analysis of Mendelian randomization studies,Frontiers in endocrinology,2026,https://www.ncbi.nlm.nih.gov/pmc/articles/PMC13124634/
PMC13124645,decoy (no answer),neurology_non_epilepsy,PMCID,PMC13124645,10.1002/alz.71448,Designing a communication strategy to promote Alzheimer's disease prevention: The CULTIVAMENTE campaign,Alzheimer's & dementia : the journal of the Alzheimer's Association,2026,https://www.ncbi.nlm.nih.gov/pmc/articles/PMC13124645/
PMC13124649,decoy (no answer),neurology_non_epilepsy,PMCID,PMC13124649,10.1002/alz.71396,"Peripheral vascular function, including endothelium-dependent measures, and dementia risk: The Framingham Heart Study",Alzheimer's & dementia : the journal of the Alzheimer's Association,2026,https://www.ncbi.nlm.nih.gov/pmc/articles/PMC13124649/
PMC13124665,decoy (no answer),neurology_non_epilepsy,PMCID,PMC13124665,10.1002/alz.71407,Reduced risk of dementia with recombinant zoster vaccine in US adults age 65 or older,Alzheimer's & dementia : the journal of the Alzheimer's Association,2026,https://www.ncbi.nlm.nih.gov/pmc/articles/PMC13124665/
PMC13124670,decoy (no answer),oncology_endo_cardio,PMCID,PMC13124670,10.1111/cen.70113,"Pre-RAI Monocyte-to-Lymphocyte Ratio Predicts Early and Higher Recurrence Risk in Intermediate-Risk DTC, While PNI and NRI Show No Prognostic Value",Clinical endocrinology,2026,https://www.ncbi.nlm.nih.gov/pmc/articles/PMC13124670/
PMC13124771,decoy (no answer),oncology_endo_cardio,PMCID,PMC13124771,10.1007/s11306-026-02441-5,Metabolic markers of kidney function and oxidative stress are associated with heart failure with preserved ejection fraction (HFpEF) in individuals with metabolic dysfunction-associated steatotic liver disease (MASLD),Metabolomics : Official journal of the Metabolomic Society,2026,https://www.ncbi.nlm.nih.gov/pmc/articles/PMC13124771/
PMC13124782,decoy (no answer),oncology_endo_cardio,PMCID,PMC13124782,10.1007/s40279-026-02392-w,"Breast Tumor Blood Flow, Disease Progression, and Treatment Response: The Role of Exercise","Sports medicine (Auckland, N.Z.)",2026,https://www.ncbi.nlm.nih.gov/pmc/articles/PMC13124782/
PMC13124791,decoy (no answer),neurology_non_epilepsy,PMCID,PMC13124791,10.1007/s40271-025-00799-7,What Is Important to Patients? A Mixed Methods Study to Understand Patient Experience Commonalities Across Three Conditions,The patient,2026,https://www.ncbi.nlm.nih.gov/pmc/articles/PMC13124791/
PMC13124817,decoy (no answer),neurology_non_epilepsy,PMCID,PMC13124817,10.1007/s11306-026-02439-z,Time-dependent plasma metabolic shifts and mechanistic insights into systemic consequences of cerebral ischemia in middle-aged patients,Metabolomics : Official journal of the Metabolomic Society,2026,https://www.ncbi.nlm.nih.gov/pmc/articles/PMC13124817/
PMC13124836,decoy (no answer),internal_medicine,PMCID,PMC13124836,10.1007/s11356-026-37658-3,Blood trace element concentrations and adult hypertension: A systematic review and meta-analysis of observational studies,Environmental science and pollution research international,2026,https://www.ncbi.nlm.nih.gov/pmc/articles/PMC13124836/
PMC13124841,decoy (no answer),oncology_endo_cardio,PMCID,PMC13124841,10.1007/s12282-026-01847-2,"Characteristics of a multigene assay (MammaPrint/Blueprint) to predict early recurrence of hormone receptor-positive, HER2-negative breast cancer: a case‒control study (WJOG16722B)","Breast cancer (Tokyo, Japan)",2026,https://www.ncbi.nlm.nih.gov/pmc/articles/PMC13124841/
PMC13124870,decoy (no answer),oncology_endo_cardio,PMCID,PMC13124870,10.1007/s11596-026-00173-0,"Overexpression of TFF3 is Associated with Immune Infiltration, Molecular Subtypes, and Clinical Progression in Breast Cancer",Current medical science,2026,https://www.ncbi.nlm.nih.gov/pmc/articles/PMC13124870/
PMC13124944,decoy (no answer),oncology_endo_cardio,PMCID,PMC13124944,10.3389/fimmu.2026.1791363,CALB2 mediates tumor progression and immune escape in colorectal cancer by shaping an inhibitory immune microenvironment,Frontiers in immunology,2026,https://www.ncbi.nlm.nih.gov/pmc/articles/PMC13124944/
PMC13124970,decoy (no answer),neurology_non_epilepsy,PMCID,PMC13124970,10.3389/fimmu.2026.1740656,T cell-mediated immunodysregulation in multiple sclerosis: from pathogenic subsets to therapeutic advances,Frontiers in immunology,2026,https://www.ncbi.nlm.nih.gov/pmc/articles/PMC13124970/
PMC13124997,decoy (no answer),surgery_derm_id,PMCID,PMC13124997,10.3389/fcimb.2026.1794878,Skin microbiome variation in people living with HIV: associations with antiretroviral therapy and host factors,Frontiers in cellular and infection microbiology,2026,https://www.ncbi.nlm.nih.gov/pmc/articles/PMC13124997/
PMC13125001,decoy (no answer),internal_medicine,PMCID,PMC13125001,10.3389/fendo.2026.1809567,"Integrated causal inference, kidney transcriptomics, and experimental validation identify ChREBP (MLXIPL) as a driver of maladaptive metabolic remodeling in diabetic kidney disease",Frontiers in endocrinology,2026,https://www.ncbi.nlm.nih.gov/pmc/articles/PMC13125001/
PMC13125174,decoy (no answer),surgery_derm_id,PMCID,PMC13125174,10.3389/fimmu.2026.1699470,Integrated bioinformatics and machine learning identify early diagnostic biomarkers for MAFLD with comorbid psoriasis,Frontiers in immunology,2026,https://www.ncbi.nlm.nih.gov/pmc/articles/PMC13125174/
PMC13125205,decoy (no answer),internal_medicine,PMCID,PMC13125205,10.1038/s41597-026-07031-7,A longitudinal dataset of hypertensive osteoporotic fracture patients: treatments and long-term outcomes,Scientific data,2026,https://www.ncbi.nlm.nih.gov/pmc/articles/PMC13125205/
PMC13125362,decoy (no answer),neurology_non_epilepsy,PMCID,PMC13125362,10.1002/brb3.71457,Clinically Deployable Handwriting Biomarkers of Parkinson's Disease via Multiscale Attention and Bayesian-Genetic Optimization,Brain and behavior,2026,https://www.ncbi.nlm.nih.gov/pmc/articles/PMC13125362/
PMC13125375,decoy (no answer),oncology_endo_cardio,PMCID,PMC13125375,10.1002/cam4.71901,Ubiquitin-Specific Protease 45 Inhibits Lung Adenocarcinoma Ferroptosis by Regulating Ubiquitination and Stability of Glutathione Peroxidase 4,Cancer medicine,2026,https://www.ncbi.nlm.nih.gov/pmc/articles/PMC13125375/
PMC13125378,decoy (no answer),oncology_endo_cardio,PMCID,PMC13125378,10.1111/aor.70072,Three Ventricular Assist Devices (True TriVAD) as Bridge to Durable Biventricular Support (BiVAD) in LVAD Patient With Severe Aortic Regurgitation,Artificial organs,2026,https://www.ncbi.nlm.nih.gov/pmc/articles/PMC13125378/
PMC13125384,decoy (no answer),oncology_endo_cardio,PMCID,PMC13125384,10.1111/aor.70082,Driveline Infections Among Patients Supported With Left Ventricular Assist Devices: A Single Center Sixteen-Year Longitudinal Profile,Artificial organs,2026,https://www.ncbi.nlm.nih.gov/pmc/articles/PMC13125384/
PMC13125390,decoy (no answer),internal_medicine,PMCID,PMC13125390,10.1002/resp.70201,Epigenetic Dysregulation of the NKX2-1/SPDEF Axis Drives Persistent Goblet Cell Differentiation and Epithelial Barrier Dysfunction in Chronic Obstructive Pulmonary Disease,"Respirology (Carlton, Vic.)",2026,https://www.ncbi.nlm.nih.gov/pmc/articles/PMC13125390/
PMC13125411,decoy (no answer),oncology_endo_cardio,PMCID,PMC13125411,10.1007/s00262-026-04357-4,Immunological impact of tumor-draining lymph node dissection on systemic Th1-like CD4(+) T cells in patients with early-stage lung cancer,"Cancer immunology, immunotherapy : CII",2026,https://www.ncbi.nlm.nih.gov/pmc/articles/PMC13125411/
PMC13125419,decoy (no answer),neurology_non_epilepsy,PMCID,PMC13125419,10.1002/brb3.71460,Association of Sarcopenia With Cognitive Function in Patients With Parkinson's Disease: A Cross-Sectional Study,Brain and behavior,2026,https://www.ncbi.nlm.nih.gov/pmc/articles/PMC13125419/
PMC13125455,decoy (no answer),oncology_endo_cardio,PMCID,PMC13125455,10.1186/s41687-026-01044-x,Health-related quality of life in breast cancer measured with EQ-5D-5L,Journal of patient-reported outcomes,2026,https://www.ncbi.nlm.nih.gov/pmc/articles/PMC13125455/
PMC13125702,decoy (no answer),neurology_non_epilepsy,PMCID,PMC13125702,10.1177/10538135261420819,Interpretable Machine Learning for Stroke Recovery: Predicting Discharge and 3-Month Functional Outcomes,NeuroRehabilitation,2026,https://www.ncbi.nlm.nih.gov/pmc/articles/PMC13125702/
PMC13125710,decoy (no answer),surgery_derm_id,PMCID,PMC13125710,10.1177/13634593251375041,"Problems of equity in US HIV integrated planning, 2015-2021: Enacting a bounded justice continuum","Health (London, England : 1997)",2026,https://www.ncbi.nlm.nih.gov/pmc/articles/PMC13125710/
PMC13125737,decoy (no answer),oncology_endo_cardio,PMCID,PMC13125737,10.1002/gcc.70125,Transcript-Specific DNA Methylation Alterations of the RASSF1 Locus in Cancer Cells,"Genes, chromosomes & cancer",2026,https://www.ncbi.nlm.nih.gov/pmc/articles/PMC13125737/
PMC13125750,decoy (no answer),oncology_endo_cardio,PMCID,PMC13125750,10.1093/icvts/ivag115,Acute Infarction Due to Extrinsic Coronary Compression by Left Ventricular Pseudoaneurysm Following Endocarditis Surgery-Case Management,Interdisciplinary cardiovascular and thoracic surgery,2026,https://www.ncbi.nlm.nih.gov/pmc/articles/PMC13125750/
PMC13125786,decoy (no answer),neurology_non_epilepsy,PMCID,PMC13125786,10.1177/00368504261446585,"Cognitive profiles and dementia severity in older patients with atrial fibrillation, with and without ischemic stroke: A cross-sectional study",Science progress,2026,https://www.ncbi.nlm.nih.gov/pmc/articles/PMC13125786/
PMC13125794,decoy (no answer),oncology_endo_cardio,PMCID,PMC13125794,10.1177/17455057261435107,Acceptability of breast cancer risk assessment amongst general population women aged 30-39 years: A qualitative study,"Women's health (London, England)",2026,https://www.ncbi.nlm.nih.gov/pmc/articles/PMC13125794/
PMC13125809,decoy (no answer),surgery_derm_id,PMCID,PMC13125809,10.1177/17455057261437288,Preferences for PrEP program attributes among Black women aged ⩾45 in the US South: A secondary analysis using discrete choice experiment,"Women's health (London, England)",2026,https://www.ncbi.nlm.nih.gov/pmc/articles/PMC13125809/
PMC13125814,decoy (no answer),surgery_derm_id,PMCID,PMC13125814,10.1177/17455057261428547,Persistent human papillomavirus after thermal ablation in Malawian women with and without HIV: Implications for risk-based cervical cancer prevention in low- and middle-income countries,"Women's health (London, England)",2026,https://www.ncbi.nlm.nih.gov/pmc/articles/PMC13125814/
PMC13125834,decoy (no answer),surgery_derm_id,PMCID,PMC13125834,10.1177/1098612X261437907,Feline plasma cell pododermatitis with concurrent glomerular disease: a case series of 25 cats,Journal of feline medicine and surgery,2026,https://www.ncbi.nlm.nih.gov/pmc/articles/PMC13125834/
PMC13125845,decoy (no answer),surgery_derm_id,PMCID,PMC13125845,10.1177/23259582261446464,"Treatment Outcome, Medication Adherence, and Associated Factors After the Introduction of Dolutegravir-Based Antiretroviral Therapy (ART) Regimen Among HIV/AIDS Patients in Tikur Anbessa Specialized Hospital, Addis Ababa, Ethiopia",Journal of the International Association of Providers of AIDS Care,2026,https://www.ncbi.nlm.nih.gov/pmc/articles/PMC13125845/
PMC13125871,decoy (no answer),internal_medicine,PMCID,PMC13125871,10.1111/1753-0407.70228,Mitochondrial Homeostasis in Pancreatic β Cell Function: Mechanisms and Therapeutic Targets for Diabetes,Journal of diabetes,2026,https://www.ncbi.nlm.nih.gov/pmc/articles/PMC13125871/
PMC13125872,decoy (no answer),neurology_non_epilepsy,PMCID,PMC13125872,10.1111/ggi.70506,"Dementia Care in an Aging World: Achievements, Challenges, and Future Directions",Geriatrics & gerontology international,2026,https://www.ncbi.nlm.nih.gov/pmc/articles/PMC13125872/
PMC13125945,decoy (no answer),surgery_derm_id,PMCID,PMC13125945,10.1002/jia2.70114,Acceptability and Preferences of Long-Acting Injectable Pre-Exposure Prophylaxis and Antiretroviral Therapy Among Men Who Have Sex With Men and People Who Inject Drugs in India: Insights for Future Implementation,Journal of the International AIDS Society,2026,https://www.ncbi.nlm.nih.gov/pmc/articles/PMC13125945/
PMC13125949,decoy (no answer),surgery_derm_id,PMCID,PMC13125949,10.1002/jia2.70118,Towards More Accessible and More Inclusive PrEP to Break the Cycle of HIV in France,Journal of the International AIDS Society,2026,https://www.ncbi.nlm.nih.gov/pmc/articles/PMC13125949/
PMC13125951,decoy (no answer),internal_medicine,PMCID,PMC13125951,10.1002/edm2.70227,Hypoglycaemia Risk Prediction Models for Type 2 Diabetes: A Systematic Review and Meta-Analysis,"Endocrinology, diabetes & metabolism",2026,https://www.ncbi.nlm.nih.gov/pmc/articles/PMC13125951/
PMC13125956,decoy (no answer),surgery_derm_id,PMCID,PMC13125956,10.1002/jia2.70120,Scaling Up HIV Self-Testing in Africa: Insights From National Programmatic Data in Eight Countries,Journal of the International AIDS Society,2026,https://www.ncbi.nlm.nih.gov/pmc/articles/PMC13125956/
PMC13125978,decoy (no answer),oncology_endo_cardio,PMCID,PMC13125978,10.2196/88665,Transfer Learning and Machine Learning for Training Five-Year Survival Prognostic Models in Early Breast Cancer: Development and Validation Study,Journal of medical Internet research,2026,https://www.ncbi.nlm.nih.gov/pmc/articles/PMC13125978/
PMC13126068,decoy (no answer),neurology_non_epilepsy,PMCID,PMC13126068,10.1017/jns.2026.10081,Association between carbohydrate consumption and self-assessed severe headache or migraine among American adults,Journal of nutritional science,2026,https://www.ncbi.nlm.nih.gov/pmc/articles/PMC13126068/
PMC13126105,decoy (no answer),oncology_endo_cardio,PMCID,PMC13126105,10.1093/eurjcn/zvaf143,What services are currently provided to people with heart failure with preserved ejection fraction in the UK and what are their components? A systematic scoping review,European journal of cardiovascular nursing,2026,https://www.ncbi.nlm.nih.gov/pmc/articles/PMC13126105/
PMC13126124,decoy (no answer),internal_medicine,PMCID,PMC13126124,10.1183/16000617.0293-2025,Oscillometry for the diagnosis of asthma in children: a systematic review,European respiratory review : an official journal of the European Respiratory Society,2026,https://www.ncbi.nlm.nih.gov/pmc/articles/PMC13126124/
PMC13126125,decoy (no answer),internal_medicine,PMCID,PMC13126125,10.1183/16000617.0212-2025,Differentiating the start of an exacerbation from day-to-day variation in people with COPD: a systematic review,European respiratory review : an official journal of the European Respiratory Society,2026,https://www.ncbi.nlm.nih.gov/pmc/articles/PMC13126125/
PMC13126127,decoy (no answer),internal_medicine,PMCID,PMC13126127,10.1183/16000617.0290-2025,Rural versus urban living and COPD: a systematic review,European respiratory review : an official journal of the European Respiratory Society,2026,https://www.ncbi.nlm.nih.gov/pmc/articles/PMC13126127/
PMC13126133,decoy (no answer),internal_medicine,PMCID,PMC13126133,10.4314/ahs.v26i1.14,Impact of metabolic syndrome on the progression of arterial stiffness in people of African ancestry,African health sciences,2026,https://www.ncbi.nlm.nih.gov/pmc/articles/PMC13126133/
PMC13126134,decoy (no answer),oncology_endo_cardio,PMCID,PMC13126134,10.4314/ahs.v26i1.12,Differences in anatomoclinical profiles between RAS-Mutated and Wild-Type colorectal cancers in an Eastern Algerian Cohort,African health sciences,2026,https://www.ncbi.nlm.nih.gov/pmc/articles/PMC13126134/
PMC13126135,decoy (no answer),oncology_endo_cardio,PMCID,PMC13126135,10.4314/ahs.v26i1.13,Histopathological patterns of thyroid lesions in a teaching health facility: an 11-year review,African health sciences,2026,https://www.ncbi.nlm.nih.gov/pmc/articles/PMC13126135/
PMC13126136,decoy (no answer),internal_medicine,PMCID,PMC13126136,10.4314/ahs.v26i1.15,Use of proton pump inhibitors and increased risk of fracture in type 2 DM and menopausal women: a systematic review and meta-analysis,African health sciences,2026,https://www.ncbi.nlm.nih.gov/pmc/articles/PMC13126136/
PMC13126143,decoy (no answer),surgery_derm_id,PMCID,PMC13126143,10.4314/ahs.v26i1.4,"Enhancing tuberculosis treatment success: gender dynamics and designated drug supervisors in Tasikmalaya, Indonesia",African health sciences,2026,https://www.ncbi.nlm.nih.gov/pmc/articles/PMC13126143/
PMC13126222,decoy (no answer),neurology_non_epilepsy,PMCID,PMC13126222,10.1001/jamanetworkopen.2026.9584,Continuation vs Switching Direct Oral Anticoagulant Therapy After Breakthrough Stroke,JAMA network open,2026,https://www.ncbi.nlm.nih.gov/pmc/articles/PMC13126222/
PMC13126302,decoy (no answer),oncology_endo_cardio,PMCID,PMC13126302,10.2174/0115734056385352250410053810,Radiomics of Vascular Structures in Pulmonary Ground-glass Nodules: A Predictor of Invasiveness,Current medical imaging,2025,https://www.ncbi.nlm.nih.gov/pmc/articles/PMC13126302/
PMC13126397,decoy (no answer),oncology_endo_cardio,PMCID,PMC13126397,10.32604/or.2026.075314,Identify MTDH as a Key Gene of Radio-Resistance in Colorectal Cancer Based on Multi-Omics and Experimental Validation,Oncology research,2026,https://www.ncbi.nlm.nih.gov/pmc/articles/PMC13126397/
PMC13126400,decoy (no answer),oncology_endo_cardio,PMCID,PMC13126400,10.32604/or.2026.073081,Circ72688 Drives Breast Cancer Invasion and Metastasis via the miR-654-5p/ORAI2 Axis,Oncology research,2026,https://www.ncbi.nlm.nih.gov/pmc/articles/PMC13126400/
PMC13126401,decoy (no answer),oncology_endo_cardio,PMCID,PMC13126401,10.32604/or.2026.076013,Navigating the Tumor Microenvironment in Colorectal Liver Metastasis: Barriers to Therapy and Emerging Opportunities,Oncology research,2026,https://www.ncbi.nlm.nih.gov/pmc/articles/PMC13126401/
PMC13126402,decoy (no answer),oncology_endo_cardio,PMCID,PMC13126402,10.32604/or.2026.074140,Upregulation of Sox2 Following Saracatinib Treatment Contributes to a Resistant Phenotype in Colorectal Cancer Cells under Growth Factor-Supplemented Conditions,Oncology research,2026,https://www.ncbi.nlm.nih.gov/pmc/articles/PMC13126402/
PMC13126404,decoy (no answer),oncology_endo_cardio,PMCID,PMC13126404,10.32604/or.2026.077059,Isoliquiritigenin Impedes Breast Cancer Progression through PITX1-PFKP-Mediated Glycolysis Reprogramming,Oncology research,2026,https://www.ncbi.nlm.nih.gov/pmc/articles/PMC13126404/
PMC13126416,decoy (no answer),oncology_endo_cardio,PMCID,PMC13126416,10.32604/or.2026.076380,"Comparative Analysis of Tumor Microbiota Identifies a Metastatic-Specific Bacterial Signature, Highlighting Streptococcus spp. As the Predominant Hub across Cancers",Oncology research,2026,https://www.ncbi.nlm.nih.gov/pmc/articles/PMC13126416/
PMC13126418,decoy (no answer),oncology_endo_cardio,PMCID,PMC13126418,10.32604/or.2026.075190,Targeting SRC/STAT3 Signaling Impairs Cancer Stem Cell Activity by Downregulation of Hexokinase-2 in Radioresistant Triple-Negative Breast Cancer Cells,Oncology research,2026,https://www.ncbi.nlm.nih.gov/pmc/articles/PMC13126418/
PMC13126419,decoy (no answer),oncology_endo_cardio,PMCID,PMC13126419,10.32604/or.2026.074965,CDKN1A/p21 Influences the Survival and Expansion of Breast Cancer Stem Cells after Oxidative Damage,Oncology research,2026,https://www.ncbi.nlm.nih.gov/pmc/articles/PMC13126419/
PMC13126431,decoy (no answer),neurology_non_epilepsy,PMCID,PMC13126431,10.1002/ohn.70195,Migraine Features in Patients With Sudden Sensorineural Hearing Loss,Otolaryngology--head and neck surgery : official journal of American Academy of Otolaryngology-Head and Neck Surgery,2026,https://www.ncbi.nlm.nih.gov/pmc/articles/PMC13126431/
PMC13126452,decoy (no answer),internal_medicine,PMCID,PMC13126452,10.3389/fendo.2026.1776717,Sodium-glucose cotransporter-2 inhibitors in cancer patients with type 2 diabetes and established immune checkpoint inhibitor-related cardiotoxicity: a retrospective analysis,Frontiers in endocrinology,2026,https://www.ncbi.nlm.nih.gov/pmc/articles/PMC13126452/
PMC13126526,decoy (no answer),surgery_derm_id,PMCID,PMC13126526,10.25259/IJMR_1794_2025,Diagnostic accuracy and safety of Cy-Tb for detection of tuberculosis infection: A multicentric study from India,The Indian journal of medical research,2026,https://www.ncbi.nlm.nih.gov/pmc/articles/PMC13126526/
PMC13126538,decoy (no answer),internal_medicine,PMCID,PMC13126538,10.25259/IJMR_3385_2025,Association of GCKR and GLIS3 gene polymorphisms with gestational diabetes mellitus: A case-control study,The Indian journal of medical research,2026,https://www.ncbi.nlm.nih.gov/pmc/articles/PMC13126538/
PMC13126548,decoy (no answer),oncology_endo_cardio,PMCID,PMC13126548,10.3389/fimmu.2026.1774211,The human microbiome reshapes the breast cancer immune-metabolic-hormonal microenvironment,Frontiers in immunology,2026,https://www.ncbi.nlm.nih.gov/pmc/articles/PMC13126548/
PMC13126589,decoy (no answer),oncology_endo_cardio,PMCID,PMC13126589,10.32604/or.2026.073799,"Bevacizumab and Paclitaxel in Advanced, Hormone Receptor-Positive Breast Cancer: Multifactor Dimensionality Reduction Methodology to Identify Best Overall Survival",Oncology research,2026,https://www.ncbi.nlm.nih.gov/pmc/articles/PMC13126589/
PMC13126603,decoy (no answer),oncology_endo_cardio,PMCID,PMC13126603,10.32604/or.2026.076281,The Role of Immunotherapy in Resectable Non-Small Cell Lung Cancer,Oncology research,2026,https://www.ncbi.nlm.nih.gov/pmc/articles/PMC13126603/
PMC13126615,decoy (no answer),oncology_endo_cardio,PMCID,PMC13126615,10.1155/tbj/5673713,Cancer-Associated Adipocytes in Human Breast Cancer: An Observational Histopathological Study of Dedifferentiation and Stromal Transition,The breast journal,2026,https://www.ncbi.nlm.nih.gov/pmc/articles/PMC13126615/
PMC13126647,decoy (no answer),oncology_endo_cardio,PMCID,PMC13126647,10.1093/biomtc/ujag063,Bayesian adaptive randomization in the I-SPY2 sequential multiple assignment randomized trial,Biometrics,2026,https://www.ncbi.nlm.nih.gov/pmc/articles/PMC13126647/
PMC13126662,decoy (no answer),oncology_endo_cardio,PMCID,PMC13126662,10.1093/eschf/xvag102,Association between functional Status and cardiac function in chronic heart failure: insights from the C-MIC II Trial,ESC heart failure,2026,https://www.ncbi.nlm.nih.gov/pmc/articles/PMC13126662/
PMC13126665,decoy (no answer),internal_medicine,PMCID,PMC13126665,10.1093/bjsopen/zrag028,Sleeve gastrectomy versus Roux-en-Y-gastric bypass in patients with body mass index over 50 kg/m2: international multicentre cohort,BJS open,2025,https://www.ncbi.nlm.nih.gov/pmc/articles/PMC13126665/
PMC13126689,decoy (no answer),oncology_endo_cardio,PMCID,PMC13126689,10.1186/s13063-026-09553-2,Testing interventions to increase participation in the Australian National Bowel Cancer Screening Program among persistent never-screeners: study protocol for a randomised controlled trial,Trials,2026,https://www.ncbi.nlm.nih.gov/pmc/articles/PMC13126689/
PMC13126711,decoy (no answer),oncology_endo_cardio,PMCID,PMC13126711,10.1186/s13148-026-02133-w,GLYATL1 is associated with metabolic and epigenetic changes and with endocrine resistance in luminal breast cancer,Clinical epigenetics,2026,https://www.ncbi.nlm.nih.gov/pmc/articles/PMC13126711/
PMC13126713,decoy (no answer),oncology_endo_cardio,PMCID,PMC13126713,10.1186/s12967-026-08022-3,Deciphering lung adenocarcinoma heterogeneity: a multi-omics approach reveals nuclear division fibroblasts as prognosticators and therapeutic targets,Journal of translational medicine,2026,https://www.ncbi.nlm.nih.gov/pmc/articles/PMC13126713/
PMC13126896,decoy (no answer),oncology_endo_cardio,PMCID,PMC13126896,10.1186/s12931-026-03634-1,The Wnt receptor Frizzled3 (FZD3) drives aggressive phenotypes in small cell lung cancer,Respiratory research,2026,https://www.ncbi.nlm.nih.gov/pmc/articles/PMC13126896/
PMC13126901,decoy (no answer),neurology_non_epilepsy,PMCID,PMC13126901,10.1186/s12876-025-04554-y,Exercise pretreatment intervention alleviates intestinal dysbiosis and improves intestinal dysfunction in stroke rats,BMC gastroenterology,2026,https://www.ncbi.nlm.nih.gov/pmc/articles/PMC13126901/
PMC13126952,decoy (no answer),internal_medicine,PMCID,PMC13126952,10.1080/07853890.2026.2654248,Diabetic cerebral microvascular disorder: from key pathologies to targeted interventions,Annals of medicine,2026,https://www.ncbi.nlm.nih.gov/pmc/articles/PMC13126952/
PMC13126966,decoy (no answer),internal_medicine,PMCID,PMC13126966,10.1186/s13287-026-04972-z,Hydrogel-based delivery of MSCs and derivatives for improved diabetic retinopathy therapy,Stem cell research & therapy,2026,https://www.ncbi.nlm.nih.gov/pmc/articles/PMC13126966/
PMC13127131,decoy (no answer),surgery_derm_id,PMCID,PMC13127131,10.1016/j.mmr.2026.100019,"ROS-responsive drug delivery systems for chronic wound healing: advances, challenges, and translational perspectives",Military Medical Research,2026,https://www.ncbi.nlm.nih.gov/pmc/articles/PMC13127131/
PMC13127145,decoy (no answer),neurology_non_epilepsy,PMCID,PMC13127145,10.1093/her/cyag011,Evaluating nurse-led self-regulation in multiple sclerosis management with an interactive web-based program: a randomized controlled trial,Health education research,2026,https://www.ncbi.nlm.nih.gov/pmc/articles/PMC13127145/
PMC13127149,decoy (no answer),oncology_endo_cardio,PMCID,PMC13127149,10.1016/j.mmr.2026.100020,Bridging the lung cancer screening eligibility gap: evaluation of guideline applicability in asymptomatic patients,Military Medical Research,2026,https://www.ncbi.nlm.nih.gov/pmc/articles/PMC13127149/
PMC13127155,decoy (no answer),internal_medicine,PMCID,PMC13127155,10.1016/j.mmr.2026.100028,Associations of Different Definitions of Prediabetes and Diabetes with All-Cause and Cause-Specific Mortality: A Nationally Representative Cohort Study,Military Medical Research,2026,https://www.ncbi.nlm.nih.gov/pmc/articles/PMC13127155/
PMC13127239,decoy (no answer),internal_medicine,PMCID,PMC13127239,10.1111/jep.70456,A Remote Chronic Disease Management Program to Improve Cardiovascular and Metabolic Outcomes in a Diverse Community-Based Diabetic Population: Study Design of the TAMIS Trial,Journal of evaluation in clinical practice,2026,https://www.ncbi.nlm.nih.gov/pmc/articles/PMC13127239/
PMC13127282,decoy (no answer),oncology_endo_cardio,PMCID,PMC13127282,10.31053/1853.0605.v83.n1.44679,"[Rapidly involuting congenital hemangioma, diagnosed prenatally with heart failure and posnatal follow up]","Revista de la Facultad de Ciencias Medicas (Cordoba, Argentina)",2026,https://www.ncbi.nlm.nih.gov/pmc/articles/PMC13127282/
PMC13127287,decoy (no answer),neurology_non_epilepsy,PMCID,PMC13127287,10.31053/1853.0605.v83.n1.46236,[Ischemic stroke in dengue: Are we facing an immunomediated response? A case report],"Revista de la Facultad de Ciencias Medicas (Cordoba, Argentina)",2026,https://www.ncbi.nlm.nih.gov/pmc/articles/PMC13127287/
PMC13127418,decoy (no answer),oncology_endo_cardio,PMCID,PMC13127418,10.1093/jncics/pkag028,Interaction of endocrine therapy for breast cancer with APOE4 status on cognition over 5-year follow-up,JNCI cancer spectrum,2026,https://www.ncbi.nlm.nih.gov/pmc/articles/PMC13127418/
PMC13127459,decoy (no answer),oncology_endo_cardio,PMCID,PMC13127459,10.1016/j.jss.2025.04.045,"""Watch-and-Wait"" or ""Lost to Follow-Up""? Adherence to Nonoperative Management of Rectal Cancer",The Journal of surgical research,2025,https://www.ncbi.nlm.nih.gov/pmc/articles/PMC13127459/
PMC13127555,decoy (no answer),surgery_derm_id,PMCID,PMC13127555,10.1111/aji.70240,Novel Approaches for Investigating Host Responses to HIV Infection in Ex Vivo Human Genital Tissues,"American journal of reproductive immunology (New York, N.Y. : 1989)",2026,https://www.ncbi.nlm.nih.gov/pmc/articles/PMC13127555/
PMC13127694,decoy (no answer),neurology_non_epilepsy,PMCID,PMC13127694,10.1002/nop2.70581,Development and Reliability Test of the Intravenous Thrombolysis Intention Scale for Patients With Acute Ischemic Stroke,Nursing open,2026,https://www.ncbi.nlm.nih.gov/pmc/articles/PMC13127694/
PMC13127738,decoy (no answer),oncology_endo_cardio,PMCID,PMC13127738,10.1097/DCR.0000000000004059,Laparoscopic Sacrectomy as Part of En Bloc Resection for Locally Recurrent Rectal Cancer,Diseases of the colon and rectum,2026,https://www.ncbi.nlm.nih.gov/pmc/articles/PMC13127738/
PMC13127750,decoy (no answer),surgery_derm_id,PMCID,PMC13127750,10.1093/infdis/jiag052,Population Pharmacokinetic Modeling of Standard- and High-Dose Rifampicin for Tuberculosis Preventive Therapy in the 2R2 Randomized Controlled Trial,The Journal of infectious diseases,2026,https://www.ncbi.nlm.nih.gov/pmc/articles/PMC13127750/
PMC13127761,decoy (no answer),oncology_endo_cardio,PMCID,PMC13127761,10.1093/oncolo/oyag146,Comparative real-world progression free survival of CDK4/6 inhibitors in HR+/HER2- breast cancer patients with bone metastases,The oncologist,2026,https://www.ncbi.nlm.nih.gov/pmc/articles/PMC13127761/
PMC13127768,decoy (no answer),surgery_derm_id,PMCID,PMC13127768,10.1093/infdis/jiag050,Modeling the Impact of Case Finding for Tuberculosis: The Role of Infection Dynamics,The Journal of infectious diseases,2026,https://www.ncbi.nlm.nih.gov/pmc/articles/PMC13127768/
PMC13127774,decoy (no answer),surgery_derm_id,PMCID,PMC13127774,10.1093/infdis/jiaf583,Neuroaxonal Injury in Acute HIV Infection and Following Immediate Antiretroviral Therapy,The Journal of infectious diseases,2026,https://www.ncbi.nlm.nih.gov/pmc/articles/PMC13127774/
PMC13127857,decoy (no answer),neurology_non_epilepsy,PMCID,PMC13127857,10.2196/71190,Online Community Support for Stroke Survivors and Caregivers: Scoping Review,Journal of medical Internet research,2026,https://www.ncbi.nlm.nih.gov/pmc/articles/PMC13127857/
PMC13127891,decoy (no answer),neurology_non_epilepsy,PMCID,PMC13127891,10.1093/jnen/nlaf149,Comparing Gallyas and AT8 staining for quantification of tau pathology in subregions of the human hippocampus,Journal of neuropathology and experimental neurology,2026,https://www.ncbi.nlm.nih.gov/pmc/articles/PMC13127891/
PMC13127892,decoy (no answer),oncology_endo_cardio,PMCID,PMC13127892,10.1093/europace/euag047,Fto-mediated m6A demethylation of Lox drives atrial fibrosis and promotes atrial fibrillation in a murine model of hyperthyroidism,"Europace : European pacing, arrhythmias, and cardiac electrophysiology : journal of the working groups on cardiac pacing, arrhythmias, and cardiac cellular electrophysiology of the European Society of Cardiology",2026,https://www.ncbi.nlm.nih.gov/pmc/articles/PMC13127892/
PMC13127903,decoy (no answer),internal_medicine,PMCID,PMC13127903,10.1371/journal.pone.0348214,Artemether ameliorates type 1 diabetic liver injury alongside the associated defects in mitochondrial ultrastructure and central carbon metabolism,PloS one,2026,https://www.ncbi.nlm.nih.gov/pmc/articles/PMC13127903/
PMC13127938,decoy (no answer),neurology_non_epilepsy,PMCID,PMC13127938,10.1371/journal.pone.0347988,A feasibility study on the efficacy of a VR-based mindfulness intervention for dementia caregivers in the home environment: A pilot randomized control trial protocol,PloS one,2026,https://www.ncbi.nlm.nih.gov/pmc/articles/PMC13127938/
PMC13127941,decoy (no answer),neurology_non_epilepsy,PMCID,PMC13127941,10.1371/journal.pone.0345938,Quality of care index and gender disparity ratio for stroke and its subtypes from the Global Burden of Disease Study 2021,PloS one,2026,https://www.ncbi.nlm.nih.gov/pmc/articles/PMC13127941/
PMC13127946,decoy (no answer),internal_medicine,PMCID,PMC13127946,10.1371/journal.pone.0346564,The association between state-level negative racial sentiment and maternal hypertension in the US from 2016 to 2021: An observational study using Twitter data,PloS one,2026,https://www.ncbi.nlm.nih.gov/pmc/articles/PMC13127946/
PMC13127961,decoy (no answer),internal_medicine,PMCID,PMC13127961,10.1371/journal.pone.0348083,Nonlinear thresholds in lipid-frailty interplay: Precision targets for severe airflow limitation in aging adults,PloS one,2026,https://www.ncbi.nlm.nih.gov/pmc/articles/PMC13127961/
PMC13127976,decoy (no answer),oncology_endo_cardio,PMCID,PMC13127976,10.1371/journal.pone.0347607,Spatial and temporal modeling of breast cancer mortality in Kansas: An R-INLA approach,PloS one,2026,https://www.ncbi.nlm.nih.gov/pmc/articles/PMC13127976/
PMC13128003,decoy (no answer),internal_medicine,PMCID,PMC13128003,10.33549/physiolres.935691,Role of PKM2 Tetramer in Modulating Endothelial Mitochondrial Dysfunction in a Rat Model of Chronic Thromboembolic Pulmonary Hypertension,Physiological research,2026,https://www.ncbi.nlm.nih.gov/pmc/articles/PMC13128003/
PMC13128025,decoy (no answer),oncology_endo_cardio,PMCID,PMC13128025,10.1080/15592294.2026.2660022,NOS1 hypermethylation may participate in the colorectal cancer development and be associated with its prognosis,Epigenetics,2026,https://www.ncbi.nlm.nih.gov/pmc/articles/PMC13128025/
PMC13128065,decoy (no answer),surgery_derm_id,PMCID,PMC13128065,10.2196/81192,Culturally Tailored Materials for Smoking Cessation and HIV Care Adherence Among Hispanic Adults: Protocol for Content Development and Formative Evaluation,JMIR research protocols,2026,https://www.ncbi.nlm.nih.gov/pmc/articles/PMC13128065/
PMC13128115,decoy (no answer),surgery_derm_id,PMCID,PMC13128115,10.1371/journal.ppat.1014131,Physiologic recovery of Mycobacterium tuberculosis from drug injury: A molecular study of post antibiotic effect in vitro and in vivo,PLoS pathogens,2026,https://www.ncbi.nlm.nih.gov/pmc/articles/PMC13128115/
PMC13128134,decoy (no answer),internal_medicine,PMCID,PMC13128134,10.1371/journal.pone.0347741,Implications of acute change in estimated Glomerular Filtration Rate (eGFR) for the effect of sodium-glucose cotransporter-2 inhibitors (SGLT-2i) on long-term endpoints,PloS one,2026,https://www.ncbi.nlm.nih.gov/pmc/articles/PMC13128134/
PMC13128251,decoy (no answer),oncology_endo_cardio,PMCID,PMC13128251,10.31744/einstein_journal/2026AO1922,Prospective study of the behavior of totally implantable catheters in female oncology patients with mammary hypertrophy,"Einstein (Sao Paulo, Brazil)",2026,https://www.ncbi.nlm.nih.gov/pmc/articles/PMC13128251/
PMC13128276,decoy (no answer),internal_medicine,PMCID,PMC13128276,10.1093/ehjci/jeag047,Abnormal myocardial perfusion reserve and myocardial infarction determine cardiovascular outcomes in type 2 diabetes mellitus,European heart journal. Cardiovascular Imaging,2026,https://www.ncbi.nlm.nih.gov/pmc/articles/PMC13128276/
PMC13128304,decoy (no answer),oncology_endo_cardio,PMCID,PMC13128304,10.1002/cnr2.70563,Observation on the Efficacy of Hyperbaric Oxygen as Adjuvant Therapy for Breast Cancer-Related Wounds: A Case Report,"Cancer reports (Hoboken, N.J.)",2026,https://www.ncbi.nlm.nih.gov/pmc/articles/PMC13128304/
PMC13128318,decoy (no answer),oncology_endo_cardio,PMCID,PMC13128318,10.1002/cnr2.70564,A Multidisciplinary Approach for a Patient With Synchronous Lip and Thyroid Cancer Involving Radiotherapy,"Cancer reports (Hoboken, N.J.)",2026,https://www.ncbi.nlm.nih.gov/pmc/articles/PMC13128318/
PMC13128322,decoy (no answer),internal_medicine,PMCID,PMC13128322,10.1111/his.70121,Human papillomavirus-associated adenoma of the anorectum,Histopathology,2026,https://www.ncbi.nlm.nih.gov/pmc/articles/PMC13128322/
PMC13128325,decoy (no answer),oncology_endo_cardio,PMCID,PMC13128325,10.1111/his.70091,Real-world prevalence of PD-L1 positivity in early-stage/metastatic triple-negative breast cancer: primary results and pathology insights from the global retrospective observational VANESSA study,Histopathology,2026,https://www.ncbi.nlm.nih.gov/pmc/articles/PMC13128325/
PMC13128334,decoy (no answer),neurology_non_epilepsy,PMCID,PMC13128334,10.1002/alz.71395,Bibliometric analysis of Alzheimer's and dementia research in Latin America,Alzheimer's & dementia : the journal of the Alzheimer's Association,2026,https://www.ncbi.nlm.nih.gov/pmc/articles/PMC13128334/
PMC13128339,decoy (no answer),neurology_non_epilepsy,PMCID,PMC13128339,10.1002/alz.71430,Undiagnosed dementia and mortality among older adults in the United States and Brazil: A cross-national cohort study,Alzheimer's & dementia : the journal of the Alzheimer's Association,2026,https://www.ncbi.nlm.nih.gov/pmc/articles/PMC13128339/
PMC13128346,decoy (no answer),neurology_non_epilepsy,PMCID,PMC13128346,10.1002/alz.71445,Activities of daily living and their neural correlates across the Alzheimer's disease continuum: Evidence from a Latin American cohort,Alzheimer's & dementia : the journal of the Alzheimer's Association,2026,https://www.ncbi.nlm.nih.gov/pmc/articles/PMC13128346/
PMC13128536,decoy (no answer),internal_medicine,PMCID,PMC13128536,10.1111/jcmm.71165,Inhibitory Activity of Conferone on FAK Activity and Glutamine Metabolism in Human Colorectal Cancer,Journal of cellular and molecular medicine,2026,https://www.ncbi.nlm.nih.gov/pmc/articles/PMC13128536/
PMC13128680,decoy (no answer),oncology_endo_cardio,PMCID,PMC13128680,10.1093/europace/euag068,Adverse outcomes due to atrioventricular synchrony loss induced by temporary VVI pacing in patients with pre-existing DDD stimulation: insights from a device recall scenario,"Europace : European pacing, arrhythmias, and cardiac electrophysiology : journal of the working groups on cardiac pacing, arrhythmias, and cardiac cellular electrophysiology of the European Society of Cardiology",2026,https://www.ncbi.nlm.nih.gov/pmc/articles/PMC13128680/
PMC13128717,decoy (no answer),surgery_derm_id,PMCID,PMC13128717,10.1007/s00404-026-08425-z,Improving future care: the role of oncofertility education in medical curricula in Germany. Results of a nationwide survey of 346 medical students,Archives of gynecology and obstetrics,2026,https://www.ncbi.nlm.nih.gov/pmc/articles/PMC13128717/
PMC13128729,decoy (no answer),surgery_derm_id,PMCID,PMC13128729,10.1007/s00404-026-08451-x,Episiotomy and the risk of obstetric anal sphincter injury in nulliparous women with a prolonged second stage,Archives of gynecology and obstetrics,2026,https://www.ncbi.nlm.nih.gov/pmc/articles/PMC13128729/
PMC13128758,decoy (no answer),internal_medicine,PMCID,PMC13128758,10.1007/s00404-026-08427-x,Advanced fetal cardiac monitoring in gestational diabetes mellitus: HbA1c remains the relevant predictor of perinatal outcome under optimal metabolic control,Archives of gynecology and obstetrics,2026,https://www.ncbi.nlm.nih.gov/pmc/articles/PMC13128758/
PMC13128789,decoy (no answer),oncology_endo_cardio,PMCID,PMC13128789,10.1007/s12011-025-04810-y,Effects of Maternal Iodine Deficiency in Women with Mild Thyroid Dysfunction During Early Pregnancy on Mental and Motor Growth of Their Offspring During Levothyroxine Treatment,Biological trace element research,2026,https://www.ncbi.nlm.nih.gov/pmc/articles/PMC13128789/
PMC13128811,decoy (no answer),surgery_derm_id,PMCID,PMC13128811,10.1038/s41467-026-70203-x,Unpacking sources of transmission in HIV prevention trials with deep-sequence pathogen data,Nature communications,2026,https://www.ncbi.nlm.nih.gov/pmc/articles/PMC13128811/
PMC13128832,decoy (no answer),oncology_endo_cardio,PMCID,PMC13128832,10.1038/s41467-026-70703-w,Pyruvate metabolism enzyme Dlat induces mitochondria protein hyperacetylation to limit fatty acid oxidation in the HFpEF heart,Nature communications,2026,https://www.ncbi.nlm.nih.gov/pmc/articles/PMC13128832/
PMC13128869,decoy (no answer),internal_medicine,PMCID,PMC13128869,10.1038/s41598-026-49247-y,Hybrid deep learning and YAMNet features for asthma diagnosis from respiratory sounds,Scientific reports,2026,https://www.ncbi.nlm.nih.gov/pmc/articles/PMC13128869/
PMC13128931,decoy (no answer),neurology_non_epilepsy,PMCID,PMC13128931,10.1038/s41598-026-43707-1,Explainable artificial intelligence for early Alzheimer's diagnosis using enhanced grey relational features and multimodal data,Scientific reports,2026,https://www.ncbi.nlm.nih.gov/pmc/articles/PMC13128931/
PMC13128946,decoy (no answer),oncology_endo_cardio,PMCID,PMC13128946,10.1038/s41540-026-00663-w,Integrated multi-omics and single-cell analysis reveals CDKN2A-mediated cuproptosis mechanisms driving thyroid carcinoma progression,NPJ systems biology and applications,2026,https://www.ncbi.nlm.nih.gov/pmc/articles/PMC13128946/
PMC13128960,decoy (no answer),neurology_non_epilepsy,PMCID,PMC13128960,10.1038/s41598-026-38152-z,Spinal cord involvement and cardiovascular autonomic dysfunction in Parkinson's disease,Scientific reports,2026,https://www.ncbi.nlm.nih.gov/pmc/articles/PMC13128960/
PMC13128967,decoy (no answer),internal_medicine,PMCID,PMC13128967,10.1002/cam4.71884,Fruquintinib Plus TAS-102 With or Without SBRT as Third- Or Later-Line Therapy for Metastatic Colorectal Cancer: Preliminary Results From a Prospective Phase II Trial,Cancer medicine,2026,https://www.ncbi.nlm.nih.gov/pmc/articles/PMC13128967/
PMC13128970,decoy (no answer),internal_medicine,PMCID,PMC13128970,10.1155/jdr/2602864,Diabetes Management by Ayurvedic Practitioners Using a Clinical Guideline Versus Usual Practice: A Feasibility Cluster Randomized Trial in Nepal,Journal of diabetes research,2026,https://www.ncbi.nlm.nih.gov/pmc/articles/PMC13128970/
PMC13128978,decoy (no answer),neurology_non_epilepsy,PMCID,PMC13128978,10.1002/brb3.71442,Efficacy of Abdominal Acupuncture in Poststroke Constipation: A Systematic Review and Meta-Analysis With Trial Sequential Analysis,Brain and behavior,2026,https://www.ncbi.nlm.nih.gov/pmc/articles/PMC13128978/
PMC13128981,decoy (no answer),internal_medicine,PMCID,PMC13128981,10.1155/jdr/7441677,Health Service Leaders' Perspectives on Type 1 Diabetes Models of Care for Children and Young Adults in Australia: A Mixed-Methods Study,Journal of diabetes research,2026,https://www.ncbi.nlm.nih.gov/pmc/articles/PMC13128981/
PMC13128992,decoy (no answer),oncology_endo_cardio,PMCID,PMC13128992,10.1002/jso.70228,Boost Approaches in Patients Undergoing Postoperative Radiotherapy,Journal of surgical oncology,2026,https://www.ncbi.nlm.nih.gov/pmc/articles/PMC13128992/
PMC13128993,decoy (no answer),oncology_endo_cardio,PMCID,PMC13128993,10.1002/jso.70213,Neoadjuvant Chemotherapy in Triple Negative Breast Cancer: A Systematic Review of Breast and Node Pathologic Response,Journal of surgical oncology,2026,https://www.ncbi.nlm.nih.gov/pmc/articles/PMC13128993/
PMC13129025,decoy (no answer),oncology_endo_cardio,PMCID,PMC13129025,10.17269/s41997-025-01118-1,Development of an intervention theory for a mobile mammography unit research project for breast cancer screening,Canadian journal of public health = Revue canadienne de sante publique,2026,https://www.ncbi.nlm.nih.gov/pmc/articles/PMC13129025/
PMC13129093,decoy (no answer),internal_medicine,PMCID,PMC13129093,10.1038/s41598-026-49060-7,Investigating sarcopenia and mucus plugging by chest computed tomography in patients with severe chronic obstructive pulmonary disease,Scientific reports,2026,https://www.ncbi.nlm.nih.gov/pmc/articles/PMC13129093/
PMC13129174,decoy (no answer),oncology_endo_cardio,PMCID,PMC13129174,10.17269/s41997-025-01095-5,A complex intervention to improve life experience during and after acute treatment for breast cancer: Preliminary results from intervention development for the Continuum PAROLE-Onco 360 program,Canadian journal of public health = Revue canadienne de sante publique,2026,https://www.ncbi.nlm.nih.gov/pmc/articles/PMC13129174/
PMC13129192,decoy (no answer),oncology_endo_cardio,PMCID,PMC13129192,10.1093/oncolo/oyag126,Effect of a patient decision aid on shared decision making in patients with differentiated thyroid cancer: a randomized controlled trial,The oncologist,2026,https://www.ncbi.nlm.nih.gov/pmc/articles/PMC13129192/
PMC13129224,decoy (no answer),internal_medicine,PMCID,PMC13129224,10.1155/jdr/6075025,Causal Association Between Commonly Used Medicines and Diabetes-Related Eye Diseases: Univariable and Multivariable Mendelian Randomization Study,Journal of diabetes research,2026,https://www.ncbi.nlm.nih.gov/pmc/articles/PMC13129224/
PMC13129231,decoy (no answer),internal_medicine,PMCID,PMC13129231,10.1002/ctm2.70678,STK25 inhibits cancer-associated fibroblast activation to overcome cetuximab resistance in colorectal cancer,Clinical and translational medicine,2026,https://www.ncbi.nlm.nih.gov/pmc/articles/PMC13129231/
PMC13129241,decoy (no answer),internal_medicine,PMCID,PMC13129241,10.1111/ans.70577,The Australia and New Zealand Diabetic and Ischaemic Foot Outcomes Study (ANZDIFOS),ANZ journal of surgery,2026,https://www.ncbi.nlm.nih.gov/pmc/articles/PMC13129241/
PMC13129247,decoy (no answer),internal_medicine,PMCID,PMC13129247,10.1111/ans.70517,"Timing Intervals and Frequency of Adenoma Surveillance Colonoscopies in Central Queensland, Australia",ANZ journal of surgery,2026,https://www.ncbi.nlm.nih.gov/pmc/articles/PMC13129247/
PMC13129250,decoy (no answer),internal_medicine,PMCID,PMC13129250,10.1111/ans.70514,Out-of-Pocket Costs and Financial Toxicity Associated With the Surgical Management of Oesophageal Cancer,ANZ journal of surgery,2026,https://www.ncbi.nlm.nih.gov/pmc/articles/PMC13129250/
PMC13129251,decoy (no answer),surgery_derm_id,PMCID,PMC13129251,10.1111/jhn.70255,How Dietary Restrictions Can Lead to Being Caught in a Negative Spiral: A Qualitative Study of Patients' Experiences After Orthognathic Surgery,Journal of human nutrition and dietetics : the official journal of the British Dietetic Association,2026,https://www.ncbi.nlm.nih.gov/pmc/articles/PMC13129251/
PMC13129261,decoy (no answer),internal_medicine,PMCID,PMC13129261,10.1111/ans.70547,Pelvic Exenteration: Oncological and Surgical Outcomes From a Single Tertiary Statewide Service,ANZ journal of surgery,2026,https://www.ncbi.nlm.nih.gov/pmc/articles/PMC13129261/
PMC13129290,decoy (no answer),internal_medicine,PMCID,PMC13129290,10.1177/17455057261443143,Rural and urban disparities in postpartum glucose screening rates,"Women's health (London, England)",2026,https://www.ncbi.nlm.nih.gov/pmc/articles/PMC13129290/
PMC13129316,decoy (no answer),oncology_endo_cardio,PMCID,PMC13129316,10.1177/00368504261447451,Association between age-adjusted visceral fat index (AVAI) and congestive heart failure: A cross-sectional study,Science progress,2026,https://www.ncbi.nlm.nih.gov/pmc/articles/PMC13129316/
PMC13129332,decoy (no answer),internal_medicine,PMCID,PMC13129332,10.1177/17455057261442707,Maintaining a healthy lifestyle behaviors and quality of sleep based on the PRECEDE-PROCEED model among women with gestational diabetes in Jordan: A quasi-experimental study,"Women's health (London, England)",2026,https://www.ncbi.nlm.nih.gov/pmc/articles/PMC13129332/
PMC13129402,decoy (no answer),oncology_endo_cardio,PMCID,PMC13129402,10.4274/balkanmedj.galenos.2026.2026-3-145,Anti-Thyroglobulin Antibodies as a Surrogate Tumor Marker for the Follow-Up of the Differentiated Thyroid Carcinoma: Clinical Implications and Pitfalls,Balkan medical journal,2026,https://www.ncbi.nlm.nih.gov/pmc/articles/PMC13129402/
PMC13129403,decoy (no answer),oncology_endo_cardio,PMCID,PMC13129403,10.4274/balkanmedj.galenos.2026.2025-11-113,Ginkgetin Alleviates Doxorubicin-Induced Heart Failure by Regulating Mitochondrial Dysfunction Through the AMPK/Sirt1/NF-κB Signaling Pathway,Balkan medical journal,2026,https://www.ncbi.nlm.nih.gov/pmc/articles/PMC13129403/
PMC13129405,decoy (no answer),surgery_derm_id,PMCID,PMC13129405,10.1155/prm/7529711,"Effectiveness and Safety of a Novel Catheter-Over-Needle Assembly for Postoperative Analgesia in Orthopedic Limb Surgery: A Multicenter, Randomized, Single-Blind, Active-Controlled Noninferiority Trial",Pain research & management,2026,https://www.ncbi.nlm.nih.gov/pmc/articles/PMC13129405/
PMC13129414,decoy (no answer),internal_medicine,PMCID,PMC13129414,10.1111/nmo.70328,Online Group Hypnotherapy for Irritable Bowel Syndrome-a Pilot Study,Neurogastroenterology and motility,2026,https://www.ncbi.nlm.nih.gov/pmc/articles/PMC13129414/
PMC13129486,decoy (no answer),oncology_endo_cardio,PMCID,PMC13129486,10.1111/1759-7714.70294,Extended Indications for Sleeve Lobectomy: A Single-Center Experience of Surgical Management of Central Pulmonary Metastases,Thoracic cancer,2026,https://www.ncbi.nlm.nih.gov/pmc/articles/PMC13129486/
PMC13129493,decoy (no answer),internal_medicine,PMCID,PMC13129493,10.1002/ueg2.70223,Real-World Effectiveness and Safety of Upadacitinib in Crohn's Disease: Insights From the Eneida Registry,United European gastroenterology journal,2026,https://www.ncbi.nlm.nih.gov/pmc/articles/PMC13129493/
PMC13129494,decoy (no answer),surgery_derm_id,PMCID,PMC13129494,10.1111/cts.70563,Evaluation of a Therapeutic Drug Monitoring Strategy for Adalimumab in Psoriasis: A Prospective Pharmacokinetic-Pharmacodynamic Study,Clinical and translational science,2026,https://www.ncbi.nlm.nih.gov/pmc/articles/PMC13129494/
PMC13129504,decoy (no answer),internal_medicine,PMCID,PMC13129504,10.1111/1460-6984.70254,Working With School-Aged Children With Neurodisability and Oropharyngeal Dysphagia Who Require Mealtime Assistance: A Survey of Speech and Language Therapists' Clinical Practice,International journal of language & communication disorders,2026,https://www.ncbi.nlm.nih.gov/pmc/articles/PMC13129504/
PMC13129509,decoy (no answer),oncology_endo_cardio,PMCID,PMC13129509,10.3892/or.2026.9123,[Expression of Concern] Pifithrin‑μ is efficacious against non‑small cell lung cancer via inhibition of heat shock protein 70,Oncology reports,2026,https://www.ncbi.nlm.nih.gov/pmc/articles/PMC13129509/
PMC13129555,decoy (no answer),neurology_non_epilepsy,PMCID,PMC13129555,10.31083/RN48330,Implementation of a Program to Enhance Cognitive Reserve in Patients With Multiple Sclerosis (EM Reserva Program),Revista de neurologia,2026,https://www.ncbi.nlm.nih.gov/pmc/articles/PMC13129555/
PMC13129564,decoy (no answer),neurology_non_epilepsy,PMCID,PMC13129564,10.1016/j.nbd.2026.107350,Tunable tau expression in C. elegans neurons reveals that early-AD tau phosphorylation selectively impacts behavior and mitochondrial quality control,Neurobiology of disease,2026,https://www.ncbi.nlm.nih.gov/pmc/articles/PMC13129564/
PMC13129681,decoy (no answer),surgery_derm_id,PMCID,PMC13129681,10.1002/jcsm.70289,Exercise Modalities to Preserve Muscle Mass and Bone Health After Metabolic Bariatric Surgery,"Journal of cachexia, sarcopenia and muscle",2026,https://www.ncbi.nlm.nih.gov/pmc/articles/PMC13129681/
PMC13129880,decoy (no answer),internal_medicine,PMCID,PMC13129880,10.1001/jamanetworkopen.2026.9091,"Immunomodulators, Biologics, and 5-ASA for Inflammatory Bowel Disease and Major Adverse Cardiovascular Events in Older Adults",JAMA network open,2026,https://www.ncbi.nlm.nih.gov/pmc/articles/PMC13129880/
PMC13129882,decoy (no answer),neurology_non_epilepsy,PMCID,PMC13129882,10.1001/jamanetworkopen.2026.9687,Plasma Biomarkers and Clinical Outcomes in Early-Onset Dementia,JAMA network open,2026,https://www.ncbi.nlm.nih.gov/pmc/articles/PMC13129882/
PMC13129936,decoy (no answer),internal_medicine,PMCID,PMC13129936,10.1155/jdr/7240252,Exploring Vitamin D Signaling-Associated Biomarkers and Their Diagnostic Value in Diabetic Retinopathy: A Combined Transcriptomic and Single-Cell Analysis With Experimental Validation,Journal of diabetes research,2026,https://www.ncbi.nlm.nih.gov/pmc/articles/PMC13129936/
PMC13129938,decoy (no answer),internal_medicine,PMCID,PMC13129938,10.1155/jdr/9157351,From a Shared Stress to Cell-Type-Specific Responses: The Heterogeneous Mechanisms of High Glucose-Induced Cellular Senescence in Diabetic Kidney Disease,Journal of diabetes research,2026,https://www.ncbi.nlm.nih.gov/pmc/articles/PMC13129938/
PMC13130073,decoy (no answer),oncology_endo_cardio,PMCID,PMC13130073,10.1093/bib/bbag177,Reconstructing 3D transcriptional organization from spatial transcriptomics reveals consistent oncogenic translocations and developmental dynamics,Briefings in bioinformatics,2026,https://www.ncbi.nlm.nih.gov/pmc/articles/PMC13130073/
PMC13130142,decoy (no answer),internal_medicine,PMCID,PMC13130142,10.1155/jdr/5747601,Inhibition of HDAC3 Expression Alleviates High-Glucose-Induced Photoreceptor Cell Apoptosis and Oxidative Stress,Journal of diabetes research,2026,https://www.ncbi.nlm.nih.gov/pmc/articles/PMC13130142/
PMC13130143,decoy (no answer),oncology_endo_cardio,PMCID,PMC13130143,10.1002/vms3.70949,A Case of Congenital Hypothyroidism in Cats: Diagnostic Challenges and Therapeutic Outcomes,Veterinary medicine and science,2026,https://www.ncbi.nlm.nih.gov/pmc/articles/PMC13130143/
PMC13130147,decoy (no answer),internal_medicine,PMCID,PMC13130147,10.1111/jch.70265,24-Hour Ambulatory Blood Pressure Monitoring during Ramadan Fasting: A Three-Year Cross-Sectional Study From a Tertiary Medical Center in Turkey,"Journal of clinical hypertension (Greenwich, Conn.)",2026,https://www.ncbi.nlm.nih.gov/pmc/articles/PMC13130147/
PMC13130149,decoy (no answer),internal_medicine,PMCID,PMC13130149,10.1111/jch.70264,"Associations of Cumulative Burden of Prehypertension, Prediabetes and Predyslipidemia With All-Cause and Cardiovascular Disease Mortality: A Retrospective Cohort Study","Journal of clinical hypertension (Greenwich, Conn.)",2026,https://www.ncbi.nlm.nih.gov/pmc/articles/PMC13130149/
PMC13130176,decoy (no answer),internal_medicine,PMCID,PMC13130176,10.2340/ao.v65.45471,Adenocarcinoma of the small intestine cohort: prospectively collecting real-world data to improve care and quality of life for patients with a rare cancer,"Acta oncologica (Stockholm, Sweden)",2026,https://www.ncbi.nlm.nih.gov/pmc/articles/PMC13130176/
PMC13130211,decoy (no answer),oncology_endo_cardio,PMCID,PMC13130211,10.1016/j.chest.2024.11.039,Missed Opportunities for Lung Cancer Screening Among Patients With Behavioral Health Disorders With Elevated Cigarette Smoking Rates: Lung Cancer Screening and Behavioral Health,Chest,2025,https://www.ncbi.nlm.nih.gov/pmc/articles/PMC13130211/
PMC13130242,decoy (no answer),internal_medicine,PMCID,PMC13130242,10.1080/0886022X.2026.2644784,"Adverse pregnancy outcomes, longitudinal change in eGFR, and incident hypertension in women: a population-based cohort study",Renal failure,2026,https://www.ncbi.nlm.nih.gov/pmc/articles/PMC13130242/
PMC13130264,decoy (no answer),oncology_endo_cardio,PMCID,PMC13130264,10.1017/neu.2025.10033,Genetic correlation and causal relationships between autoimmune thyroid disease and major depressive disorders,Acta neuropsychiatrica,2025,https://www.ncbi.nlm.nih.gov/pmc/articles/PMC13130264/
PMC13130301,decoy (no answer),neurology_non_epilepsy,PMCID,PMC13130301,10.1017/neu.2025.15,Systematic review of differentially abundant proteins in people with Lewy body dementia,Acta neuropsychiatrica,2025,https://www.ncbi.nlm.nih.gov/pmc/articles/PMC13130301/
PMC13130305,decoy (no answer),neurology_non_epilepsy,PMCID,PMC13130305,10.1017/neu.2025.10051,Distinct contributions of cerebrospinal fluid biomarkers to cognitive impairment and neuropsychiatric symptoms in young-onset dementia,Acta neuropsychiatrica,2025,https://www.ncbi.nlm.nih.gov/pmc/articles/PMC13130305/
PMC13130329,decoy (no answer),neurology_non_epilepsy,PMCID,PMC13130329,10.1017/neu.2024.65,Transcriptome-wide alternative splicing and transcript-level differential expression analysis of post-mortem Lewy body dementia brains,Acta neuropsychiatrica,2025,https://www.ncbi.nlm.nih.gov/pmc/articles/PMC13130329/
PMC13130337,decoy (no answer),surgery_derm_id,PMCID,PMC13130337,10.1017/neu.2024.5,The association between common mental disorders and tuberculosis: a case-control study from Guinea-Bissau,Acta neuropsychiatrica,2024,https://www.ncbi.nlm.nih.gov/pmc/articles/PMC13130337/
PMC13130359,decoy (no answer),neurology_non_epilepsy,PMCID,PMC13130359,10.1017/neu.2025.10021,Psychosocial wellbeing of people with dementia: systematic review and construct analysis,Acta neuropsychiatrica,2025,https://www.ncbi.nlm.nih.gov/pmc/articles/PMC13130359/
PMC13130397,decoy (no answer),internal_medicine,PMCID,PMC13130397,10.1093/femsle/fnag013,C-Type lectin receptors as key modulators of intestinal inflammation: insights into IBD pathogenesis and therapy,FEMS microbiology letters,2026,https://www.ncbi.nlm.nih.gov/pmc/articles/PMC13130397/
PMC13130408,decoy (no answer),oncology_endo_cardio,PMCID,PMC13130408,10.1186/s13256-026-05939-7,Complete NUB1 depletion in ER - negative breast cancer progression in paired primary-metastatic cases: a case series,Journal of medical case reports,2026,https://www.ncbi.nlm.nih.gov/pmc/articles/PMC13130408/
PMC13130446,decoy (no answer),internal_medicine,PMCID,PMC13130446,10.1186/s12951-026-04209-4,"Biogenesis, preparation, characterization, therapeutic mechanisms and safety evaluation of plant-derived exosome-like nanovesicles in the treatment of ulcerative colitis",Journal of nanobiotechnology,2026,https://www.ncbi.nlm.nih.gov/pmc/articles/PMC13130446/
PMC13130456,decoy (no answer),surgery_derm_id,PMCID,PMC13130456,10.1186/s12911-026-03454-9,Machine learning algorithms for identifying tuberculous pericardial effusion: insights from a retrospective study in Vietnam,BMC medical informatics and decision making,2026,https://www.ncbi.nlm.nih.gov/pmc/articles/PMC13130456/
PMC13130461,decoy (no answer),internal_medicine,PMCID,PMC13130461,10.1186/s12933-026-03132-0,"Joint associations of anthropometric indices and C-reactive protein-triglyceride-glucose index with incident hypertension: a stratified analysis by blood pressure level from the CHARLS, 2011-2020",Cardiovascular diabetology,2026,https://www.ncbi.nlm.nih.gov/pmc/articles/PMC13130461/
PMC13130469,decoy (no answer),oncology_endo_cardio,PMCID,PMC13130469,10.1186/s12951-026-04307-3,DSCAML1+ extracellular vesicles revealed by single-vesicle proteomics as a novel biomarker and therapeutic target in myocardial infarction,Journal of nanobiotechnology,2026,https://www.ncbi.nlm.nih.gov/pmc/articles/PMC13130469/
PMC13130481,decoy (no answer),surgery_derm_id,PMCID,PMC13130481,10.1186/s13287-026-04978-7,From bench to bedside: advances in cell therapy for tuberculosis treatment,Stem cell research & therapy,2026,https://www.ncbi.nlm.nih.gov/pmc/articles/PMC13130481/
PMC13130492,decoy (no answer),oncology_endo_cardio,PMCID,PMC13130492,10.1186/s13045-026-01791-w,Current and future immunotherapies for NSCLC,Journal of hematology & oncology,2026,https://www.ncbi.nlm.nih.gov/pmc/articles/PMC13130492/
PMC13130503,decoy (no answer),surgery_derm_id,PMCID,PMC13130503,10.1186/s12879-026-13138-4,Seroprevalence of cytomegalovirus in individuals on antiretroviral therapy in a Nigerian tertiary hospital,BMC infectious diseases,2026,https://www.ncbi.nlm.nih.gov/pmc/articles/PMC13130503/
PMC13130513,decoy (no answer),internal_medicine,PMCID,PMC13130513,10.1308/rcsann.2025.0061,Chloride-guided bolus vs conventional fluid therapy for preoperative optimisation in infantile hypertrophic pyloric stenosis,Annals of the Royal College of Surgeons of England,2026,https://www.ncbi.nlm.nih.gov/pmc/articles/PMC13130513/
PMC13130524,decoy (no answer),internal_medicine,PMCID,PMC13130524,10.1308/rcsann.2025.0094,Internal validation protocol for large collaborative clinical data sets: assessment of the CONGRESS database,Annals of the Royal College of Surgeons of England,2026,https://www.ncbi.nlm.nih.gov/pmc/articles/PMC13130524/
PMC13130529,decoy (no answer),surgery_derm_id,PMCID,PMC13130529,10.1186/s12981-026-00873-6,"Cumulative effect of cotrimoxazole, isoniazid and opportunistic infection prophylaxis on CD4 response among people living with HIV on first-line ART in Ari Zone, Southern Ethiopia",AIDS research and therapy,2026,https://www.ncbi.nlm.nih.gov/pmc/articles/PMC13130529/
PMC13130634,decoy (no answer),oncology_endo_cardio,PMCID,PMC13130634,10.1016/j.xcrm.2026.102741,"Spatial multi-omics unveils the monoclonal origin, neuroendocrine plasticity, and microenvironment niches in combined small-cell lung cancer",Cell reports. Medicine,2026,https://www.ncbi.nlm.nih.gov/pmc/articles/PMC13130634/
PMC13130636,decoy (no answer),internal_medicine,PMCID,PMC13130636,10.1016/j.xcrm.2026.102703,Multi-omics reveal vitamin D regulation of immune-gut microbiome interactions and tolerogenic pathways in inflammatory bowel disease,Cell reports. Medicine,2026,https://www.ncbi.nlm.nih.gov/pmc/articles/PMC13130636/
PMC13130640,decoy (no answer),oncology_endo_cardio,PMCID,PMC13130640,10.1186/s13063-026-09632-4,Transcutaneous electrical nerve stimulation (TENS) for ischemia-reperfusion injury and secondary prevention post-PCI in STEMI: study protocol for a randomized controlled trial,Trials,2026,https://www.ncbi.nlm.nih.gov/pmc/articles/PMC13130640/
PMC13130650,decoy (no answer),oncology_endo_cardio,PMCID,PMC13130650,10.1016/j.xcrm.2026.102713,Single-cell spatial transcriptomics reveals tumor microenvironment heterogeneity in primary and lymph node-metastatic small cell lung cancer,Cell reports. Medicine,2026,https://www.ncbi.nlm.nih.gov/pmc/articles/PMC13130650/
PMC13130654,decoy (no answer),internal_medicine,PMCID,PMC13130654,10.1016/j.xcrm.2026.102728,"Combination immunotherapy for colorectal cancer: Clinical applications, rationale, challenges, and future perspectives",Cell reports. Medicine,2026,https://www.ncbi.nlm.nih.gov/pmc/articles/PMC13130654/
PMC13130658,decoy (no answer),internal_medicine,PMCID,PMC13130658,10.1016/j.xcrm.2026.102695,Targeting the ferritinophagy-lysosome axis as a therapeutic vulnerability in gastroenteropancreatic neuroendocrine tumors,Cell reports. Medicine,2026,https://www.ncbi.nlm.nih.gov/pmc/articles/PMC13130658/
PMC13130675,decoy (no answer),surgery_derm_id,PMCID,PMC13130675,10.1186/s13104-026-07766-x,Public-Private Partnerships in tuberculosis service delivery in Somalia: a qualitative analysis,BMC research notes,2026,https://www.ncbi.nlm.nih.gov/pmc/articles/PMC13130675/
PMC13130685,decoy (no answer),internal_medicine,PMCID,PMC13130685,10.1186/s12951-026-04301-9,An oral nanocombinatorial agent exhibits pleiotropic improvement in diabetic nephropathy via modulation of the SCAP/SREBPs pathway,Journal of nanobiotechnology,2026,https://www.ncbi.nlm.nih.gov/pmc/articles/PMC13130685/
PMC13130687,decoy (no answer),oncology_endo_cardio,PMCID,PMC13130687,10.1016/j.xcrm.2026.102694,Early-stage multi-cancer detection through a plasma extracellular vesicle protein signature,Cell reports. Medicine,2026,https://www.ncbi.nlm.nih.gov/pmc/articles/PMC13130687/
PMC13130721,decoy (no answer),surgery_derm_id,PMCID,PMC13130721,10.1186/s13054-026-06062-1,Minimally invasive extracorporeal CO(2) removal in hypercapnic respiratory failure: a prospective observational study,"Critical care (London, England)",2026,https://www.ncbi.nlm.nih.gov/pmc/articles/PMC13130721/
PMC13130794,decoy (no answer),internal_medicine,PMCID,PMC13130794,10.1186/s10020-026-01464-x,Visceral and subcutaneous adipose stem cells modulate colorectal cancer cell progression: direct and indirect contact distinctly accelerate tumor aggressiveness,"Molecular medicine (Cambridge, Mass.)",2026,https://www.ncbi.nlm.nih.gov/pmc/articles/PMC13130794/
PMC13130801,decoy (no answer),neurology_non_epilepsy,PMCID,PMC13130801,10.1186/s13063-026-09656-w,Elucidating the phase 1 trial experience among study participants following completion of the INTERCEPT-AD study of sabirnetug (ACU193) for early Alzheimer's disease: a qualitative interview study,Trials,2026,https://www.ncbi.nlm.nih.gov/pmc/articles/PMC13130801/
PMC13130818,decoy (no answer),internal_medicine,PMCID,PMC13130818,10.1186/s12933-026-03145-9,"Reamputation risk and mortality after lower-limb amputation in patients with diabetes: predictors, effects of antidiabetic medications and temporal trends",Cardiovascular diabetology,2026,https://www.ncbi.nlm.nih.gov/pmc/articles/PMC13130818/
PMC13130873,decoy (no answer),oncology_endo_cardio,PMCID,PMC13130873,10.1530/ETJ-26-0059,Study of French inter-expert variability in thyroid nodule ultrasound,European thyroid journal,2026,https://www.ncbi.nlm.nih.gov/pmc/articles/PMC13130873/
PMC13130877,decoy (no answer),oncology_endo_cardio,PMCID,PMC13130877,10.1530/ETJ-25-0305,Preliminary study on ketone body metabolism in anaplastic thyroid cancer,European thyroid journal,2026,https://www.ncbi.nlm.nih.gov/pmc/articles/PMC13130877/
PMC13130944,decoy (no answer),oncology_endo_cardio,PMCID,PMC13130944,10.1093/eschf/xvag096,Acetazolamide effects on natriuresis and diuresis in acute heart failure treated with furosemide and SGLT2i (SANDI),ESC heart failure,2026,https://www.ncbi.nlm.nih.gov/pmc/articles/PMC13130944/
PMC13131022,decoy (no answer),neurology_non_epilepsy,PMCID,PMC13131022,10.1016/j.jmbbm.2024.106636,1-Norm waveform analysis for MR elastography-based quantification of inhomogeneity: Effects of the freeze-thaw cycle and Alzheimer's disease,Journal of the mechanical behavior of biomedical materials,2024,https://www.ncbi.nlm.nih.gov/pmc/articles/PMC13131022/
PMC13131085,decoy (no answer),internal_medicine,PMCID,PMC13131085,10.1113/EP091459,Exercise-induced dynamic hyperinflation in chronic obstructive pulmonary disease,Experimental physiology,2026,https://www.ncbi.nlm.nih.gov/pmc/articles/PMC13131085/
PMC13131089,decoy (no answer),neurology_non_epilepsy,PMCID,PMC13131089,10.1113/EP093186,Harmonic and power spectrum analysis of vertical ground reaction force in patients who have a stroke within 3 months,Experimental physiology,2026,https://www.ncbi.nlm.nih.gov/pmc/articles/PMC13131089/
PMC13131218,decoy (no answer),neurology_non_epilepsy,PMCID,PMC13131218,10.1093/esj/aakag024,"Too noisy, too dark: sleep environment at a typical stroke unit",European stroke journal,2026,https://www.ncbi.nlm.nih.gov/pmc/articles/PMC13131218/
PMC13131222,decoy (no answer),neurology_non_epilepsy,PMCID,PMC13131222,10.1093/esj/aakag027,Stroke-point-of-care ultrasound: a new holistic approach to bedside evaluation in stroke patients using ultrasound,European stroke journal,2026,https://www.ncbi.nlm.nih.gov/pmc/articles/PMC13131222/
PMC13131226,decoy (no answer),neurology_non_epilepsy,PMCID,PMC13131226,10.1093/esj/aakag037,Information leaflets vs artificial intelligence: comparing perceptions of stroke survivors and professionals in a mixed-methods study,European stroke journal,2026,https://www.ncbi.nlm.nih.gov/pmc/articles/PMC13131226/
PMC13131228,decoy (no answer),surgery_derm_id,PMCID,PMC13131228,10.1093/rheumatology/keag201,Development of structural damage in the spine in patients with PsA: findings from a longitudinal cohort study,"Rheumatology (Oxford, England)",2026,https://www.ncbi.nlm.nih.gov/pmc/articles/PMC13131228/
PMC13131231,decoy (no answer),neurology_non_epilepsy,PMCID,PMC13131231,10.1093/esj/aakag038,Endovascular treatment in patients with renal dysfunction: results of the MR CLEAN Registry,European stroke journal,2026,https://www.ncbi.nlm.nih.gov/pmc/articles/PMC13131231/
PMC13131238,decoy (no answer),neurology_non_epilepsy,PMCID,PMC13131238,10.1093/esj/aakag036,Endovascular Acute Stroke Intervention-Tandem Occlusion (EASI-TOC) study: protocol and rationale,European stroke journal,2026,https://www.ncbi.nlm.nih.gov/pmc/articles/PMC13131238/
PMC13131307,decoy (no answer),oncology_endo_cardio,PMCID,PMC13131307,10.1111/ajo.70140,Neonatal Surveillance Gaps in Maternal Graves' Disease: Findings From a Queensland Maternity Hospital,The Australian & New Zealand journal of obstetrics & gynaecology,2026,https://www.ncbi.nlm.nih.gov/pmc/articles/PMC13131307/
PMC13131314,decoy (no answer),internal_medicine,PMCID,PMC13131314,10.2196/70617,Status of Evidence on the Efficacy and Safety of Indian Traditional Medicine for Prediabetes and Type 2 Diabetes Mellitus: Protocol for a Systematic Review and Evidence Map Synthesis,JMIR research protocols,2026,https://www.ncbi.nlm.nih.gov/pmc/articles/PMC13131314/
PMC13131360,decoy (no answer),internal_medicine,PMCID,PMC13131360,10.5888/pcd22.250105,"A Model to Assess the Costs and Consequences of Changes in Diet and Nutrition From Potential Population-Wide Policies: The Microsimulation of Nutrition, Diabetes, and Cardiovascular Disease (MONDAC)",Preventing chronic disease,2025,https://www.ncbi.nlm.nih.gov/pmc/articles/PMC13131360/
PMC13131390,decoy (no answer),neurology_non_epilepsy,PMCID,PMC13131390,10.1016/j.jare.2025.08.012,Proteomic signature of dementia risk in type 2 diabetes,Journal of advanced research,2026,https://www.ncbi.nlm.nih.gov/pmc/articles/PMC13131390/
PMC13131394,decoy (no answer),internal_medicine,PMCID,PMC13131394,10.1016/j.jare.2025.08.052,Unraveling the nexus in the neuro-neoplastic progression of colorectal cancer: Potential role of β2-adrenergic receptor (β2-AR),Journal of advanced research,2026,https://www.ncbi.nlm.nih.gov/pmc/articles/PMC13131394/
PMC13131398,decoy (no answer),neurology_non_epilepsy,PMCID,PMC13131398,10.1016/j.jare.2025.07.054,Fingernail-based metabolomics reveals a stepwise decline in dodecanoic acid associated with Alzheimer's disease progression,Journal of advanced research,2026,https://www.ncbi.nlm.nih.gov/pmc/articles/PMC13131398/
PMC13131434,decoy (no answer),neurology_non_epilepsy,PMCID,PMC13131434,10.1016/j.jare.2025.07.060,Spike RBD drives sustained Parkinson's disease progression via microglia-neuron crosstalk-mediated RTP801 upregulation,Journal of advanced research,2026,https://www.ncbi.nlm.nih.gov/pmc/articles/PMC13131434/
PMC13131435,decoy (no answer),surgery_derm_id,PMCID,PMC13131435,10.1016/j.jare.2025.07.056,Enhanced tuberculosis control via leveraging dendritic cell-mediated Th1 responses in preventive and immunotherapeutic vaccine strategies,Journal of advanced research,2026,https://www.ncbi.nlm.nih.gov/pmc/articles/PMC13131435/
PMC13131448,decoy (no answer),surgery_derm_id,PMCID,PMC13131448,10.1016/j.jare.2025.08.006,Innovative applications of multidimensional engineered hydrogels in wound healing,Journal of advanced research,2026,https://www.ncbi.nlm.nih.gov/pmc/articles/PMC13131448/
PMC13131509,decoy (no answer),neurology_non_epilepsy,PMCID,PMC13131509,10.1016/j.jare.2025.08.044,Spatial-temporal lipidomics reveals dysregulated lipid metabolism in mouse brain during Alzheimer's disease progression,Journal of advanced research,2026,https://www.ncbi.nlm.nih.gov/pmc/articles/PMC13131509/
PMC13131688,decoy (no answer),surgery_derm_id,PMCID,PMC13131688,10.1111/jrh.70156,Multi-Listing Among Rural Kidney Transplant Recipients: A National Cohort Study,The Journal of rural health : official journal of the American Rural Health Association and the National Rural Health Care Association,2026,https://www.ncbi.nlm.nih.gov/pmc/articles/PMC13131688/
PMC13131827,decoy (no answer),oncology_endo_cardio,PMCID,PMC13131827,10.2196/68255,Improving Long-Term Adherence to Endocrine Therapy Among Breast Cancer Survivors: Development of a Multiscale Modeling and Intervention System,JMIR cancer,2026,https://www.ncbi.nlm.nih.gov/pmc/articles/PMC13131827/
PMC13131914,decoy (no answer),surgery_derm_id,PMCID,PMC13131914,10.1093/cid/ciag077,Diagnostic Yield of Tongue Swab- Compared to Sputum-Based Molecular Testing for Tuberculosis in Four High-Burden Countries,Clinical infectious diseases : an official publication of the Infectious Diseases Society of America,2026,https://www.ncbi.nlm.nih.gov/pmc/articles/PMC13131914/
PMC13131915,decoy (no answer),surgery_derm_id,PMCID,PMC13131915,10.1093/cid/ciaf669,"Impact of Vaginal Estradiol on the Genitourinary Syndrome of Menopause, Vaginal Microbiome and Mucosal Immune Mediators in Women With HIV",Clinical infectious diseases : an official publication of the Infectious Diseases Society of America,2026,https://www.ncbi.nlm.nih.gov/pmc/articles/PMC13131915/
PMC13131919,decoy (no answer),surgery_derm_id,PMCID,PMC13131919,10.1093/cid/ciaf732,Pharmacokinetics of Twice-daily Tenofovir Alafenamide in Adults With HIV-associated Tuberculosis on Bictegravir/Emtricitabine/Tenofovir Alafenamide and Rifampicin,Clinical infectious diseases : an official publication of the Infectious Diseases Society of America,2026,https://www.ncbi.nlm.nih.gov/pmc/articles/PMC13131919/
PMC13131942,decoy (no answer),surgery_derm_id,PMCID,PMC13131942,10.1093/cid/ciag038,The Potential Effect of Ending Centers for Disease Control and Prevention Funding for HIV Tests: A Modeling Study in 18 States,Clinical infectious diseases : an official publication of the Infectious Diseases Society of America,2026,https://www.ncbi.nlm.nih.gov/pmc/articles/PMC13131942/
PMC13131943,decoy (no answer),surgery_derm_id,PMCID,PMC13131943,10.1093/cid/ciaf739,Regional Variations of Rates and Determinants of Drug Resistance Mutations in People Failing First-line Therapy for HIV-1: A Substudy from the D2EFT Phase 3b/4 Clinical Trial,Clinical infectious diseases : an official publication of the Infectious Diseases Society of America,2026,https://www.ncbi.nlm.nih.gov/pmc/articles/PMC13131943/
PMC13131947,decoy (no answer),surgery_derm_id,PMCID,PMC13131947,10.1093/cid/ciag006,Integrating HIV and Stimulant-Use Disorder Treatment: A Pilot Implementation Effectiveness Trial of Contingency Management in HIV Care,Clinical infectious diseases : an official publication of the Infectious Diseases Society of America,2026,https://www.ncbi.nlm.nih.gov/pmc/articles/PMC13131947/
PMC13131950,decoy (no answer),surgery_derm_id,PMCID,PMC13131950,10.1093/cid/ciag001,Hepatitis B Reactivation in a US Cohort of People With HIV and Hepatitis B Core Antibody After Switch to Antiretroviral Therapy Without Hepatitis B Activity,Clinical infectious diseases : an official publication of the Infectious Diseases Society of America,2026,https://www.ncbi.nlm.nih.gov/pmc/articles/PMC13131950/
PMC13131951,decoy (no answer),internal_medicine,PMCID,PMC13131951,10.1093/oncolo/oyaf378,ECOG-ACRIN E6293: Phase II Study of Raltitrexed in Advanced Colorectal Cancer,The oncologist,2026,https://www.ncbi.nlm.nih.gov/pmc/articles/PMC13131951/
PMC13131952,decoy (no answer),internal_medicine,PMCID,PMC13131952,10.1093/cid/ciaf724,Human Papillomavirus-Related Anal Precancerous Lesions in Men Who Have Sex With Men: A Comparative Study of Pre-exposure Prophylaxis Users and HIV-Positive Individuals,Clinical infectious diseases : an official publication of the Infectious Diseases Society of America,2026,https://www.ncbi.nlm.nih.gov/pmc/articles/PMC13131952/
PMC13131964,decoy (no answer),neurology_non_epilepsy,PMCID,PMC13131964,10.1093/geront/gnag041,Gender differences in the influence of environmental hazards on dementia in older adults,The Gerontologist,2026,https://www.ncbi.nlm.nih.gov/pmc/articles/PMC13131964/
PMC13132019,decoy (no answer),oncology_endo_cardio,PMCID,PMC13132019,10.2196/76044,Extracting Quality of Life Information of Patients Diagnosed With Breast Cancer From Health Care Online Forum Posts: Data Feasibility Study,JMIR cancer,2026,https://www.ncbi.nlm.nih.gov/pmc/articles/PMC13132019/
PMC13132020,decoy (no answer),internal_medicine,PMCID,PMC13132020,10.2196/78521,Effectiveness of Text Messaging Interventions on BMI Among Adults With Prediabetes: Systematic Review and Meta-Analysis,JMIR mHealth and uHealth,2026,https://www.ncbi.nlm.nih.gov/pmc/articles/PMC13132020/
PMC13132024,decoy (no answer),internal_medicine,PMCID,PMC13132024,10.1002/edm2.70230,Methodological Shortcomings in a Study of Peripheral Circulatory Complications in Type 2 Diabetes,"Endocrinology, diabetes & metabolism",2026,https://www.ncbi.nlm.nih.gov/pmc/articles/PMC13132024/
PMC13132025,decoy (no answer),surgery_derm_id,PMCID,PMC13132025,10.1056/NEJMoa2509761,Pulmonary Tuberculosis Detection with MiniDock MTB Using Swab Samples,The New England journal of medicine,2026,https://www.ncbi.nlm.nih.gov/pmc/articles/PMC13132025/
PMC13132080,decoy (no answer),oncology_endo_cardio,PMCID,PMC13132080,10.1200/PO-25-01023,Comparative Analysis of BRCA Pathogenic Variant Detection in a Real-World Setting: Population Screening Versus Oncogenetic Clinics,JCO precision oncology,2026,https://www.ncbi.nlm.nih.gov/pmc/articles/PMC13132080/
PMC13132094,decoy (no answer),oncology_endo_cardio,PMCID,PMC13132094,10.1200/JCO-25-01489,Final Efficacy and Safety Data From the Phase I/II ARROW Study of Pralsetinib in Patients With Advanced RET Fusion-Positive Non-Small Cell Lung Cancer,Journal of clinical oncology : official journal of the American Society of Clinical Oncology,2026,https://www.ncbi.nlm.nih.gov/pmc/articles/PMC13132094/
PMC13132185,decoy (no answer),oncology_endo_cardio,PMCID,PMC13132185,10.1371/journal.pone.0347029,"""Unanswered questions"": Acceptability of a personalised breast cancer screening strategy in lower-risk women by healthcare professionals in the context of the MyPeBS study",PloS one,2026,https://www.ncbi.nlm.nih.gov/pmc/articles/PMC13132185/
PMC13132192,decoy (no answer),surgery_derm_id,PMCID,PMC13132192,10.1371/journal.pone.0347682,"Comparative evaluation of the healing potential of excision wound using Nano- formulations of silver, gold, or their mixture: In-silico and in vivo approaches",PloS one,2026,https://www.ncbi.nlm.nih.gov/pmc/articles/PMC13132192/
PMC13132202,decoy (no answer),internal_medicine,PMCID,PMC13132202,10.1371/journal.pone.0333649,Asynchronous telerehabilitation in prehabilitation and postoperative recovery for colorectal cancer: A protocol for a randomized controlled trial,PloS one,2026,https://www.ncbi.nlm.nih.gov/pmc/articles/PMC13132202/
PMC13132224,decoy (no answer),oncology_endo_cardio,PMCID,PMC13132224,10.1371/journal.pone.0347907,"Unraveling the role of ChREBP in lung adenocarcinoma: Expression, regulatory networks, and potential functional impact",PloS one,2026,https://www.ncbi.nlm.nih.gov/pmc/articles/PMC13132224/
PMC13132229,decoy (no answer),internal_medicine,PMCID,PMC13132229,10.1371/journal.pone.0348200,A digestive cartridge reduces intestinal injury in a murine model of necrotizing enterocolitis,PloS one,2026,https://www.ncbi.nlm.nih.gov/pmc/articles/PMC13132229/
PMC13132236,decoy (no answer),neurology_non_epilepsy,PMCID,PMC13132236,10.1371/journal.pone.0321671,Interpretable multivariate survival models: Improving predictions for conversion from mild cognitive impairment to Alzheimer's disease via data fusion and machine learning,PloS one,2026,https://www.ncbi.nlm.nih.gov/pmc/articles/PMC13132236/
PMC13132243,decoy (no answer),surgery_derm_id,PMCID,PMC13132243,10.1371/journal.pone.0347763,Robotic versus open component separation: A retrospective cohort and propensity score analysis of complication rates and clinical outcomes,PloS one,2026,https://www.ncbi.nlm.nih.gov/pmc/articles/PMC13132243/
PMC13132255,decoy (no answer),surgery_derm_id,PMCID,PMC13132255,10.15585/mmwr.mm7516a1,"Large Tuberculosis Outbreaks - United States, 2017-2023",MMWR. Morbidity and mortality weekly report,2026,https://www.ncbi.nlm.nih.gov/pmc/articles/PMC13132255/
PMC13132365,decoy (no answer),surgery_derm_id,PMCID,PMC13132365,10.1172/JCI198632,Peritoneal macrophages regulate distal wound healing via endocrine release of plasma fibronectin,The Journal of clinical investigation,2026,https://www.ncbi.nlm.nih.gov/pmc/articles/PMC13132365/
PMC13132368,decoy (no answer),internal_medicine,PMCID,PMC13132368,10.1172/JCI193848,Helicobacter pylori-induced PPFIA4 orchestrates immune network-promoting gastritis and gastric bacterial colonization,The Journal of clinical investigation,2026,https://www.ncbi.nlm.nih.gov/pmc/articles/PMC13132368/
PMC13132373,decoy (no answer),neurology_non_epilepsy,PMCID,PMC13132373,10.1172/JCI197183,m6A deficiency induces dopaminergic neurodegeneration and progressive parkinsonism through a pathogenic loop with mitochondria,The Journal of clinical investigation,2026,https://www.ncbi.nlm.nih.gov/pmc/articles/PMC13132373/
PMC13132375,decoy (no answer),surgery_derm_id,PMCID,PMC13132375,10.1172/JCI204831,Smoldering in the sanctuary: HIV-associated brain injury in the ART era,The Journal of clinical investigation,2026,https://www.ncbi.nlm.nih.gov/pmc/articles/PMC13132375/
PMC13132376,decoy (no answer),oncology_endo_cardio,PMCID,PMC13132376,10.1172/JCI202528,Unrestrained fatty acid oxidation triggers heart failure in mice via cardiolipin loss and mitochondrial dysfunction,The Journal of clinical investigation,2026,https://www.ncbi.nlm.nih.gov/pmc/articles/PMC13132376/
PMC13132385,decoy (no answer),oncology_endo_cardio,PMCID,PMC13132385,10.1172/JCI196095,Label-free streamlined photoacoustic image guidance facilitates NIR-II photoablation in models of melanoma lung metastases,The Journal of clinical investigation,2026,https://www.ncbi.nlm.nih.gov/pmc/articles/PMC13132385/
PMC13132394,decoy (no answer),surgery_derm_id,PMCID,PMC13132394,10.1172/JCI199048,MEK inhibitor mirdametinib promotes fracture healing in osteofibrous dysplasia RASopathy,The Journal of clinical investigation,2026,https://www.ncbi.nlm.nih.gov/pmc/articles/PMC13132394/
PMC13132395,decoy (no answer),surgery_derm_id,PMCID,PMC13132395,10.1172/JCI205823,Expanding the functional repertoire of macrophages as remote healers,The Journal of clinical investigation,2026,https://www.ncbi.nlm.nih.gov/pmc/articles/PMC13132395/
PMC13132398,decoy (no answer),neurology_non_epilepsy,PMCID,PMC13132398,10.1172/JCI196094,SHMT2 deficiency disrupts transcriptional regulation through homocysteine-mediated suppression of histone lactylation in Huntington's disease models,The Journal of clinical investigation,2026,https://www.ncbi.nlm.nih.gov/pmc/articles/PMC13132398/
PMC13132409,decoy (no answer),oncology_endo_cardio,PMCID,PMC13132409,10.1016/j.athoracsur.2025.08.010,Adherence to Postoperative Survivorship Quality Metrics in Early-Stage Non-Small Cell Lung Cancer,The Annals of thoracic surgery,2026,https://www.ncbi.nlm.nih.gov/pmc/articles/PMC13132409/
PMC13132424,decoy (no answer),surgery_derm_id,PMCID,PMC13132424,10.1371/journal.ppat.1013852,Pre-Human Immunodeficiency Virus (HIV) infection Th17 CD4+ T cells as predictors of early HIV disease progression,PLoS pathogens,2026,https://www.ncbi.nlm.nih.gov/pmc/articles/PMC13132424/
PMC13132441,decoy (no answer),neurology_non_epilepsy,PMCID,PMC13132441,10.1371/journal.pone.0346008,The use of digital technology in non-pharmacological cognitive and psychosocial interventions for people with dementia and mild cognitive impairment: A scoping review,PloS one,2026,https://www.ncbi.nlm.nih.gov/pmc/articles/PMC13132441/
PMC13132456,decoy (no answer),oncology_endo_cardio,PMCID,PMC13132456,10.1371/journal.pone.0348260,"Ivermectin inhibits ER, HER2, and TGF-β pathways in ER-positive and endocrine-resistant breast cancer cells",PloS one,2026,https://www.ncbi.nlm.nih.gov/pmc/articles/PMC13132456/
PMC13132481,decoy (no answer),oncology_endo_cardio,PMCID,PMC13132481,10.2196/81424,Time-Dynamic AI Models to Predict Quality of Life in Patients With Breast Cancer: Development and Validation Study Using the EORTC BALANCE Cohort,Journal of medical Internet research,2026,https://www.ncbi.nlm.nih.gov/pmc/articles/PMC13132481/
PMC13132485,decoy (no answer),internal_medicine,PMCID,PMC13132485,10.2196/86137,Relationship Between Online Health Information Acquisition and Shared Decision-Making Among Patients With Diabetes: Cross-Sectional Survey Study,Journal of medical Internet research,2026,https://www.ncbi.nlm.nih.gov/pmc/articles/PMC13132485/
PMC13132552,decoy (no answer),neurology_non_epilepsy,PMCID,PMC13132552,10.4103/singaporemedj.SMJ-2023-063,Association of intracranial large artery disease with long-term prognosis after ischaemic stroke,Singapore medical journal,2026,https://www.ncbi.nlm.nih.gov/pmc/articles/PMC13132552/
PMC13132555,decoy (no answer),neurology_non_epilepsy,PMCID,PMC13132555,10.4103/singaporemedj.SMJ-2024-095,Rise of ischaemic stroke incidence among Muslims during the Ramadan period: a 5-year observational study,Singapore medical journal,2026,https://www.ncbi.nlm.nih.gov/pmc/articles/PMC13132555/
PMC13132603,decoy (no answer),surgery_derm_id,PMCID,PMC13132603,10.1093/bib/bbag187,A causal glycerophospholipid-IL-18R1-CD9 axis connects lipid metabolism and T-cell activation in atopic dermatitis,Briefings in bioinformatics,2026,https://www.ncbi.nlm.nih.gov/pmc/articles/PMC13132603/
PMC13132718,decoy (no answer),surgery_derm_id,PMCID,PMC13132718,10.1038/s41443-026-01269-w,Outcomes of adult acquired buried penis (AABP) reconstruction: a multicentre cohort study,International journal of impotence research,2026,https://www.ncbi.nlm.nih.gov/pmc/articles/PMC13132718/
PMC13132719,decoy (no answer),surgery_derm_id,PMCID,PMC13132719,10.1038/s41443-025-01132-4,Systematic review of the outcomes of urethroplasty following urethral lengthening in transgender men,International journal of impotence research,2026,https://www.ncbi.nlm.nih.gov/pmc/articles/PMC13132719/
PMC13132725,decoy (no answer),oncology_endo_cardio,PMCID,PMC13132725,10.1038/s41590-026-02473-y,Engineering NK and T cells with metabolite-sensing receptors to target solid tumors,Nature immunology,2026,https://www.ncbi.nlm.nih.gov/pmc/articles/PMC13132725/
PMC13132798,decoy (no answer),neurology_non_epilepsy,PMCID,PMC13132798,10.1002/prp2.70255,Kaempferol Improves Alzheimer's Disease by Inhibiting Neuronal Ferroptosis via Activating GPX4/AKR1C3 Signaling Pathway,Pharmacology research & perspectives,2026,https://www.ncbi.nlm.nih.gov/pmc/articles/PMC13132798/
PMC13132804,decoy (no answer),surgery_derm_id,PMCID,PMC13132804,10.1002/psp4.70176,Evaluation of Current and Novel Dosing Strategies for Anti-Thymocyte Globulin in Adult Allogeneic Hematopoietic Stem Cell Transplantation,CPT: pharmacometrics & systems pharmacology,2026,https://www.ncbi.nlm.nih.gov/pmc/articles/PMC13132804/
PMC13132879,decoy (no answer),oncology_endo_cardio,PMCID,PMC13132879,10.1007/s12024-025-01043-2,Post-mortem cardiac-specific troponin-I (cTnI) to determine the cause of non-traumatic hemopericardium,"Forensic science, medicine, and pathology",2026,https://www.ncbi.nlm.nih.gov/pmc/articles/PMC13132879/
PMC13132880,decoy (no answer),surgery_derm_id,PMCID,PMC13132880,10.1007/s12024-025-01068-7,Fatal toxic shock syndrome following tattooing,"Forensic science, medicine, and pathology",2026,https://www.ncbi.nlm.nih.gov/pmc/articles/PMC13132880/
PMC13132885,decoy (no answer),surgery_derm_id,PMCID,PMC13132885,10.1007/s00431-026-06962-y,Children's psychological perceptions and responses to pain and fear during venipuncture: a qualitative study using an arts-based data collection method,European journal of pediatrics,2026,https://www.ncbi.nlm.nih.gov/pmc/articles/PMC13132885/
PMC13132909,decoy (no answer),internal_medicine,PMCID,PMC13132909,10.1007/s00223-026-01537-3,Circulating α-Klotho and Multidimensional Aging and Frailty Outcomes: A Systematic Review and Meta-Analysis from the European Renal Association CKD-MBD Working Group,Calcified tissue international,2026,https://www.ncbi.nlm.nih.gov/pmc/articles/PMC13132909/
PMC13132931,decoy (no answer),neurology_non_epilepsy,PMCID,PMC13132931,10.1007/s12035-026-05893-x,MicroRNA-mRNA Regulatory Network Associated with Cognitive Impairment in Multiple Sclerosis,Molecular neurobiology,2026,https://www.ncbi.nlm.nih.gov/pmc/articles/PMC13132931/
PMC13132935,decoy (no answer),surgery_derm_id,PMCID,PMC13132935,10.1007/s00108-025-02019-8,[An unusual cause for kidney transplantation],"Innere Medizin (Heidelberg, Germany)",2026,https://www.ncbi.nlm.nih.gov/pmc/articles/PMC13132935/
PMC13132949,decoy (no answer),internal_medicine,PMCID,PMC13132949,10.1007/s00431-026-06969-5,A novel model for percentile-based oscillometric blood pressure reference values in Danish children: implications for the use of international standards in pediatric screening,European journal of pediatrics,2026,https://www.ncbi.nlm.nih.gov/pmc/articles/PMC13132949/
PMC13132950,decoy (no answer),neurology_non_epilepsy,PMCID,PMC13132950,10.1007/s12975-026-01443-8,Efficacy and Safety of Intravenous Thrombolysis with Tenecteplase in Patients with Wake-Up Branch Atheromatous Disease,Translational stroke research,2026,https://www.ncbi.nlm.nih.gov/pmc/articles/PMC13132950/
PMC13133124,decoy (no answer),internal_medicine,PMCID,PMC13133124,10.1038/s41416-026-03349-6,"Neoadjuvant immunochemoradiotherapy with nivolumab, paclitaxel, and cisplatin followed by esophagectomy for locally advanced esophageal squamous cell carcinoma",British journal of cancer,2026,https://www.ncbi.nlm.nih.gov/pmc/articles/PMC13133124/
PMC13133158,decoy (no answer),neurology_non_epilepsy,PMCID,PMC13133158,10.1038/s41467-026-70243-3,TYK2 mediates neuroinflammation in Alzheimer's disease brains with TDP-43 pathology,Nature communications,2026,https://www.ncbi.nlm.nih.gov/pmc/articles/PMC13133158/
PMC13133161,decoy (no answer),internal_medicine,PMCID,PMC13133161,10.1038/s41467-026-70297-3,An international multi-centre study to develop and validate federated learning-based prognostic models for anal cancer,Nature communications,2026,https://www.ncbi.nlm.nih.gov/pmc/articles/PMC13133161/
PMC13133163,decoy (no answer),neurology_non_epilepsy,PMCID,PMC13133163,10.1038/s41598-026-44355-1,SIRT1 induces FOXO1/autophagy/NCOA4-induced ferroptosis and accelerates the progression of cerebral infarction by inhibiting the E2F1/NOTCH-1/YAP signaling pathway,Scientific reports,2026,https://www.ncbi.nlm.nih.gov/pmc/articles/PMC13133163/
PMC13133171,decoy (no answer),oncology_endo_cardio,PMCID,PMC13133171,10.1038/s41416-026-03396-z,"Abemaciclib plus fulvestrant in treating hormone-receptor positive, HER2-negative advanced breast cancer-comparing real-world outcomes in England to the MONARCH-2 trial",British journal of cancer,2026,https://www.ncbi.nlm.nih.gov/pmc/articles/PMC13133171/
PMC13133175,decoy (no answer),oncology_endo_cardio,PMCID,PMC13133175,10.1038/s41598-026-44229-6,"The FOXE1 rs965513 polymorphism: a pleiotropic risk locus associated with thyroid function, BRAF(V600E) mutation, and susceptibility to papillary thyroid cancer",Scientific reports,2026,https://www.ncbi.nlm.nih.gov/pmc/articles/PMC13133175/
PMC13133179,decoy (no answer),internal_medicine,PMCID,PMC13133179,10.1038/s41598-026-48840-5,The performance of FIT-based colorectal cancer screening: results from a population-based program,Scientific reports,2026,https://www.ncbi.nlm.nih.gov/pmc/articles/PMC13133179/
PMC13133191,decoy (no answer),surgery_derm_id,PMCID,PMC13133191,10.1007/s00345-026-06432-y,Time to rethink routine histopathology after adult circumcision? Long-term oncological outcomes from an 11-year cohort,World journal of urology,2026,https://www.ncbi.nlm.nih.gov/pmc/articles/PMC13133191/
PMC13133222,decoy (no answer),surgery_derm_id,PMCID,PMC13133222,10.1007/s10143-026-04315-9,MRA-based aneurysm occlusion assessment in the early phase after flow diverter treatment: a multicenter retrospective study focusing on the impact of aneurysm diameter,Neurosurgical review,2026,https://www.ncbi.nlm.nih.gov/pmc/articles/PMC13133222/
PMC13133227,decoy (no answer),internal_medicine,PMCID,PMC13133227,10.1038/s41598-026-51157-y,Communication-related aspects drive senior patients' satisfaction with the process of decision-making in cancer therapy,Scientific reports,2026,https://www.ncbi.nlm.nih.gov/pmc/articles/PMC13133227/
PMC13133279,decoy (no answer),internal_medicine,PMCID,PMC13133279,10.1038/s41416-026-03373-6,Tumor vessel phenotype in colorectal cancer microenvironment according to age at diagnosis,British journal of cancer,2026,https://www.ncbi.nlm.nih.gov/pmc/articles/PMC13133279/
PMC13133286,decoy (no answer),surgery_derm_id,PMCID,PMC13133286,10.1038/s41597-026-06938-5,ROBUST-MIPS: A Combined Skeletal Pose and Instance Segmentation Dataset for Laparoscopic Surgical Instruments,Scientific data,2026,https://www.ncbi.nlm.nih.gov/pmc/articles/PMC13133286/
PMC13133335,decoy (no answer),internal_medicine,PMCID,PMC13133335,10.1186/s43556-026-00463-y,Complement factor H supplementation rather than complete C3 knockout provides therapeutic benefits in IgA nephropathy,Molecular biomedicine,2026,https://www.ncbi.nlm.nih.gov/pmc/articles/PMC13133335/
PMC13133355,decoy (no answer),oncology_endo_cardio,PMCID,PMC13133355,10.1038/s41416-026-03365-6,"Natural menopause, menarche and breast cancer risk in BRCA1 and BRCA2 pathogenic variant carriers: a Mendelian randomization analysis",British journal of cancer,2026,https://www.ncbi.nlm.nih.gov/pmc/articles/PMC13133355/
PMC13133366,decoy (no answer),internal_medicine,PMCID,PMC13133366,10.1038/s41533-025-00476-0,Revealing inequities in chronic respiratory disease (CRD) care: An adapted Photovoice qualitative study in Malaysian primary care settings,NPJ primary care respiratory medicine,2026,https://www.ncbi.nlm.nih.gov/pmc/articles/PMC13133366/
PMC13133392,decoy (no answer),oncology_endo_cardio,PMCID,PMC13133392,10.1038/s41416-026-03384-3,Associations of health-related fitness and physical activity with chemotherapy outcomes in breast cancer,British journal of cancer,2026,https://www.ncbi.nlm.nih.gov/pmc/articles/PMC13133392/
PMC13133426,decoy (no answer),neurology_non_epilepsy,PMCID,PMC13133426,10.1111/1467-9566.70194,Care Deliberations of Family Carers of People Living With Dementia-Applying an Affective-Discursive Practices Approach,Sociology of health & illness,2026,https://www.ncbi.nlm.nih.gov/pmc/articles/PMC13133426/
PMC13133482,decoy (no answer),oncology_endo_cardio,PMCID,PMC13133482,10.1177/10732748261447089,Comparative Analysis of Machine Learning Algorithms for Prognostic Prediction in Pulmonary Large Cell Carcinoma,Cancer control : journal of the Moffitt Cancer Center,2026,https://www.ncbi.nlm.nih.gov/pmc/articles/PMC13133482/
PMC13133485,decoy (no answer),surgery_derm_id,PMCID,PMC13133485,10.1177/19160216261443996,Validating the Calgary Simulation Curriculum: A Retrospective Review of Face and Content Validity of a Surgical Simulation Curriculum in Otolaryngology-Head and Neck Surgery,Journal of otolaryngology - head & neck surgery = Le Journal d'oto-rhino-laryngologie et de chirurgie cervico-faciale,2026,https://www.ncbi.nlm.nih.gov/pmc/articles/PMC13133485/
PMC13133517,decoy (no answer),surgery_derm_id,PMCID,PMC13133517,10.1016/j.ihj.2025.10.007,Clinical profile and optical coherence tomography based morphological characteristics of coronary in-stent restenosis: A cross-sectional study,Indian heart journal,2026,https://www.ncbi.nlm.nih.gov/pmc/articles/PMC13133517/
PMC13133525,decoy (no answer),surgery_derm_id,PMCID,PMC13133525,10.1016/j.ihj.2025.10.002,Clinical and functional outcome of fractional flow reserve guided management of triple vessel coronary artery disease,Indian heart journal,2026,https://www.ncbi.nlm.nih.gov/pmc/articles/PMC13133525/
PMC13133526,decoy (no answer),surgery_derm_id,PMCID,PMC13133526,10.1016/j.ihj.2025.09.009,"Balloon-expandable transcatheter aortic valve implantation: Device evolution, technique, and post-operative care",Indian heart journal,2026,https://www.ncbi.nlm.nih.gov/pmc/articles/PMC13133526/
PMC13133527,decoy (no answer),surgery_derm_id,PMCID,PMC13133527,10.1016/j.ihj.2025.10.008,Cerebral embolic protection devices in transcatheter aortic valve implantation: An updated meta-analysis of randomized controlled trials,Indian heart journal,2026,https://www.ncbi.nlm.nih.gov/pmc/articles/PMC13133527/
PMC13133529,decoy (no answer),surgery_derm_id,PMCID,PMC13133529,10.1016/j.ihj.2025.11.002,Self-expanding or balloon-expandable transcatheter aortic valve replacement in patients with small aortic annulus: A systematic review and meta-analysis,Indian heart journal,2026,https://www.ncbi.nlm.nih.gov/pmc/articles/PMC13133529/
PMC13133535,decoy (no answer),neurology_non_epilepsy,PMCID,PMC13133535,10.1016/j.ihj.2025.12.002,Direct oral anticoagulants for stroke prevention in patients with atrial fibrillation: A network meta-analysis of randomized trials,Indian heart journal,2026,https://www.ncbi.nlm.nih.gov/pmc/articles/PMC13133535/
PMC13133592,decoy (no answer),surgery_derm_id,PMCID,PMC13133592,10.2196/90008,Characterizing AIDS Drug Assistance Program Practices and Policies for Sustained Viral Suppression Using the Consolidated Framework for Implementation Research: Protocol for a Qualitative Study,JMIR research protocols,2026,https://www.ncbi.nlm.nih.gov/pmc/articles/PMC13133592/
PMC13133600,decoy (no answer),oncology_endo_cardio,PMCID,PMC13133600,10.1158/1078-0432.CCR-25-3557,Proactive Brain Screening Using Contrast-Enhanced Brain CT Scans in HER2+ Metastatic Breast Cancer,Clinical cancer research : an official journal of the American Association for Cancer Research,2026,https://www.ncbi.nlm.nih.gov/pmc/articles/PMC13133600/
PMC13133601,decoy (no answer),oncology_endo_cardio,PMCID,PMC13133601,10.1158/1078-0432.CCR-25-2173,Subcutaneously Administered Tislelizumab in Locally Advanced or Metastatic Non-Small Cell Lung Cancer: Pharmacokinetics and Safety Results from the BGB-A317-103 Phase I Study,Clinical cancer research : an official journal of the American Association for Cancer Research,2026,https://www.ncbi.nlm.nih.gov/pmc/articles/PMC13133601/
PMC13133602,decoy (no answer),oncology_endo_cardio,PMCID,PMC13133602,10.1158/1078-0432.CCR-25-3720,"JIN-A02, a Mutant-Selective Fourth-Generation EGFR Inhibitor, Overcomes C797S-Mediated Resistance and Demonstrates Intracranial Activity in NSCLC",Clinical cancer research : an official journal of the American Association for Cancer Research,2026,https://www.ncbi.nlm.nih.gov/pmc/articles/PMC13133602/
PMC13133604,decoy (no answer),internal_medicine,PMCID,PMC13133604,10.1158/1940-6207.CAPR-25-0425,"A Multimodal Stool RNA, FIT, and Machine Learning Concept for the Detection of Advanced Precancerous Lesions and Colorectal Cancer","Cancer prevention research (Philadelphia, Pa.)",2026,https://www.ncbi.nlm.nih.gov/pmc/articles/PMC13133604/
PMC13133606,decoy (no answer),oncology_endo_cardio,PMCID,PMC13133606,10.1158/1078-0432.CCR-25-3970,Covalent FAPI Imaging-Guided Precision Surgery in Patients with Medullary Thyroid Carcinoma: A Phase II Clinical Trial,Clinical cancer research : an official journal of the American Association for Cancer Research,2026,https://www.ncbi.nlm.nih.gov/pmc/articles/PMC13133606/
PMC13133609,decoy (no answer),oncology_endo_cardio,PMCID,PMC13133609,10.1158/2159-8290.CD-25-1346,"Preclinical Characterization and Clinical Activity of RNK08954, a Highly Selective and Orally Bioavailable KRASG12D Inhibitor",Cancer discovery,2026,https://www.ncbi.nlm.nih.gov/pmc/articles/PMC13133609/
PMC13133693,decoy (no answer),internal_medicine,PMCID,PMC13133693,10.1001/jamanetworkopen.2026.10037,Pregestational Cardiometabolic Biomarkers and Future Hypertensive Disorders of Pregnancy,JAMA network open,2026,https://www.ncbi.nlm.nih.gov/pmc/articles/PMC13133693/
PMC13133705,decoy (no answer),oncology_endo_cardio,PMCID,PMC13133705,10.1111/1759-7714.70296,Programmed Death-Ligand 1 Expression Predicts Poor Prognosis in Patients With Early-Stage Non-Small-Cell Lung Cancer Undergoing Stereotactic Body Radiotherapy,Thoracic cancer,2026,https://www.ncbi.nlm.nih.gov/pmc/articles/PMC13133705/
PMC13133749,decoy (no answer),internal_medicine,PMCID,PMC13133749,10.21873/invivo.14287,Association of TIMP2 Gene Variants With Development of Diabetic Retinopathy,"In vivo (Athens, Greece)",2026,https://www.ncbi.nlm.nih.gov/pmc/articles/PMC13133749/
PMC13133751,decoy (no answer),surgery_derm_id,PMCID,PMC13133751,10.21873/invivo.14283,Lymphocytes and their Involvement in the Foreign Body Response to Biomaterials and Tissue Repair,"In vivo (Athens, Greece)",2026,https://www.ncbi.nlm.nih.gov/pmc/articles/PMC13133751/
PMC13133753,decoy (no answer),internal_medicine,PMCID,PMC13133753,10.21873/invivo.14334,Enhanced mRNA Expression of Colonic IL-6 in Cronkhite-Canada Syndrome Bearing Colorectal Cancer,"In vivo (Athens, Greece)",2026,https://www.ncbi.nlm.nih.gov/pmc/articles/PMC13133753/
PMC13133759,decoy (no answer),internal_medicine,PMCID,PMC13133759,10.1002/vetr.70221,FEC Check: Development of a decision support tool to aid interpretation of gastrointestinal nematode faecal egg counts in sheep,The Veterinary record,2026,https://www.ncbi.nlm.nih.gov/pmc/articles/PMC13133759/
PMC13133763,decoy (no answer),surgery_derm_id,PMCID,PMC13133763,10.1002/vetr.6023,Analysis of serum biomarkers associated with pain in Spanish greyhounds undergoing ovariohysterectomy,The Veterinary record,2026,https://www.ncbi.nlm.nih.gov/pmc/articles/PMC13133763/
PMC13133768,decoy (no answer),oncology_endo_cardio,PMCID,PMC13133768,10.21873/cgp.20586,Proximity Mapping of the ER Proteome Reveals Metastasis-specific Candidate Biomarkers in Breast Cancer Cell Lines,Cancer genomics & proteomics,2026,https://www.ncbi.nlm.nih.gov/pmc/articles/PMC13133768/
PMC13133792,decoy (no answer),internal_medicine,PMCID,PMC13133792,10.21873/cgp.20584,A Multi-omics PTM Atlas Reveals Key Insights into Metabolic Reprogramming in Colorectal Cancer,Cancer genomics & proteomics,2026,https://www.ncbi.nlm.nih.gov/pmc/articles/PMC13133792/
PMC13133795,decoy (no answer),internal_medicine,PMCID,PMC13133795,10.21873/invivo.14307,Safety and Efficacy of SOX Therapy After Preoperative Chemoradiotherapy for Advanced Lower Rectal Cancer: A Phase I Study,"In vivo (Athens, Greece)",2026,https://www.ncbi.nlm.nih.gov/pmc/articles/PMC13133795/
PMC13133805,decoy (no answer),internal_medicine,PMCID,PMC13133805,10.21873/invivo.14309,Alternate-day Capecitabine Plus Trastuzumab for Frail HER2-positive Gastric Cancer: A Pilot Case Series,"In vivo (Athens, Greece)",2026,https://www.ncbi.nlm.nih.gov/pmc/articles/PMC13133805/
PMC13133813,decoy (no answer),oncology_endo_cardio,PMCID,PMC13133813,10.21873/cgp.20585,Effects of Isthmus Topography on the Molecular Characteristics of BRAF-mutant Papillary Thyroid Cancer,Cancer genomics & proteomics,2026,https://www.ncbi.nlm.nih.gov/pmc/articles/PMC13133813/
PMC13133815,decoy (no answer),oncology_endo_cardio,PMCID,PMC13133815,10.21873/invivo.14331,Breast Cancer Recurrence After 46 Years of Remission: A Case Report and Clinical Implications,"In vivo (Athens, Greece)",2026,https://www.ncbi.nlm.nih.gov/pmc/articles/PMC13133815/
PMC13133821,decoy (no answer),oncology_endo_cardio,PMCID,PMC13133821,10.21873/cgp.20588,Clinical Data Analysis Identifies Prognostic Long Non-coding RNA Signatures in Lung Adenocarcinoma,Cancer genomics & proteomics,2026,https://www.ncbi.nlm.nih.gov/pmc/articles/PMC13133821/
PMC13133834,decoy (no answer),oncology_endo_cardio,PMCID,PMC13133834,10.21873/invivo.14325,Clinical Utility of Body Weight Monitoring During Cisplatin-based Chemotherapy,"In vivo (Athens, Greece)",2026,https://www.ncbi.nlm.nih.gov/pmc/articles/PMC13133834/
PMC13133837,decoy (no answer),oncology_endo_cardio,PMCID,PMC13133837,10.21873/invivo.14327,HLA Class I Loss and Resistance to Immunotherapy in Pulmonary Metastasis of Hypopharyngeal Cancer,"In vivo (Athens, Greece)",2026,https://www.ncbi.nlm.nih.gov/pmc/articles/PMC13133837/
PMC13133840,decoy (no answer),surgery_derm_id,PMCID,PMC13133840,10.21873/invivo.14314,Evaluation of Cement Leakage and Complications After Cement-augmented Pedicle Screw Fixation: A Retrospective Case Series,"In vivo (Athens, Greece)",2026,https://www.ncbi.nlm.nih.gov/pmc/articles/PMC13133840/
PMC13133841,decoy (no answer),internal_medicine,PMCID,PMC13133841,10.21873/invivo.14299,High Albumin Expression Promotes Tumor Progression in Gastric Adenocarcinoma,"In vivo (Athens, Greece)",2026,https://www.ncbi.nlm.nih.gov/pmc/articles/PMC13133841/
PMC13133842,decoy (no answer),surgery_derm_id,PMCID,PMC13133842,10.21873/invivo.14336,Management of a Complex Orbital Post-transplantation Lymphoproliferative Disorder: A Case Report and Literature Review,"In vivo (Athens, Greece)",2026,https://www.ncbi.nlm.nih.gov/pmc/articles/PMC13133842/
PMC13133848,decoy (no answer),oncology_endo_cardio,PMCID,PMC13133848,10.21873/invivo.14284,The Role of Irisin and Physical Activity in Breast Cancer,"In vivo (Athens, Greece)",2026,https://www.ncbi.nlm.nih.gov/pmc/articles/PMC13133848/
PMC13133850,decoy (no answer),surgery_derm_id,PMCID,PMC13133850,10.21873/invivo.14293,Geometric Transformation Algorithm for Acetabular Cup Orientation: Converting 2D Radiographic Projections to 3D Spatial Positioning,"In vivo (Athens, Greece)",2026,https://www.ncbi.nlm.nih.gov/pmc/articles/PMC13133850/
PMC13133851,decoy (no answer),surgery_derm_id,PMCID,PMC13133851,10.21873/invivo.14306,Impact of Donor Cirrhosis Outcome Risk Estimator (CORE) Score on Recipient Outcomes Following Living-donor Liver Transplantation,"In vivo (Athens, Greece)",2026,https://www.ncbi.nlm.nih.gov/pmc/articles/PMC13133851/
PMC13133853,decoy (no answer),oncology_endo_cardio,PMCID,PMC13133853,10.21873/invivo.14329,Usability of a Reminder App that May Help to Reduce Radiotherapy-related Skin Toxicity in Patients With Breast Cancer,"In vivo (Athens, Greece)",2026,https://www.ncbi.nlm.nih.gov/pmc/articles/PMC13133853/
PMC13133866,decoy (no answer),oncology_endo_cardio,PMCID,PMC13133866,10.21873/invivo.14305,Helical Tomotherapy in Local Advanced Breast Cancer Following Mastectomy: Long-term Results and Late Toxicity Analysis,"In vivo (Athens, Greece)",2026,https://www.ncbi.nlm.nih.gov/pmc/articles/PMC13133866/
PMC13133900,decoy (no answer),internal_medicine,PMCID,PMC13133900,10.1021/acs.jafc.5c17778,Gastroprotective [6]-Gingerol Aspirinate as a Novel Aspirin-Derived Chemopreventive Agent Attenuating Colitis,Journal of agricultural and food chemistry,2026,https://www.ncbi.nlm.nih.gov/pmc/articles/PMC13133900/
PMC13134038,decoy (no answer),surgery_derm_id,PMCID,PMC13134038,10.1016/j.preteyeres.2025.101389,Replacing the vitreous body with hydrogels: Rationale and strategies,Progress in retinal and eye research,2025,https://www.ncbi.nlm.nih.gov/pmc/articles/PMC13134038/
PMC13134071,decoy (no answer),internal_medicine,PMCID,PMC13134071,10.1186/s12886-026-04852-3,Serial aqueous VEGF analysis for predicting anti-VEGF treatment outcomes in neovascular glaucoma from diabetic retinopathy: a prospective analysis,BMC ophthalmology,2026,https://www.ncbi.nlm.nih.gov/pmc/articles/PMC13134071/
PMC13134080,decoy (no answer),neurology_non_epilepsy,PMCID,PMC13134080,10.1186/s10194-026-02334-x,Pain beyond the head: clinical implications of body pain in migraine and tension-type headache in a population-based study,The journal of headache and pain,2026,https://www.ncbi.nlm.nih.gov/pmc/articles/PMC13134080/
PMC13134103,decoy (no answer),internal_medicine,PMCID,PMC13134103,10.1186/s12882-026-04981-3,Contrast-free functional MRI for assessing renal involvement in patients with ANCA-associated vasculitis,BMC nephrology,2026,https://www.ncbi.nlm.nih.gov/pmc/articles/PMC13134103/
PMC13134106,decoy (no answer),surgery_derm_id,PMCID,PMC13134106,10.1186/s12876-026-04768-8,The diagnostic value of ultrasound viscoelastic imaging for biliary and vascular complications after liver transplantation: a single-center retrospective study,BMC gastroenterology,2026,https://www.ncbi.nlm.nih.gov/pmc/articles/PMC13134106/
PMC13134108,decoy (no answer),surgery_derm_id,PMCID,PMC13134108,10.1186/s12889-026-26597-w,Factors associated with unawareness of HIV-positive status among individuals aged ≥ 15 years in Tanzania: Evidence from the Tanzania HIV Impact Survey 2022-2023,BMC public health,2026,https://www.ncbi.nlm.nih.gov/pmc/articles/PMC13134108/
PMC13134122,decoy (no answer),surgery_derm_id,PMCID,PMC13134122,10.1186/s13104-026-07782-x,Healthcare resource use among participants in a randomized trial of partner-based HIV treatment for seroconcordant couples in antenatal and postnatal care in rural Mozambique,BMC research notes,2026,https://www.ncbi.nlm.nih.gov/pmc/articles/PMC13134122/
PMC13134130,decoy (no answer),internal_medicine,PMCID,PMC13134130,10.1186/s13063-026-09655-x,OneSTOP (One-Stop Telehealth Obesity Program): study protocol for an open-label randomized controlled trial on the use of telecare and digital platforms for multidisciplinary management of weight management and related comorbidities,Trials,2026,https://www.ncbi.nlm.nih.gov/pmc/articles/PMC13134130/
PMC13134162,decoy (no answer),surgery_derm_id,PMCID,PMC13134162,10.1186/s12872-026-05887-6,Impact of cardiac rehabilitation on cardiovascular outcomes in patients with coronary artery disease following percutaneous coronary intervention: a meta-analysis,BMC cardiovascular disorders,2026,https://www.ncbi.nlm.nih.gov/pmc/articles/PMC13134162/
PMC13134179,decoy (no answer),neurology_non_epilepsy,PMCID,PMC13134179,10.1186/s12913-026-14396-3,Social participation in stroke survivors and its influencing factors: a latent profile analysis,BMC health services research,2026,https://www.ncbi.nlm.nih.gov/pmc/articles/PMC13134179/
PMC13134189,decoy (no answer),surgery_derm_id,PMCID,PMC13134189,10.1186/s13018-026-06855-8,Is genicular nerve radio frequency ablation the key to improving patients' satisfaction after total knee arthroplasty? a randomised controlled trial,Journal of orthopaedic surgery and research,2026,https://www.ncbi.nlm.nih.gov/pmc/articles/PMC13134189/
PMC13134205,decoy (no answer),internal_medicine,PMCID,PMC13134205,10.1186/s12882-026-04842-z,Impact of a structured nurse-delivered multi component SGLT2 inhibitor initiation and optimization pathway on kidney function and clinical outcomes in type 2 diabetes and chronic kidney disease: a real-world retrospective study,BMC nephrology,2026,https://www.ncbi.nlm.nih.gov/pmc/articles/PMC13134205/
PMC13134255,decoy (no answer),internal_medicine,PMCID,PMC13134255,10.1186/s12889-026-27103-y,"Diabetes prevalence and associated risk factors among adults in rural Herat province, Afghanistan: a community-based cross-sectional study",BMC public health,2026,https://www.ncbi.nlm.nih.gov/pmc/articles/PMC13134255/
PMC13134266,decoy (no answer),surgery_derm_id,PMCID,PMC13134266,10.1186/s12879-026-13443-y,Recent HIV infection among women and men enrolling to care in urban clinics in Ethiopia,BMC infectious diseases,2026,https://www.ncbi.nlm.nih.gov/pmc/articles/PMC13134266/
PMC13134277,decoy (no answer),surgery_derm_id,PMCID,PMC13134277,10.1186/s12879-026-13121-z,Body mass index (BMI) at RR-TB diagnosis as an independent predictor of treatment outcomes: a retrospective analysis,BMC infectious diseases,2026,https://www.ncbi.nlm.nih.gov/pmc/articles/PMC13134277/
PMC13134299,decoy (no answer),surgery_derm_id,PMCID,PMC13134299,10.1186/s13063-026-09603-9,Comparison of short-axis and oblique-axis approaches for ultrasound-guided right internal jugular vein cannulation in the left decubitus position: a randomized clinical trial study protocol,Trials,2026,https://www.ncbi.nlm.nih.gov/pmc/articles/PMC13134299/
PMC13134322,decoy (no answer),internal_medicine,PMCID,PMC13134322,10.1186/s12933-026-03122-2,Ancestry-specific genetics of amino acids and microbiota-related metabolites reveal causal effects on cardiometabolic disease in Chinese populations,Cardiovascular diabetology,2026,https://www.ncbi.nlm.nih.gov/pmc/articles/PMC13134322/
PMC13134347,decoy (no answer),internal_medicine,PMCID,PMC13134347,10.1186/s13256-026-05914-2,Appendiceal endosalpingiosis: a case report and review of the literature,Journal of medical case reports,2026,https://www.ncbi.nlm.nih.gov/pmc/articles/PMC13134347/
PMC13134369,decoy (no answer),surgery_derm_id,PMCID,PMC13134369,10.1186/s13287-026-05041-1,Randomized clinical trial comparing intra-articular injection of bone marrow aspirate clot and bone marrow aspirate concentrate in grade 3 and 4 knee osteoarthritis,Stem cell research & therapy,2026,https://www.ncbi.nlm.nih.gov/pmc/articles/PMC13134369/
PMC13134380,decoy (no answer),internal_medicine,PMCID,PMC13134380,10.1093/ecco-jcc/jjag018,What are the top 10 global research priorities for perianal Crohn's disease? The Global Perianal Crohn's Disease Priority Setting Partnership,Journal of Crohn's & colitis,2026,https://www.ncbi.nlm.nih.gov/pmc/articles/PMC13134380/
PMC13134407,decoy (no answer),internal_medicine,PMCID,PMC13134407,10.1080/19490976.2026.2658276,Sex modulates the long-term effects of delivery mode on microbiota-gut barrier crosstalk and colitis susceptibility in mice,Gut microbes,2026,https://www.ncbi.nlm.nih.gov/pmc/articles/PMC13134407/
PMC13134425,decoy (no answer),internal_medicine,PMCID,PMC13134425,10.12659/AJCR.951952,Gastric Sarcoidosis Masquerading as Gastroesophageal Reflux Disease: A Case of Diagnostic Uncertainty and Conservative Management,The American journal of case reports,2026,https://www.ncbi.nlm.nih.gov/pmc/articles/PMC13134425/
PMC13134427,decoy (no answer),surgery_derm_id,PMCID,PMC13134427,10.12659/AJCR.951902,Management of Bilateral Humeral Head Avascular Necrosis in Sickle Cell Disease Using Surgical Intervention With Adjuvant Hyperbaric Oxygen Therapy: A Case Report,The American journal of case reports,2026,https://www.ncbi.nlm.nih.gov/pmc/articles/PMC13134427/
PMC13134504,decoy (no answer),internal_medicine,PMCID,PMC13134504,10.1111/cas.70344,"Associations Between Obesity, Diabetes Mellitus, and Pancreatic Cancer in the Japanese Population: A Mendelian Randomization Study",Cancer science,2026,https://www.ncbi.nlm.nih.gov/pmc/articles/PMC13134504/
PMC13134507,decoy (no answer),oncology_endo_cardio,PMCID,PMC13134507,10.1111/cas.70350,Small Cell Lung Cancer Establishes a Metabolic Autocrine Mechanism Through Active Extracellular ATP Transport,Cancer science,2026,https://www.ncbi.nlm.nih.gov/pmc/articles/PMC13134507/
PMC13134509,decoy (no answer),internal_medicine,PMCID,PMC13134509,10.1111/cas.70335,Single-Cell Analysis Identified a Recurrent Malignant-Associated Transcriptional State in Colorectal Cancer,Cancer science,2026,https://www.ncbi.nlm.nih.gov/pmc/articles/PMC13134509/
PMC13134513,decoy (no answer),oncology_endo_cardio,PMCID,PMC13134513,10.1111/cas.70343,The Overlooked Autoantibody Repertoire: Exploring the Biomarker Potential of Downregulated Autoantibodies in NSCLC,Cancer science,2026,https://www.ncbi.nlm.nih.gov/pmc/articles/PMC13134513/
PMC13134515,decoy (no answer),internal_medicine,PMCID,PMC13134515,10.1111/cas.70357,Glucose Metabolism Regulating Colorectal Cancer Initiation and Progression,Cancer science,2026,https://www.ncbi.nlm.nih.gov/pmc/articles/PMC13134515/
PMC13134516,decoy (no answer),oncology_endo_cardio,PMCID,PMC13134516,10.1111/cas.70352,TGF-β Inhibitor Potentiates Osimertinib-Induced Anti-Tumor Immunity in Egfr-Mutant Lung Cancer,Cancer science,2026,https://www.ncbi.nlm.nih.gov/pmc/articles/PMC13134516/
PMC13134517,decoy (no answer),internal_medicine,PMCID,PMC13134517,10.1111/cas.70360,Targeting Inflammation and Immune Regulation in Chronic Inflammation Associated Cancers,Cancer science,2026,https://www.ncbi.nlm.nih.gov/pmc/articles/PMC13134517/
PMC13134520,decoy (no answer),oncology_endo_cardio,PMCID,PMC13134520,10.1111/cas.70338,"Targeting PRMTs Creates Vulnerability of DNA Double-Stand Break Repair Pathways, and Potentiates Chemotherapy Efficacy in TNBC",Cancer science,2026,https://www.ncbi.nlm.nih.gov/pmc/articles/PMC13134520/
PMC13134522,decoy (no answer),internal_medicine,PMCID,PMC13134522,10.1111/cas.70364,Transcriptional Reinforcement of the HER2-RAS Network in HER2-Positive Gastric Cancer: The RUNX-SOS1 Axis in Context,Cancer science,2026,https://www.ncbi.nlm.nih.gov/pmc/articles/PMC13134522/
PMC13134523,decoy (no answer),internal_medicine,PMCID,PMC13134523,10.1111/cas.70366,CD8(+) T Cell Infiltration Elicits Molecular Subtype-Biased Clinical Outcomes in Gastric Cancer Patients,Cancer science,2026,https://www.ncbi.nlm.nih.gov/pmc/articles/PMC13134523/
PMC13134590,decoy (no answer),oncology_endo_cardio,PMCID,PMC13134590,10.1126/sciadv.adu0031,Pervasive enhanced transcription in inflammatory breast cancer tumors and PBMCs impacts RNA splicing and intronic RNAs in plasma,Science advances,2026,https://www.ncbi.nlm.nih.gov/pmc/articles/PMC13134590/
PMC13134616,decoy (no answer),neurology_non_epilepsy,PMCID,PMC13134616,10.1126/sciadv.aec6955,Piezoelectric neuromodulation of the subthalamic nucleus ameliorates motor and nonmotor symptoms of Parkinson's disease,Science advances,2026,https://www.ncbi.nlm.nih.gov/pmc/articles/PMC13134616/
PMC13134708,decoy (no answer),surgery_derm_id,PMCID,PMC13134708,10.1016/j.jpag.2024.08.007,Communication and Counseling Preferences of Women Who Chose Abortion During Adolescence: A Qualitative Study,Journal of pediatric and adolescent gynecology,2024,https://www.ncbi.nlm.nih.gov/pmc/articles/PMC13134708/
PMC13134712,decoy (no answer),surgery_derm_id,PMCID,PMC13134712,10.1172/jci.insight.198444,Plasma GDF15 concentration predicts early recurrence after atrial arrhythmia ablation,JCI insight,2026,https://www.ncbi.nlm.nih.gov/pmc/articles/PMC13134712/
PMC13134718,decoy (no answer),surgery_derm_id,PMCID,PMC13134718,10.1172/jci.insight.194171,Cutaneous adipose tissue carries a strong inflammatory signature in patients with psoriasis,JCI insight,2026,https://www.ncbi.nlm.nih.gov/pmc/articles/PMC13134718/
PMC13134720,decoy (no answer),internal_medicine,PMCID,PMC13134720,10.1172/jci.insight.199951,Multi-trait polygenic scores for COPD and COPD exacerbations implicate druggable proteins,JCI insight,2026,https://www.ncbi.nlm.nih.gov/pmc/articles/PMC13134720/
PMC13134724,decoy (no answer),oncology_endo_cardio,PMCID,PMC13134724,10.1172/jci.insight.199352,Targeting KIFC1 to disrupt centrosome clustering and trigger anaphase catastrophe in small-cell lung cancer,JCI insight,2026,https://www.ncbi.nlm.nih.gov/pmc/articles/PMC13134724/
PMC13134726,decoy (no answer),surgery_derm_id,PMCID,PMC13134726,10.1172/jci.insight.201116,An at-home blood collection device for remote immune monitoring by high-parameter flow cytometry,JCI insight,2026,https://www.ncbi.nlm.nih.gov/pmc/articles/PMC13134726/
PMC13134731,decoy (no answer),oncology_endo_cardio,PMCID,PMC13134731,10.1172/jci.insight.197555,E3 ubiquitin ligase TRIM21-mediated K48-linked ubiquitination of ALDH2 rs671 mutant promotes adverse cardiac remodeling,JCI insight,2026,https://www.ncbi.nlm.nih.gov/pmc/articles/PMC13134731/
PMC13134742,decoy (no answer),internal_medicine,PMCID,PMC13134742,10.1080/0886022X.2026.2657666,β-Thujaplicin Mobilizes Renal Tubular Iron to Alleviate Diabetic Kidney Disease,Renal failure,2026,https://www.ncbi.nlm.nih.gov/pmc/articles/PMC13134742/
PMC13134750,decoy (no answer),internal_medicine,PMCID,PMC13134750,10.1080/07853890.2026.2662627,Effect of intensive versus standard blood pressure control on cardiovascular outcomes: a meta-analysis of randomized controlled trials,Annals of medicine,2026,https://www.ncbi.nlm.nih.gov/pmc/articles/PMC13134750/
PMC13134770,decoy (no answer),neurology_non_epilepsy,PMCID,PMC13134770,10.1093/geront/gnag047,Neighborhood social environment and physical activity among persons living with dementia,The Gerontologist,2026,https://www.ncbi.nlm.nih.gov/pmc/articles/PMC13134770/
PMC13134787,decoy (no answer),surgery_derm_id,PMCID,PMC13134787,10.34067/KID.0000000933,Comparative Impact of Early Graft Function on Kidney Transplantation Outcomes According to Donor Types,Kidney360,2026,https://www.ncbi.nlm.nih.gov/pmc/articles/PMC13134787/
PMC13134795,decoy (no answer),surgery_derm_id,PMCID,PMC13134795,10.34067/KID.0000001107,Discrepancy in Estimating GFR for Melphalan Dosing in Multiple Myeloma Patients Undergoing Autologous Stem Cell Transplant: A Retrospective Analysis,Kidney360,2026,https://www.ncbi.nlm.nih.gov/pmc/articles/PMC13134795/
PMC13134797,decoy (no answer),surgery_derm_id,PMCID,PMC13134797,10.34067/KID.0000001041,Current State of Live and Deceased Donor Kidney Transplantation in India: Challenges and Opportunities,Kidney360,2026,https://www.ncbi.nlm.nih.gov/pmc/articles/PMC13134797/
PMC13134808,decoy (no answer),oncology_endo_cardio,PMCID,PMC13134808,10.34067/KID.0000001096,Experience and Outcomes of a Dedicated Cardio-Nephrology Service: A Step toward Integrated Cardiovascular-Kidney-Metabolic Syndrome Care,Kidney360,2026,https://www.ncbi.nlm.nih.gov/pmc/articles/PMC13134808/
PMC13134817,decoy (no answer),internal_medicine,PMCID,PMC13134817,10.1002/mabi.70190,A Multicellular 3D GelMA-Based Colorectal Cancer Model for Chemotherapeutic Responses,Macromolecular bioscience,2026,https://www.ncbi.nlm.nih.gov/pmc/articles/PMC13134817/
PMC13134830,decoy (no answer),internal_medicine,PMCID,PMC13134830,10.1093/qjmed/hcaf281,"Lifestyles, metabolome and diabetic kidney disease: a cohort study",QJM : monthly journal of the Association of Physicians,2026,https://www.ncbi.nlm.nih.gov/pmc/articles/PMC13134830/
PMC13134842,decoy (no answer),oncology_endo_cardio,PMCID,PMC13134842,10.1159/000550891,The Relationship between Sarcopenia and All-Cause and Cardiovascular Mortality Risk among Middle-Aged and Older Adults across Stages 0-3 of Cardiovascular-Kidney-Metabolic Syndrome: Evidence from NHANES and CHARLS,Cardiorenal medicine,2026,https://www.ncbi.nlm.nih.gov/pmc/articles/PMC13134842/
PMC13134855,decoy (no answer),surgery_derm_id,PMCID,PMC13134855,10.1093/bjr/tqag047,Early adoption of image-guided histotripsy therapy in interventional oncology: challenges and opportunities in the United Kingdom,The British journal of radiology,2026,https://www.ncbi.nlm.nih.gov/pmc/articles/PMC13134855/
PMC13134858,decoy (no answer),oncology_endo_cardio,PMCID,PMC13134858,10.1093/bjr/tqag036,Automatic segmentation of clinical target volume for radiation therapy in breast-conserving patients and exploration of clinical factors influential to its performance,The British journal of radiology,2026,https://www.ncbi.nlm.nih.gov/pmc/articles/PMC13134858/
PMC7618895,decoy (no answer),oncology_endo_cardio,PMCID,PMC7618895,10.1038/s41571-026-01131-4,Innovative approaches for lung cancer screening and interception,Nature reviews. Clinical oncology,2026,https://www.ncbi.nlm.nih.gov/pmc/articles/PMC7618895/
PMC7619036,decoy (no answer),oncology_endo_cardio,PMCID,PMC7619036,10.1016/j.compmedimag.2025.102587,3D cardiac shape analysis with variational point cloud autoencoders for myocardial infarction prediction and virtual heart synthesis,Computerized medical imaging and graphics : the official journal of the Computerized Medical Imaging Society,2025,https://www.ncbi.nlm.nih.gov/pmc/articles/PMC7619036/
