paper_id,role,stratum,identifier_type,identifier,doi,title,journal,year,url
28484417_Schaffer_2017,gold (carries answers),epilepsy,PMID,28484417,10.3389/fneur.2017.00086,"Memory, Executive Skills, and Psychosocial Phenotype in Children with Pharmacoresponsive Epilepsy: Reactivity to Intervention",Frontiers in neurology,2017,https://pubmed.ncbi.nlm.nih.gov/28484417/
28515708_Jiang_2017,gold (carries answers),epilepsy,PMID,28515708,10.3389/fneur.2017.00179,Disrupted Structural and Functional Networks and Their Correlation with Alertness in Right Temporal Lobe Epilepsy: A Graph Theory Study,Frontiers in neurology,2017,https://pubmed.ncbi.nlm.nih.gov/28515708/
28572790_Wang_2017,gold (carries answers),epilepsy,PMID,28572790,10.3389/fneur.2017.00215,Photolysis of Caged-GABA Rapidly Terminates Seizures In Vivo: Concentration and Light Intensity Dependence,Frontiers in neurology,2017,https://pubmed.ncbi.nlm.nih.gov/28572790/
28659857_Kim_2017,gold (carries answers),epilepsy,PMID,28659857,10.3389/fneur.2017.00271,A New Rat Model of Epileptic Spasms Based on Methylazoxymethanol-Induced Malformations of Cortical Development,Frontiers in neurology,2017,https://pubmed.ncbi.nlm.nih.gov/28659857/
28671982_Wagner_2017,gold (carries answers),epilepsy,PMID,28671982,10.1371/journal.pone.0180266,Clinical services for adults with an intellectual disability and epilepsy: A comparison of management alternatives,PloS one,2017,https://pubmed.ncbi.nlm.nih.gov/28671982/
28687765_ForeroQuintero_2017,gold (carries answers),epilepsy,PMID,28687765,10.1038/s41598-017-05054-0,Reduction of epileptiform activity in ketogenic mice: The role of monocarboxylate transporters,Scientific reports,2017,https://pubmed.ncbi.nlm.nih.gov/28687765/
28715490_Maschio_2017,gold (carries answers),epilepsy,PMID,28715490,10.1371/journal.pone.0180470,Patterns of care of brain tumor-related epilepsy. A cohort study done in Italian Epilepsy Center,PloS one,2017,https://pubmed.ncbi.nlm.nih.gov/28715490/
28779137_Liu_2017,gold (carries answers),epilepsy,PMID,28779137,10.1038/s41598-017-07343-0,Nicotinamide adenine dinucleotide suppresses epileptogenesis at an early stage,Scientific reports,2017,https://pubmed.ncbi.nlm.nih.gov/28779137/
28790971_Sarkis_2017,gold (carries answers),epilepsy,PMID,28790971,10.3389/fneur.2017.00360,Recurrent Epileptic Auras As a Presenting Symptom of Alzheimer's Disease,Frontiers in neurology,2017,https://pubmed.ncbi.nlm.nih.gov/28790971/
28798359_Xie_2017,gold (carries answers),epilepsy,PMID,28798359,10.1038/s41598-017-07823-3,Portable wireless electrocorticography system with a flexible microelectrodes array for epilepsy treatment,Scientific reports,2017,https://pubmed.ncbi.nlm.nih.gov/28798359/
28824531_Li_2017,gold (carries answers),epilepsy,PMID,28824531,10.3389/fneur.2017.00374,Alterations in Spontaneous Brain Activity and Functional Network Reorganization following Surgery in Children with Medically Refractory Epilepsy: A Resting-State Functional Magnetic Resonance Imaging Study,Frontiers in neurology,2017,https://pubmed.ncbi.nlm.nih.gov/28824531/
28860495_Gan_2017,gold (carries answers),epilepsy,PMID,28860495,10.1038/s41598-017-10619-0,miR-96 attenuates status epilepticus-induced brain injury by directly targeting Atg7 and Atg16L1,Scientific reports,2017,https://pubmed.ncbi.nlm.nih.gov/28860495/
28883807_Farokhian_2017,gold (carries answers),epilepsy,PMID,28883807,10.3389/fneur.2017.00428,Comparing CAT12 and VBM8 for Detecting Brain Morphological Abnormalities in Temporal Lobe Epilepsy,Frontiers in neurology,2017,https://pubmed.ncbi.nlm.nih.gov/28883807/
28919879_MendesCoelho_2017,gold (carries answers),epilepsy,PMID,28919879,10.3389/fneur.2017.00453,Automated Online Quantification Method for (18)F-FDG Positron Emission Tomography/CT Improves Detection of the Epileptogenic Zone in Patients with Pharmacoresistant Epilepsy,Frontiers in neurology,2017,https://pubmed.ncbi.nlm.nih.gov/28919879/
28922360_Urigüen_2017,gold (carries answers),epilepsy,PMID,28922360,10.1371/journal.pone.0184044,Comparison of background EEG activity of different groups of patients with idiopathic epilepsy using Shannon spectral entropy and cluster-based permutation statistical testing,PloS one,2017,https://pubmed.ncbi.nlm.nih.gov/28922360/
28928441_Lin_2017,gold (carries answers),epilepsy,PMID,28928441,10.1038/s41598-017-12346-y,Effects of anti-epileptic drugs on spreading depolarization-induced epileptiform activity in mouse hippocampal slices,Scientific reports,2017,https://pubmed.ncbi.nlm.nih.gov/28928441/
28928712_Murgia_2017,gold (carries answers),epilepsy,PMID,28928712,10.3389/fneur.2017.00459,Metabolomics As a Tool for the Characterization of Drug-Resistant Epilepsy,Frontiers in neurology,2017,https://pubmed.ncbi.nlm.nih.gov/28928712/
28931825_Qiu_2017,gold (carries answers),epilepsy,PMID,28931825,10.1038/s41598-017-10778-0,Disrupted topological organization of structural brain networks in childhood absence epilepsy,Scientific reports,2017,https://pubmed.ncbi.nlm.nih.gov/28931825/
28939854_Schidlitzki_2017,gold (carries answers),epilepsy,PMID,28939854,10.1038/s41598-017-12368-6,A combination of NMDA and AMPA receptor antagonists retards granule cell dispersion and epileptogenesis in a model of acquired epilepsy,Scientific reports,2017,https://pubmed.ncbi.nlm.nih.gov/28939854/
29085330_Allen_2017,gold (carries answers),epilepsy,PMID,29085330,10.3389/fneur.2017.00544,Dysfunctional Brain Networking among Autonomic Regulatory Structures in Temporal Lobe Epilepsy Patients at High Risk of Sudden Unexpected Death in Epilepsy,Frontiers in neurology,2017,https://pubmed.ncbi.nlm.nih.gov/29085330/
29097780_Yamasaki_2017,gold (carries answers),epilepsy,PMID,29097780,10.1038/s41598-017-15015-2,In Vivo Monitoring for Regional Changes of Metabotropic Glutamate Receptor Subtype 1 (mGluR1) in Pilocarpine-Induced Epileptic Rat Brain by Small-Animal PET,Scientific reports,2017,https://pubmed.ncbi.nlm.nih.gov/29097780/
29163352_Colnaghi_2017,gold (carries answers),epilepsy,PMID,29163352,10.3389/fneur.2017.00595,Parahippocampal Involvement in Mesial Temporal Lobe Epilepsy with Hippocampal Sclerosis: A Proof of Concept from Memory-Guided Saccades,Frontiers in neurology,2017,https://pubmed.ncbi.nlm.nih.gov/29163352/
29182639_Neumann_2017,gold (carries answers),epilepsy,PMID,29182639,10.1371/journal.pone.0187330,Mycophenolate mofetil prevents the delayed T cell response after pilocarpine-induced status epilepticus in mice,PloS one,2017,https://pubmed.ncbi.nlm.nih.gov/29182639/
29190809_OrtegaMoreno_2017,gold (carries answers),epilepsy,PMID,29190809,10.1371/journal.pone.0188978,Molecular diagnosis of patients with epilepsy and developmental delay using a customized panel of epilepsy genes,PloS one,2017,https://pubmed.ncbi.nlm.nih.gov/29190809/
29234303_Misra_2017,gold (carries answers),epilepsy,PMID,29234303,10.3389/fneur.2017.00636,A Study of Super Refractory Status Epilepticus from India,Frontiers in neurology,2017,https://pubmed.ncbi.nlm.nih.gov/29234303/
29255203_Nemes_2017,gold (carries answers),epilepsy,PMID,29255203,10.1038/s41598-017-17377-z,"Growth Associated Protein 43 (GAP-43) as a Novel Target for the Diagnosis, Treatment and Prevention of Epileptogenesis",Scientific reports,2017,https://pubmed.ncbi.nlm.nih.gov/29255203/
29269775_Hosford_2017,gold (carries answers),epilepsy,PMID,29269775,10.1038/s41598-017-18237-6,Ablation of peri-insult generated granule cells after epilepsy onset halts disease progression,Scientific reports,2017,https://pubmed.ncbi.nlm.nih.gov/29269775/
29273763_Tang_2017,gold (carries answers),epilepsy,PMID,29273763,10.1038/s41598-017-18416-5,Interactions between GHRH and GABAARs in the brains of patients with epilepsy and in animal models of epilepsy,Scientific reports,2017,https://pubmed.ncbi.nlm.nih.gov/29273763/
29276500_Xia_2017,gold (carries answers),epilepsy,PMID,29276500,10.3389/fneur.2017.00658,Initial Response to Antiepileptic Drugs in Patients with Newly Diagnosed Epilepsy As a Predictor of Long-term Outcome,Frontiers in neurology,2017,https://pubmed.ncbi.nlm.nih.gov/29276500/
29351559_Hameed_2018,gold (carries answers),epilepsy,PMID,29351559,10.1371/journal.pone.0191392,Characterisation of ictal and interictal states of epilepsy: A system dynamic approach of principal dynamic modes analysis,PloS one,2018,https://pubmed.ncbi.nlm.nih.gov/29351559/
29367722_Chiang_2018,gold (carries answers),epilepsy,PMID,29367722,10.1038/s41598-018-19925-7,Slow moving neural source in the epileptic hippocampus can mimic progression of human seizures,Scientific reports,2018,https://pubmed.ncbi.nlm.nih.gov/29367722/
29416524_Zhou_2017,gold (carries answers),epilepsy,PMID,29416524,10.3389/fneur.2017.00750,Homozygous TBC1D24 Mutation in a Case of Epilepsia Partialis Continua,Frontiers in neurology,2017,https://pubmed.ncbi.nlm.nih.gov/29416524/
29420639_Packer_2018,gold (carries answers),epilepsy,PMID,29420639,10.1371/journal.pone.0192182,Cognitive dysfunction in naturally occurring canine idiopathic epilepsy,PloS one,2018,https://pubmed.ncbi.nlm.nih.gov/29420639/
29422541_Bertoncello_2018,gold (carries answers),epilepsy,PMID,29422541,10.1038/s41598-018-20897-x,Micronization potentiates curcumin's anti-seizure effect and brings an important advance in epilepsy treatment,Scientific reports,2018,https://pubmed.ncbi.nlm.nih.gov/29422541/
29422636_Choudhary_2018,gold (carries answers),epilepsy,PMID,29422636,10.1038/s41598-018-20676-8,Childhood epilepsy and ADHD comorbidity in an Indian tertiary medical center outpatient population,Scientific reports,2018,https://pubmed.ncbi.nlm.nih.gov/29422636/
29467714_Zahnert_2018,gold (carries answers),epilepsy,PMID,29467714,10.3389/fneur.2018.00038,Brivaracetam in the Treatment of Patients with Epilepsy-First Clinical Experiences,Frontiers in neurology,2018,https://pubmed.ncbi.nlm.nih.gov/29467714/
29476105_Nguyen_2018,gold (carries answers),epilepsy,PMID,29476105,10.1038/s41598-018-21656-8,mTOR-dependent alterations of Kv1.1 subunit expression in the neuronal subset-specific Pten knockout mouse model of cortical dysplasia with epilepsy,Scientific reports,2018,https://pubmed.ncbi.nlm.nih.gov/29476105/
29479337_SanJuan_2018,gold (carries answers),epilepsy,PMID,29479337,10.3389/fneur.2018.00065,Successful Treatment of a Drug-Resistant Epilepsy by Long-term Transcranial Direct Current Stimulation: A Case Report,Frontiers in neurology,2018,https://pubmed.ncbi.nlm.nih.gov/29479337/
29497072_Liu_2018,gold (carries answers),epilepsy,PMID,29497072,10.1038/s41598-018-21669-3,Preoperative Heart Rate Variability as Predictors of Vagus Nerve Stimulation Outcome in Patients with Drug-resistant Epilepsy,Scientific reports,2018,https://pubmed.ncbi.nlm.nih.gov/29497072/
29515159_Wickham_2018,gold (carries answers),epilepsy,PMID,29515159,10.1038/s41598-018-22554-9,Prolonged life of human acute hippocampal slices from temporal lobe epilepsy surgery,Scientific reports,2018,https://pubmed.ncbi.nlm.nih.gov/29515159/
29520250_Seneviratne_2018,gold (carries answers),epilepsy,PMID,29520250,10.3389/fneur.2018.00036,Characteristics of Epileptiform Discharge Duration and Interdischarge Interval in Genetic Generalized Epilepsies,Frontiers in neurology,2018,https://pubmed.ncbi.nlm.nih.gov/29520250/
29543825_Li_2018,gold (carries answers),epilepsy,PMID,29543825,10.1371/journal.pone.0193691,Detection of epileptic seizure based on entropy analysis of short-term EEG,PloS one,2018,https://pubmed.ncbi.nlm.nih.gov/29543825/
29551988_Page_2018,gold (carries answers),epilepsy,PMID,29551988,10.3389/fneur.2018.00099,Digital Care in Epilepsy: A Conceptual Framework for Technological Therapies,Frontiers in neurology,2018,https://pubmed.ncbi.nlm.nih.gov/29551988/
29593628_Beheshti_2018,gold (carries answers),epilepsy,PMID,29593628,10.3389/fneur.2018.00107,Gray Matter and White Matter Abnormalities in Temporal Lobe Epilepsy Patients with and without Hippocampal Sclerosis,Frontiers in neurology,2018,https://pubmed.ncbi.nlm.nih.gov/29593628/
29593629_Chen_2018,gold (carries answers),epilepsy,PMID,29593629,10.3389/fneur.2018.00113,Risk of Microangiopathy in Patients with Epilepsy under Long-term Antiepileptic Drug Therapy,Frontiers in neurology,2018,https://pubmed.ncbi.nlm.nih.gov/29593629/
29596486_Brabcová_2018,gold (carries answers),epilepsy,PMID,29596486,10.1371/journal.pone.0195225,Psychometric properties of the Czech version of the Stigma Scale of Epilepsy,PloS one,2018,https://pubmed.ncbi.nlm.nih.gov/29596486/
29615959_Balottin_2018,gold (carries answers),epilepsy,PMID,29615959,10.3389/fneur.2018.00160,Rorschach Evaluation of Personality and Emotional Characteristics in Adolescents With Migraine Versus Epilepsy and Controls,Frontiers in neurology,2018,https://pubmed.ncbi.nlm.nih.gov/29615959/
29632387_Chen_2018,gold (carries answers),epilepsy,PMID,29632387,10.1038/s41598-018-23336-z,The focal alteration and causal connectivity in children with new-onset benign epilepsy with centrotemporal spikes,Scientific reports,2018,https://pubmed.ncbi.nlm.nih.gov/29632387/
29632513_Unterberger_2018,gold (carries answers),epilepsy,PMID,29632513,10.3389/fneur.2018.00195,Risky Decision Making in Juvenile Myoclonic Epilepsy,Frontiers in neurology,2018,https://pubmed.ncbi.nlm.nih.gov/29632513/
29634780_KerenAviram_2018,gold (carries answers),epilepsy,PMID,29634780,10.1371/journal.pone.0195639,Proteomic analysis of human epileptic neocortex predicts vascular and glial changes in epileptic regions,PloS one,2018,https://pubmed.ncbi.nlm.nih.gov/29634780/
29674629_Xue_2018,gold (carries answers),epilepsy,PMID,29674629,10.1038/s41598-018-24644-0,Genetic (idiopathic) epilepsy with photosensitive seizures includes features of both focal and generalized seizures,Scientific reports,2018,https://pubmed.ncbi.nlm.nih.gov/29674629/
29679985_Phabphal_2018,gold (carries answers),epilepsy,PMID,29679985,10.1186/s12883-018-1050-3,Does burst-suppression achieve seizure control in refractory status epilepticus?,BMC neurology,2018,https://pubmed.ncbi.nlm.nih.gov/29679985/
29695997_Wang_2018,gold (carries answers),epilepsy,PMID,29695997,10.3389/fneur.2018.00243,The Anatomo-Electrical Network Underlying Hypermotor Seizures,Frontiers in neurology,2018,https://pubmed.ncbi.nlm.nih.gov/29695997/
29740014_ReyesGarcia_2018,gold (carries answers),epilepsy,PMID,29740014,10.1038/s41598-018-25378-9,Different patterns of epileptiform-like activity are generated in the sclerotic hippocampus from patients with drug-resistant temporal lobe epilepsy,Scientific reports,2018,https://pubmed.ncbi.nlm.nih.gov/29740014/
29770117_Esterhuizen_2018,gold (carries answers),epilepsy,PMID,29770117,10.3389/fneur.2018.00276,Clinical Application of Epilepsy Genetics in Africa: Is Now the Time?,Frontiers in neurology,2018,https://pubmed.ncbi.nlm.nih.gov/29770117/
29899532_Santhakumar_2018,gold (carries answers),epilepsy,PMID,29899532,10.1038/s41598-018-27029-5,Real Time Imaging and Dynamics of Hippocampal Zn(2+) under Epileptic Condition Using a Ratiometric Fluorescent Probe,Scientific reports,2018,https://pubmed.ncbi.nlm.nih.gov/29899532/
29927966_Shankar_2018,gold (carries answers),epilepsy,PMID,29927966,10.1371/journal.pone.0198261,Under representation of people with epilepsy and intellectual disability in research,PloS one,2018,https://pubmed.ncbi.nlm.nih.gov/29927966/
29934574_Holtmann_2018,gold (carries answers),epilepsy,PMID,29934574,10.1038/s41598-018-27914-z,Amygdala enlargement and emotional responses in (autoimmune) temporal lobe epilepsy,Scientific reports,2018,https://pubmed.ncbi.nlm.nih.gov/29934574/
29966017_Wilenius_2018,gold (carries answers),epilepsy,PMID,29966017,10.1371/journal.pone.0200073,A simple magnetoencephalographic auditory paradigm may aid in confirming left-hemispheric language dominance in epilepsy patients,PloS one,2018,https://pubmed.ncbi.nlm.nih.gov/29966017/
29977078_Suraev_2018,gold (carries answers),epilepsy,PMID,29977078,10.1038/s41598-018-28127-0,Composition and Use of Cannabis Extracts for Childhood Epilepsy in the Australian Community,Scientific reports,2018,https://pubmed.ncbi.nlm.nih.gov/29977078/
29979717_Jermakowicz_2018,gold (carries answers),epilepsy,PMID,29979717,10.1371/journal.pone.0199190,Ablation dynamics during laser interstitial thermal therapy for mesiotemporal epilepsy,PloS one,2018,https://pubmed.ncbi.nlm.nih.gov/29979717/
29991737_Cunha_2018,gold (carries answers),epilepsy,PMID,29991737,10.1038/s41598-018-28725-y,"Intrinsic and synaptic properties of hippocampal CA1 pyramidal neurons of the Wistar Audiogenic Rat (WAR) strain, a genetic model of epilepsy",Scientific reports,2018,https://pubmed.ncbi.nlm.nih.gov/29991737/
29997563_Aguilar_2018,gold (carries answers),epilepsy,PMID,29997563,10.3389/fneur.2018.00476,Genetically Epilepsy-Prone Rats Display Anxiety-Like Behaviors and Neuropsychiatric Comorbidities of Epilepsy,Frontiers in neurology,2018,https://pubmed.ncbi.nlm.nih.gov/29997563/
30057567_Mäkelä_2018,gold (carries answers),epilepsy,PMID,30057567,10.3389/fneur.2018.00579,Clinical Management of Epilepsy With Glutamic Acid Decarboxylase Antibody Positivity: The Interplay Between Immunotherapy and Anti-epileptic Drugs,Frontiers in neurology,2018,https://pubmed.ncbi.nlm.nih.gov/30057567/
30083127_Willems_2018,gold (carries answers),epilepsy,PMID,30083127,10.3389/fneur.2018.00569,"Efficacy, Retention, and Tolerability of Brivaracetam in Patients With Epileptic Encephalopathies: A Multicenter Cohort Study From Germany",Frontiers in neurology,2018,https://pubmed.ncbi.nlm.nih.gov/30083127/
30114263_Kalozoumi_2018,gold (carries answers),epilepsy,PMID,30114263,10.1371/journal.pone.0201742,Glial responses during epileptogenesis in Mus musculus point to potential therapeutic targets,PloS one,2018,https://pubmed.ncbi.nlm.nih.gov/30114263/
30116220_Matos_2018,gold (carries answers),epilepsy,PMID,30116220,10.3389/fneur.2018.00632,Rhythms of Core Clock Genes and Spontaneous Locomotor Activity in Post-Status Epilepticus Model of Mesial Temporal Lobe Epilepsy,Frontiers in neurology,2018,https://pubmed.ncbi.nlm.nih.gov/30116220/
30131762_Nissen_2018,gold (carries answers),epilepsy,PMID,30131762,10.3389/fneur.2018.00647,Localization of the Epileptogenic Zone Using Interictal MEG and Machine Learning in a Large Cohort of Drug-Resistant Epilepsy Patients,Frontiers in neurology,2018,https://pubmed.ncbi.nlm.nih.gov/30131762/
30213952_Zhang_2018,gold (carries answers),epilepsy,PMID,30213952,10.1038/s41598-018-31092-3,Postoperative seizure outcome and timing interval to start antiepileptic drug withdrawal: A retrospective observational study of non-neoplastic drug resistant epilepsy,Scientific reports,2018,https://pubmed.ncbi.nlm.nih.gov/30213952/
30236064_Lin_2018,gold (carries answers),epilepsy,PMID,30236064,10.1186/s12883-018-1157-6,Epileptic spasms in PPP1CB-associated Noonan-like syndrome: a case report with clinical and therapeutic implications,BMC neurology,2018,https://pubmed.ncbi.nlm.nih.gov/30236064/
30258398_Pamplona_2018,gold (carries answers),epilepsy,PMID,30258398,10.3389/fneur.2018.00759,Potential Clinical Benefits of CBD-Rich Cannabis Extracts Over Purified CBD in Treatment-Resistant Epilepsy: Observational Data Meta-analysis,Frontiers in neurology,2018,https://pubmed.ncbi.nlm.nih.gov/30258398/
30271374_Shen_2018,gold (carries answers),epilepsy,PMID,30271374,10.3389/fneur.2018.00724,Overlapping Leigh Syndrome/Myoclonic Epilepsy With Ragged Red Fibres in an Adolescent Patient With a Mitochondrial DNA A8344G Mutation,Frontiers in neurology,2018,https://pubmed.ncbi.nlm.nih.gov/30271374/
30297697_Beier_2018,gold (carries answers),epilepsy,PMID,30297697,10.1038/s41598-018-33282-5,Aberrant neuronal differentiation is common in glioma but is associated neither with epileptic seizures nor with better survival,Scientific reports,2018,https://pubmed.ncbi.nlm.nih.gov/30297697/
30319527_Esmaeili_2018,gold (carries answers),epilepsy,PMID,30319527,10.3389/fneur.2018.00793,Post-ictal Modulation of Baroreflex Sensitivity in Patients With Intractable Epilepsy,Frontiers in neurology,2018,https://pubmed.ncbi.nlm.nih.gov/30319527/
30344505_Lin_2018,gold (carries answers),epilepsy,PMID,30344505,10.3389/fneur.2018.00829,Lateralization Value of Low Frequency Band Beamformer Magnetoencephalography Source Imaging in Temporal Lobe Epilepsy,Frontiers in neurology,2018,https://pubmed.ncbi.nlm.nih.gov/30344505/
30344507_Bartolini_2018,gold (carries answers),epilepsy,PMID,30344507,10.3389/fneur.2018.00834,Detection of HHV-6 and EBV and Cytokine Levels in Saliva From Children With Seizures: Results of a Multi-Center Cross-Sectional Study,Frontiers in neurology,2018,https://pubmed.ncbi.nlm.nih.gov/30344507/
30399183_Pfammatter_2018,gold (carries answers),epilepsy,PMID,30399183,10.1371/journal.pone.0207158,A predictive epilepsy index based on probabilistic classification of interictal spike waveforms,PloS one,2018,https://pubmed.ncbi.nlm.nih.gov/30399183/
30425677_Chen_2018,gold (carries answers),epilepsy,PMID,30425677,10.3389/fneur.2018.00891,A Retrospective Analysis of the Clinical Features of Inpatients With Epilepsy in the Ganzi Tibetan Autonomous Prefecture,Frontiers in neurology,2018,https://pubmed.ncbi.nlm.nih.gov/30425677/
30429824_Yang_2018,gold (carries answers),epilepsy,PMID,30429824,10.3389/fneur.2018.00925,Inhibition of p38 MAPK Signaling Regulates the Expression of EAAT2 in the Brains of Epileptic Rats,Frontiers in neurology,2018,https://pubmed.ncbi.nlm.nih.gov/30429824/
30446731_Kros_2018,gold (carries answers),epilepsy,PMID,30446731,10.1038/s41598-018-35285-8,Increased susceptibility to cortical spreading depression and epileptiform activity in a mouse model for FHM2,Scientific reports,2018,https://pubmed.ncbi.nlm.nih.gov/30446731/
30478263_Niriayo_2018,gold (carries answers),epilepsy,PMID,30478263,10.1038/s41598-018-35906-2,Treatment outcome and associated factors among patients with epilepsy,Scientific reports,2018,https://pubmed.ncbi.nlm.nih.gov/30478263/
30483204_Jiang_2018,gold (carries answers),epilepsy,PMID,30483204,10.3389/fneur.2018.00889,Determining the Quantitative Threshold of High-Frequency Oscillation Distribution to Delineate the Epileptogenic Zone by Automated Detection,Frontiers in neurology,2018,https://pubmed.ncbi.nlm.nih.gov/30483204/
30524358_Chen_2018,gold (carries answers),epilepsy,PMID,30524358,10.3389/fneur.2018.00969,Serum Levels of Brain-Derived Neurotrophic Factor and Insulin-Like Growth Factor 1 Are Associated With Autonomic Dysfunction and Impaired Cerebral Autoregulation in Patients With Epilepsy,Frontiers in neurology,2018,https://pubmed.ncbi.nlm.nih.gov/30524358/
30538668_Bouwen_2018,gold (carries answers),epilepsy,PMID,30538668,10.3389/fneur.2018.01004,The Impacts of Tumor and Tumor Associated Epilepsy on Subcortical Brain Structures and Long Distance Connectivity in Patients With Low Grade Glioma,Frontiers in neurology,2018,https://pubmed.ncbi.nlm.nih.gov/30538668/
30559705_Arabi_2018,gold (carries answers),epilepsy,PMID,30559705,10.3389/fneur.2018.00995,Frequency and Stratification of Epileptogenic Lesions in Elderly With New Onset Seizures,Frontiers in neurology,2018,https://pubmed.ncbi.nlm.nih.gov/30559705/
30596766_Odd_2018,gold (carries answers),epilepsy,PMID,30596766,10.1371/journal.pone.0210181,Associations between early term and late/post term infants and development of epilepsy: A cohort study,PloS one,2018,https://pubmed.ncbi.nlm.nih.gov/30596766/
30629669_Crans_2019,gold (carries answers),epilepsy,PMID,30629669,10.1371/journal.pone.0210567,The validation of Short Interspersed Nuclear Elements (SINEs) as a RT-qPCR normalization strategy in a rodent model for temporal lobe epilepsy,PloS one,2019,https://pubmed.ncbi.nlm.nih.gov/30629669/
30660202_Ninnoni_2019,gold (carries answers),epilepsy,PMID,30660202,10.1186/s12883-018-1235-9,"A qualitative study of the communication and information needs of people with learning disabilities and epilepsy with physicians, nurses and carers",BMC neurology,2019,https://pubmed.ncbi.nlm.nih.gov/30660202/
30669988_Han_2019,gold (carries answers),epilepsy,PMID,30669988,10.1186/s12883-019-1239-0,Role of t-PA and PAI-1 variants in temporal lobe epilepsy in Chinese Han population,BMC neurology,2019,https://pubmed.ncbi.nlm.nih.gov/30669988/
30671012_Huang_2018,gold (carries answers),epilepsy,PMID,30671012,10.3389/fneur.2018.01136,Characteristics of Seizure and Antiepileptic Drug Utilization in Outpatients With Autoimmune Encephalitis,Frontiers in neurology,2018,https://pubmed.ncbi.nlm.nih.gov/30671012/
30687213_Falip_2018,gold (carries answers),epilepsy,PMID,30687213,10.3389/fneur.2018.01143,Hippocampus and Insula Are Targets in Epileptic Patients With Glutamic Acid Decarboxylase Antibodies,Frontiers in neurology,2018,https://pubmed.ncbi.nlm.nih.gov/30687213/
30687222_Weber_2018,gold (carries answers),epilepsy,PMID,30687222,10.3389/fneur.2018.01168,Chorea-Acanthocytosis Presenting as Autosomal Recessive Epilepsy in a Family With a Novel VPS13A Mutation,Frontiers in neurology,2018,https://pubmed.ncbi.nlm.nih.gov/30687222/
30735541_Ozdemir_2019,gold (carries answers),epilepsy,PMID,30735541,10.1371/journal.pone.0211917,Identification of epilepsy related pathways using genome-wide DNA methylation measures: A trio-based approach,PloS one,2019,https://pubmed.ncbi.nlm.nih.gov/30735541/
30761061_Wang_2019,gold (carries answers),epilepsy,PMID,30761061,10.3389/fneur.2019.00001,Association Between HLA Genotype and Cutaneous Adverse Reactions to Antiepileptic Drugs Among Epilepsy Patients in Northwest China,Frontiers in neurology,2019,https://pubmed.ncbi.nlm.nih.gov/30761061/
30814971_Lin_2019,gold (carries answers),epilepsy,PMID,30814971,10.3389/fneur.2019.00025,The Different Clinical Features Between Autoimmune and Infectious Status Epilepticus,Frontiers in neurology,2019,https://pubmed.ncbi.nlm.nih.gov/30814971/
30889199_Feldman_2019,gold (carries answers),epilepsy,PMID,30889199,10.1371/journal.pone.0213642,7T MRI in epilepsy patients with previously normal clinical MRI exams compared against healthy controls,PloS one,2019,https://pubmed.ncbi.nlm.nih.gov/30889199/
30890997_Vilella_2019,gold (carries answers),epilepsy,PMID,30890997,10.3389/fneur.2019.00166,"Incidence, Recurrence, and Risk Factors for Peri-ictal Central Apnea and Sudden Unexpected Death in Epilepsy",Frontiers in neurology,2019,https://pubmed.ncbi.nlm.nih.gov/30890997/
30918286_Cela_2019,gold (carries answers),epilepsy,PMID,30918286,10.1038/s41598-019-41533-2,An Optogenetic Kindling Model of Neocortical Epilepsy,Scientific reports,2019,https://pubmed.ncbi.nlm.nih.gov/30918286/
30921410_KahnKirby_2019,gold (carries answers),epilepsy,PMID,30921410,10.1371/journal.pone.0214250,Targeting ferroptosis: A novel therapeutic strategy for the treatment of mitochondrial disease-related epilepsy,PloS one,2019,https://pubmed.ncbi.nlm.nih.gov/30921410/
30941098_Sambin_2019,gold (carries answers),epilepsy,PMID,30941098,10.3389/fneur.2019.00263,"Role of Epileptic Activity in Older Adults With Delirium, a Prospective Continuous EEG Study",Frontiers in neurology,2019,https://pubmed.ncbi.nlm.nih.gov/30941098/
30972009_Metcalf_2019,gold (carries answers),epilepsy,PMID,30972009,10.3389/fneur.2019.00277,Music-Enhanced Analgesia and Antiseizure Activities in Animal Models of Pain and Epilepsy: Toward Preclinical Studies Supporting Development of Digital Therapeutics and Their Combinations With Pharmaceutical Drugs,Frontiers in neurology,2019,https://pubmed.ncbi.nlm.nih.gov/30972009/
31001198_Sone_2019,gold (carries answers),epilepsy,PMID,31001198,10.3389/fneur.2019.00318,Similar and Differing Distributions Between (18)F-FDG-PET and Arterial Spin Labeling Imaging in Temporal Lobe Epilepsy,Frontiers in neurology,2019,https://pubmed.ncbi.nlm.nih.gov/31001198/
31053764_Gorjipour_2019,gold (carries answers),epilepsy,PMID,31053764,10.1038/s41598-019-43252-0,Hypoallergenic diet may control refractory epilepsy in allergic children: A quasi experimental study,Scientific reports,2019,https://pubmed.ncbi.nlm.nih.gov/31053764/
31057476_Mayoral_2019,gold (carries answers),epilepsy,PMID,31057476,10.3389/fneur.2019.00380,Epileptogenic Zone Localization With (18)FDG PET Using a New Dynamic Parametric Analysis,Frontiers in neurology,2019,https://pubmed.ncbi.nlm.nih.gov/31057476/
31089190_Junges_2019,gold (carries answers),epilepsy,PMID,31089190,10.1038/s41598-019-43871-7,The role that choice of model plays in predictions for epilepsy surgery,Scientific reports,2019,https://pubmed.ncbi.nlm.nih.gov/31089190/
31105638_Peng_2019,gold (carries answers),epilepsy,PMID,31105638,10.3389/fneur.2019.00423,Ketogenic Diet as a Treatment for Super-Refractory Status Epilepticus in Febrile Infection-Related Epilepsy Syndrome,Frontiers in neurology,2019,https://pubmed.ncbi.nlm.nih.gov/31105638/
31105639_Horváth_2019,gold (carries answers),epilepsy,PMID,31105639,10.3389/fneur.2019.00427,The Outcome of Status Epilepticus and Long-Term Follow-Up,Frontiers in neurology,2019,https://pubmed.ncbi.nlm.nih.gov/31105639/
31118916_Brázdil_2019,gold (carries answers),epilepsy,PMID,31118916,10.3389/fneur.2019.00392,EEG Reactivity Predicts Individual Efficacy of Vagal Nerve Stimulation in Intractable Epileptics,Frontiers in neurology,2019,https://pubmed.ncbi.nlm.nih.gov/31118916/
31133976_Gharaylou_2019,gold (carries answers),epilepsy,PMID,31133976,10.3389/fneur.2019.00483,Longitudinal Effects of Bumetanide on Neuro-Cognitive Functioning in Drug-Resistant Epilepsy,Frontiers in neurology,2019,https://pubmed.ncbi.nlm.nih.gov/31133976/
31133978_Jo_2019,gold (carries answers),epilepsy,PMID,31133978,10.3389/fneur.2019.00488,Relationship Between Seizure Frequency and Functional Abnormalities in Limbic Network of Medial Temporal Lobe Epilepsy,Frontiers in neurology,2019,https://pubmed.ncbi.nlm.nih.gov/31133978/
31139141_Lee_2019,gold (carries answers),epilepsy,PMID,31139141,10.3389/fneur.2019.00496,Epilepsy in Leigh Syndrome With Mitochondrial DNA Mutations,Frontiers in neurology,2019,https://pubmed.ncbi.nlm.nih.gov/31139141/
31139143_Long_2019,gold (carries answers),epilepsy,PMID,31139143,10.3389/fneur.2019.00505,The Clinical and Genetic Features of Co-occurring Epilepsy and Autism Spectrum Disorder in Chinese Children,Frontiers in neurology,2019,https://pubmed.ncbi.nlm.nih.gov/31139143/
31156546_Lin_2019,gold (carries answers),epilepsy,PMID,31156546,10.3389/fneur.2019.00528,Epilepsy and Neurodevelopmental Outcomes in Children With Etiologically Diagnosed Central Nervous System Infections: A Retrospective Cohort Study,Frontiers in neurology,2019,https://pubmed.ncbi.nlm.nih.gov/31156546/
31164858_Demos_2019,gold (carries answers),epilepsy,PMID,31164858,10.3389/fneur.2019.00434,Diagnostic Yield and Treatment Impact of Targeted Exome Sequencing in Early-Onset Epilepsy,Frontiers in neurology,2019,https://pubmed.ncbi.nlm.nih.gov/31164858/
31214106_Zhang_2019,gold (carries answers),epilepsy,PMID,31214106,10.3389/fneur.2019.00558,The Concept of Drug-Resistant Epileptogenic Zone,Frontiers in neurology,2019,https://pubmed.ncbi.nlm.nih.gov/31214106/
31235838_Ge_2019,gold (carries answers),epilepsy,PMID,31235838,10.1038/s41598-019-45639-5,Robust closed-loop control of spike-and-wave discharges in a thalamocortical computational model of absence epilepsy,Scientific reports,2019,https://pubmed.ncbi.nlm.nih.gov/31235838/
31308412_Lopes_2019,gold (carries answers),epilepsy,PMID,31308412,10.1038/s41598-019-46633-7,Revealing epilepsy type using a computational analysis of interictal EEG,Scientific reports,2019,https://pubmed.ncbi.nlm.nih.gov/31308412/
31315588_Peng_2019,gold (carries answers),epilepsy,PMID,31315588,10.1186/s12883-019-1389-0,Acquired epileptiform opercular syndrome evaluated with real-time transcranial Doppler ultrasound-video-electroencephalogram before and after treatment: a case report,BMC neurology,2019,https://pubmed.ncbi.nlm.nih.gov/31315588/
31315592_Kaddumukasa_2019,gold (carries answers),epilepsy,PMID,31315592,10.1186/s12883-019-1398-z,"Barriers to epilepsy care in Central Uganda, a qualitative interview and focus group study involving PLWE and their caregivers",BMC neurology,2019,https://pubmed.ncbi.nlm.nih.gov/31315592/
31315594_Liu_2019,gold (carries answers),epilepsy,PMID,31315594,10.1186/s12883-019-1396-1,Surgical outcomes in patients with epilepsy after viral encephalitis: contribution of SEEG study,BMC neurology,2019,https://pubmed.ncbi.nlm.nih.gov/31315594/
31323024_Christensen_2019,gold (carries answers),epilepsy,PMID,31323024,10.1371/journal.pone.0219137,Selective serotonin reuptake inhibitors and risk of epilepsy after traumatic brain injury - A population based cohort study,PloS one,2019,https://pubmed.ncbi.nlm.nih.gov/31323024/
31332211_Fujita_2019,gold (carries answers),epilepsy,PMID,31332211,10.1038/s41598-019-46373-8,Urinary volatile metabolites of amygdala-kindled mice reveal novel biomarkers associated with temporal lobe epilepsy,Scientific reports,2019,https://pubmed.ncbi.nlm.nih.gov/31332211/
31337840_Rings_2019,gold (carries answers),epilepsy,PMID,31337840,10.1038/s41598-019-47092-w,Precursors of seizures due to specific spatial-temporal modifications of evolving large-scale epileptic brain networks,Scientific reports,2019,https://pubmed.ncbi.nlm.nih.gov/31337840/
31507508_Horvath_2019,gold (carries answers),epilepsy,PMID,31507508,10.3389/fneur.2019.00878,Precuneus-Dominant Degeneration of Parietal Lobe Is at Risk of Epilepsy in Mild Alzheimer's Disease,Frontiers in neurology,2019,https://pubmed.ncbi.nlm.nih.gov/31507508/
31551911_Martin_2019,gold (carries answers),epilepsy,PMID,31551911,10.3389/fneur.2019.00946,Drug-Resistant Juvenile Myoclonic Epilepsy: Misdiagnosis of Progressive Myoclonus Epilepsy,Frontiers in neurology,2019,https://pubmed.ncbi.nlm.nih.gov/31551911/
31555199_Ramanan_2019,gold (carries answers),epilepsy,PMID,31555199,10.3389/fneur.2019.00939,Transient Epileptic Amnesia: A Treatable Cause of Spells Associated With Persistent Cognitive Symptoms,Frontiers in neurology,2019,https://pubmed.ncbi.nlm.nih.gov/31555199/
31562378_DeCaro_2019,gold (carries answers),epilepsy,PMID,31562378,10.1038/s41598-019-50542-0,Intestinal inflammation increases convulsant activity and reduces antiepileptic drug efficacy in a mouse model of epilepsy,Scientific reports,2019,https://pubmed.ncbi.nlm.nih.gov/31562378/
31572289_Wang_2019,gold (carries answers),epilepsy,PMID,31572289,10.3389/fneur.2019.00971,FK506 Attenuated Pilocarpine-Induced Epilepsy by Reducing Inflammation in Rats,Frontiers in neurology,2019,https://pubmed.ncbi.nlm.nih.gov/31572289/
31578435_Ricobaraza_2019,gold (carries answers),epilepsy,PMID,31578435,10.1038/s41598-019-50627-w,Epilepsy and neuropsychiatric comorbidities in mice carrying a recurrent Dravet syndrome SCN1A missense mutation,Scientific reports,2019,https://pubmed.ncbi.nlm.nih.gov/31578435/
31596871_Gupta_2019,gold (carries answers),epilepsy,PMID,31596871,10.1371/journal.pone.0215789,Neuronal network remodeling and Wnt pathway dysregulation in the intra-hippocampal kainate mouse model of temporal lobe epilepsy,PloS one,2019,https://pubmed.ncbi.nlm.nih.gov/31596871/
31632331_Dechandt_2019,gold (carries answers),epilepsy,PMID,31632331,10.3389/fneur.2019.01007,"Energy Metabolism and Redox State in Brains of Wistar Audiogenic Rats, a Genetic Model of Epilepsy",Frontiers in neurology,2019,https://pubmed.ncbi.nlm.nih.gov/31632331/
31656168_Ejigu_2019,gold (carries answers),epilepsy,PMID,31656168,10.1186/s12883-019-1432-1,"Sexual dysfunction and associated factors among patients with epilepsy at Amanuel Mental Specialty Hospital, Addis Ababa - Ethiopia",BMC neurology,2019,https://pubmed.ncbi.nlm.nih.gov/31656168/
31656175_Den_2019,gold (carries answers),epilepsy,PMID,31656175,10.1186/s12883-019-1489-x,"Recurrent NUS1 canonical splice donor site mutation in two unrelated individuals with epilepsy, myoclonus, ataxia and scoliosis - a case report",BMC neurology,2019,https://pubmed.ncbi.nlm.nih.gov/31656175/
31729960_Mohamed_2019,gold (carries answers),epilepsy,PMID,31729960,10.1186/s12883-019-1514-0,Classification and management of epilepsy and epileptic syndromes in a cohort of 202 school children- a 2 year follow up study- Sudan,BMC neurology,2019,https://pubmed.ncbi.nlm.nih.gov/31729960/
31747402_Widjaja_2019,gold (carries answers),epilepsy,PMID,31747402,10.1371/journal.pone.0224571,Early economic evaluation of MRI-guided laser interstitial thermal therapy (MRgLITT) and epilepsy surgery for mesial temporal lobe epilepsy,PloS one,2019,https://pubmed.ncbi.nlm.nih.gov/31747402/
31779601_Shan_2019,gold (carries answers),epilepsy,PMID,31779601,10.1186/s12883-019-1537-6,Automatic labeling of the fanning and curving shape of Meyer's loop for epilepsy surgery: an atlas extracted from high-definition fiber tractography,BMC neurology,2019,https://pubmed.ncbi.nlm.nih.gov/31779601/
31784560_Li_2019,gold (carries answers),epilepsy,PMID,31784560,10.1038/s41598-019-53484-9,Germline de novo variants in CSNK2B in Chinese patients with epilepsy,Scientific reports,2019,https://pubmed.ncbi.nlm.nih.gov/31784560/
31787084_Sirikarn_2019,gold (carries answers),epilepsy,PMID,31787084,10.1186/s12883-019-1540-y,One- to 10-year Status Epilepticus Mortality (SEM) score after 30 days of hospital discharge: development and validation using competing risks analysis,BMC neurology,2019,https://pubmed.ncbi.nlm.nih.gov/31787084/
31796832_Seki_2019,gold (carries answers),epilepsy,PMID,31796832,10.1038/s41598-019-54684-z,Analysis of proliferating neuronal progenitors and immature neurons in the human hippocampus surgically removed from control and epileptic patients,Scientific reports,2019,https://pubmed.ncbi.nlm.nih.gov/31796832/
31824399_Kuchukhidze_2019,gold (carries answers),epilepsy,PMID,31824399,10.3389/fneur.2019.01209,Language Dominance in Patients With Malformations of Cortical Development and Epilepsy,Frontiers in neurology,2019,https://pubmed.ncbi.nlm.nih.gov/31824399/
31849823_Job_2019,gold (carries answers),epilepsy,PMID,31849823,10.3389/fneur.2019.01263,Epileptogenicity Maps of Intracerebral Fast Activities (60-100 Hz) at Seizure Onset in Epilepsy Surgery Candidates,Frontiers in neurology,2019,https://pubmed.ncbi.nlm.nih.gov/31849823/
31852929_Medvedev_2019,gold (carries answers),epilepsy,PMID,31852929,10.1038/s41598-019-55861-w,A Long Short-Term Memory neural network for the detection of epileptiform spikes and high frequency oscillations,Scientific reports,2019,https://pubmed.ncbi.nlm.nih.gov/31852929/
31852985_Wickham_2019,gold (carries answers),epilepsy,PMID,31852985,10.1038/s41598-019-56062-1,Inhibition of epileptiform activity by neuropeptide Y in brain tissue from drug-resistant temporal lobe epilepsy patients,Scientific reports,2019,https://pubmed.ncbi.nlm.nih.gov/31852985/
31866938_Wan_2019,gold (carries answers),epilepsy,PMID,31866938,10.3389/fneur.2019.01302,Cobb Syndrome Manifesting as Repetitive Seizures in a 10-Year-Old Girl: A Case Report and Literature Review,Frontiers in neurology,2019,https://pubmed.ncbi.nlm.nih.gov/31866938/
31875025_Kanai_2019,gold (carries answers),epilepsy,PMID,31875025,10.1038/s41598-019-56303-3,Symmetry of ictal slow waves may predict the outcomes of corpus callosotomy for epileptic spasms,Scientific reports,2019,https://pubmed.ncbi.nlm.nih.gov/31875025/
31884946_Motte_2019,gold (carries answers),epilepsy,PMID,31884946,10.1186/s12883-019-1583-0,Novel variants in a patient with late-onset hyperprolinemia type II: diagnostic key for status epilepticus and lactic acidosis,BMC neurology,2019,https://pubmed.ncbi.nlm.nih.gov/31884946/
31891591_Khan_2019,gold (carries answers),epilepsy,PMID,31891591,10.1371/journal.pone.0226733,A systems approach identifies Enhancer of Zeste Homolog 2 (EZH2) as a protective factor in epilepsy,PloS one,2019,https://pubmed.ncbi.nlm.nih.gov/31891591/
31899779_Nasir_2020,gold (carries answers),epilepsy,PMID,31899779,10.1371/journal.pone.0227359,Drug therapy problems and treatment satisfaction among ambulatory patients with epilepsy in a specialized hospital in Ethiopia,PloS one,2020,https://pubmed.ncbi.nlm.nih.gov/31899779/
31919458_Delev_2020,gold (carries answers),epilepsy,PMID,31919458,10.1038/s41598-019-56146-y,Long-term epilepsy-associated tumors: transcriptional signatures reflect clinical course,Scientific reports,2020,https://pubmed.ncbi.nlm.nih.gov/31919458/
31920934_Klotz_2019,gold (carries answers),epilepsy,PMID,31920934,10.3389/fneur.2019.01313,Efficacy and Tolerance of Synthetic Cannabidiol for Treatment of Drug Resistant Epilepsy,Frontiers in neurology,2019,https://pubmed.ncbi.nlm.nih.gov/31920934/
31920937_Vaudano_2019,gold (carries answers),epilepsy,PMID,31920937,10.3389/fneur.2019.01316,Mapping the Effect of Interictal Epileptic Activity Density During Wakefulness on Brain Functioning in Focal Childhood Epilepsies With Centrotemporal Spikes,Frontiers in neurology,2019,https://pubmed.ncbi.nlm.nih.gov/31920937/
31961886_Tefera_2020,gold (carries answers),epilepsy,PMID,31961886,10.1371/journal.pone.0227858,"Health-related quality of life and its determinants among ambulatory patients with epilepsy at Ambo General Hospital, Ethiopia: Using WHOQOL-BREF",PloS one,2020,https://pubmed.ncbi.nlm.nih.gov/31961886/
31964991_Cozart_2020,gold (carries answers),epilepsy,PMID,31964991,10.1038/s41598-020-57733-0,Vascular smooth muscle TRPC3 channels facilitate the inverse hemodynamic response during status epilepticus,Scientific reports,2020,https://pubmed.ncbi.nlm.nih.gov/31964991/
32010051_Nogueira_2019,gold (carries answers),epilepsy,PMID,32010051,10.3389/fneur.2019.01398,Major Depressive Disorder Associated With Reduced Cortical Thickness in Women With Temporal Lobe Epilepsy,Frontiers in neurology,2019,https://pubmed.ncbi.nlm.nih.gov/32010051/
32015406_Kang_2020,gold (carries answers),epilepsy,PMID,32015406,10.1038/s41598-020-58612-4,Quantitative spatio-temporal characterization of epileptic spikes using high density EEG: Differences between NREM sleep and REM sleep,Scientific reports,2020,https://pubmed.ncbi.nlm.nih.gov/32015406/
32038448_Brondani_2019,gold (carries answers),epilepsy,PMID,32038448,10.3389/fneur.2019.01256,Risk Factors for Epilepsy After Thrombolysis for Ischemic Stroke: A Cohort Study,Frontiers in neurology,2019,https://pubmed.ncbi.nlm.nih.gov/32038448/
32038453_Shi_2019,gold (carries answers),epilepsy,PMID,32038453,10.3389/fneur.2019.01359,Differences Between Interictal and Ictal Generalized Spike-Wave Discharges in Childhood Absence Epilepsy: A MEG Study,Frontiers in neurology,2019,https://pubmed.ncbi.nlm.nih.gov/32038453/
32038471_Wester_2020,gold (carries answers),epilepsy,PMID,32038471,10.3389/fneur.2020.00003,Evaluating the Effectiveness and Cost-Effectiveness of Seizure Dogs in Persons With Medically Refractory Epilepsy in the Netherlands: Study Protocol for a Stepped Wedge Randomized Controlled Trial (EPISODE),Frontiers in neurology,2020,https://pubmed.ncbi.nlm.nih.gov/32038471/
32038474_Duan_2020,gold (carries answers),epilepsy,PMID,32038474,10.3389/fneur.2020.00021,Identifying Morphological Patterns of Hippocampal Atrophy in Patients With Mesial Temporal Lobe Epilepsy and Alzheimer Disease,Frontiers in neurology,2020,https://pubmed.ncbi.nlm.nih.gov/32038474/
32046682_Yang_2020,gold (carries answers),epilepsy,PMID,32046682,10.1186/s12883-020-1630-x,Acute visual impairment as a main presenting symptom of non-convulsive status epilepticus: a case report,BMC neurology,2020,https://pubmed.ncbi.nlm.nih.gov/32046682/
32054883_Rawat_2020,gold (carries answers),epilepsy,PMID,32054883,10.1038/s41598-020-59259-x,Downregulation of peripheral PTGS2/COX-2 in response to valproate treatment in patients with epilepsy,Scientific reports,2020,https://pubmed.ncbi.nlm.nih.gov/32054883/
32111960_Rambousek_2020,gold (carries answers),epilepsy,PMID,32111960,10.1038/s41598-020-60638-7,"Aberrant expression of PAR bZIP transcription factors is associated with epileptogenesis, focus on hepatic leukemia factor",Scientific reports,2020,https://pubmed.ncbi.nlm.nih.gov/32111960/
32117026_Liao_2020,gold (carries answers),epilepsy,PMID,32117026,10.3389/fneur.2020.00065,Status Epilepticus Manifested as Continuous Epileptic Spasms,Frontiers in neurology,2020,https://pubmed.ncbi.nlm.nih.gov/32117026/
32132552_Levine_2020,gold (carries answers),epilepsy,PMID,32132552,10.1038/s41598-020-60324-8,Cardiac dysregulation following intrahippocampal kainate-induced status epilepticus,Scientific reports,2020,https://pubmed.ncbi.nlm.nih.gov/32132552/
32134913_Weuring_2020,gold (carries answers),epilepsy,PMID,32134913,10.1371/journal.pone.0219106,NaV1.1 and NaV1.6 selective compounds reduce the behavior phenotype and epileptiform activity in a novel zebrafish model for Dravet Syndrome,PloS one,2020,https://pubmed.ncbi.nlm.nih.gov/32134913/
32151248_Choi_2020,gold (carries answers),epilepsy,PMID,32151248,10.1186/s12883-020-01662-y,Serum α-synuclein and IL-1β are increased and correlated with measures of disease severity in children with epilepsy: potential prognostic biomarkers?,BMC neurology,2020,https://pubmed.ncbi.nlm.nih.gov/32151248/
32153488_Yang_2020,gold (carries answers),epilepsy,PMID,32153488,10.3389/fneur.2020.00061,Pilomotor Seizures in a Patient With LGI1 Encephalitis,Frontiers in neurology,2020,https://pubmed.ncbi.nlm.nih.gov/32153488/
32157145_doCanto_2020,gold (carries answers),epilepsy,PMID,32157145,10.1038/s41598-020-61401-8,Laser microdissection-based microproteomics of the hippocampus of a rat epilepsy model reveals regional differences in protein abundances,Scientific reports,2020,https://pubmed.ncbi.nlm.nih.gov/32157145/
32168507_DíazCasado_2020,gold (carries answers),epilepsy,PMID,32168507,10.1371/journal.pone.0229953,Analysis of gene variants in the GASH/Sal model of epilepsy,PloS one,2020,https://pubmed.ncbi.nlm.nih.gov/32168507/
32203535_Colliva_2020,gold (carries answers),epilepsy,PMID,32203535,10.1371/journal.pone.0230194,"Psychosocial assessment of families caring for a child with acute lymphoblastic leukemia, epilepsy or asthma: Psychosocial risk as network of interacting symptoms",PloS one,2020,https://pubmed.ncbi.nlm.nih.gov/32203535/
32265823_Wang_2020,gold (carries answers),epilepsy,PMID,32265823,10.3389/fneur.2020.00177,Pilot Study of Voxel-Based Morphometric MRI Post-processing in Patients With Non-lesional Operculoinsular Epilepsy,Frontiers in neurology,2020,https://pubmed.ncbi.nlm.nih.gov/32265823/
32275724_Chizhov_2020,gold (carries answers),epilepsy,PMID,32275724,10.1371/journal.pone.0230787,A simple model of epileptic seizure propagation: Potassium diffusion versus axo-dendritic spread,PloS one,2020,https://pubmed.ncbi.nlm.nih.gov/32275724/
32295523_Ren_2020,gold (carries answers),epilepsy,PMID,32295523,10.1186/s12883-020-01711-6,Functional brain network mechanism of executive control dysfunction in temporal lobe epilepsy,BMC neurology,2020,https://pubmed.ncbi.nlm.nih.gov/32295523/
32317689_Pinheiro_2020,gold (carries answers),epilepsy,PMID,32317689,10.1038/s41598-020-63685-2,Modulation in phase and frequency of neural oscillations during epileptiform activity induced by neonatal Zika virus infection in mice,Scientific reports,2020,https://pubmed.ncbi.nlm.nih.gov/32317689/
32341371_Akter_2020,gold (carries answers),epilepsy,PMID,32341371,10.1038/s41598-020-62967-z,Multiband entropy-based feature-extraction method for automatic identification of epileptic focus based on high-frequency components in interictal iEEG,Scientific reports,2020,https://pubmed.ncbi.nlm.nih.gov/32341371/
32349706_Abe_2020,gold (carries answers),epilepsy,PMID,32349706,10.1186/s12883-020-01744-x,Magnetic resonance-guided focused ultrasound for mesial temporal lobe epilepsy: a case report,BMC neurology,2020,https://pubmed.ncbi.nlm.nih.gov/32349706/
32373045_Li_2020,gold (carries answers),epilepsy,PMID,32373045,10.3389/fneur.2020.00253,Impaired Topological Properties of Gray Matter Structural Covariance Network in Epilepsy Children With Generalized Tonic-Clonic Seizures: A Graph Theoretical Analysis,Frontiers in neurology,2020,https://pubmed.ncbi.nlm.nih.gov/32373045/
32413036_vanDijk_2020,gold (carries answers),epilepsy,PMID,32413036,10.1371/journal.pone.0230141,Design of composite measure schemes for comparative severity assessment in animal-based neuroscience research: A case study focussed on rat epilepsy models,PloS one,2020,https://pubmed.ncbi.nlm.nih.gov/32413036/
32424296_Arifin_2020,gold (carries answers),epilepsy,PMID,32424296,10.1038/s41598-020-64968-4,Surgery for Radiologically Normal-Appearing Temporal Lobe Epilepsy in a Centre with Limited Resources,Scientific reports,2020,https://pubmed.ncbi.nlm.nih.gov/32424296/
32425876_Yang_2020,gold (carries answers),epilepsy,PMID,32425876,10.3389/fneur.2020.00311,PCDH19-Related Epilepsy in Early Onset of Chinese Male Patient: Case Report and Literature Review,Frontiers in neurology,2020,https://pubmed.ncbi.nlm.nih.gov/32425876/
32431657_Wang_2020,gold (carries answers),epilepsy,PMID,32431657,10.3389/fneur.2020.00280,Clinical and Electroencephalographic Features of the Seizures in Neuronal Surface Antibody-Associated Autoimmune Encephalitis,Frontiers in neurology,2020,https://pubmed.ncbi.nlm.nih.gov/32431657/
32439999_Sathyanarayana_2020,gold (carries answers),epilepsy,PMID,32439999,10.1038/s41598-020-65112-y,Nonlinear Analysis of Visually Normal EEGs to Differentiate Benign Childhood Epilepsy with Centrotemporal Spikes (BECTS),Scientific reports,2020,https://pubmed.ncbi.nlm.nih.gov/32439999/
32457378_Bomela_2020,gold (carries answers),epilepsy,PMID,32457378,10.1038/s41598-020-65401-6,Real-time Inference and Detection of Disruptive EEG Networks for Epileptic Seizures,Scientific reports,2020,https://pubmed.ncbi.nlm.nih.gov/32457378/
32528398_Gao_2020,gold (carries answers),epilepsy,PMID,32528398,10.3389/fneur.2020.00375,Deep Convolutional Neural Network-Based Epileptic Electroencephalogram (EEG) Signal Classification,Frontiers in neurology,2020,https://pubmed.ncbi.nlm.nih.gov/32528398/
32530968_Sebera_2020,gold (carries answers),epilepsy,PMID,32530968,10.1371/journal.pone.0234095,"Validity, reliability and cut-offs of the Patient Health Questionnaire-9 as a screening tool for depression among patients living with epilepsy in Rwanda",PloS one,2020,https://pubmed.ncbi.nlm.nih.gov/32530968/
32532251_Basnyat_2020,gold (carries answers),epilepsy,PMID,32532251,10.1186/s12883-020-01825-x,Chronically reduced IL-10 plasma levels are associated with hippocampal sclerosis in temporal lobe epilepsy patients,BMC neurology,2020,https://pubmed.ncbi.nlm.nih.gov/32532251/
32547475_Kalakoti_2020,gold (carries answers),epilepsy,PMID,32547475,10.3389/fneur.2020.00444,Biomarkers of Seizure Activity in Patients With Intracranial Metastases and Gliomas: A Wide Range Study of Correlated Regions of Interest,Frontiers in neurology,2020,https://pubmed.ncbi.nlm.nih.gov/32547475/
32547479_OliveiraYoung_2020,gold (carries answers),epilepsy,PMID,32547479,10.3389/fneur.2020.00467,Clinical Usefulness of SISCOM-SPM Compared to Visual Analysis to Locate the Epileptogenic Zone,Frontiers in neurology,2020,https://pubmed.ncbi.nlm.nih.gov/32547479/
32581296_Kluckova_2020,gold (carries answers),epilepsy,PMID,32581296,10.1038/s41598-020-67215-y,"A Study among the Genotype, Functional Alternations, and Phenotype of 9 SCN1A Mutations in Epilepsy Patients",Scientific reports,2020,https://pubmed.ncbi.nlm.nih.gov/32581296/
32581999_Ruhnau_2020,gold (carries answers),epilepsy,PMID,32581999,10.3389/fneur.2020.00425,Immune Alterations Following Neurological Disorders: A Comparison of Stroke and Seizures,Frontiers in neurology,2020,https://pubmed.ncbi.nlm.nih.gov/32581999/
32587568_Liu_2020,gold (carries answers),epilepsy,PMID,32587568,10.3389/fneur.2020.00478,Distinguishing Dependent-Stage Secondary Epileptogenesis in a Complex Case of Giant Hypothalamic Hamartoma With Assistance of a Computational Method,Frontiers in neurology,2020,https://pubmed.ncbi.nlm.nih.gov/32587568/
32595584_Specchio_2020,gold (carries answers),epilepsy,PMID,32595584,10.3389/fneur.2020.00443,Refractory Status Epilepticus in Genetic Epilepsy-Is Vagus Nerve Stimulation an Option?,Frontiers in neurology,2020,https://pubmed.ncbi.nlm.nih.gov/32595584/
32620922_Mansouri_2020,gold (carries answers),epilepsy,PMID,32620922,10.1038/s41598-020-67626-x,Identification of neural networks preferentially engaged by epileptogenic mass lesions through lesion network mapping analysis,Scientific reports,2020,https://pubmed.ncbi.nlm.nih.gov/32620922/
32625164_Lin_2020,gold (carries answers),epilepsy,PMID,32625164,10.3389/fneur.2020.00561,Altered White Matter Structural Network in Frontal and Temporal Lobe Epilepsy: A Graph-Theoretical Study,Frontiers in neurology,2020,https://pubmed.ncbi.nlm.nih.gov/32625164/
32649723_Teh_2020,gold (carries answers),epilepsy,PMID,32649723,10.1371/journal.pone.0235674,A cross-sectional study on the rate of non-adherence to anti-seizure medications and factors associated with non-adherence among patients with epilepsy,PloS one,2020,https://pubmed.ncbi.nlm.nih.gov/32649723/
32655475_Liu_2020,gold (carries answers),epilepsy,PMID,32655475,10.3389/fneur.2020.00475,Brain Proteomic Profiling in Intractable Epilepsy Caused by TSC1 Truncating Mutations: A Small Sample Study,Frontiers in neurology,2020,https://pubmed.ncbi.nlm.nih.gov/32655475/
32765403_Fang_2020,gold (carries answers),epilepsy,PMID,32765403,10.3389/fneur.2020.00684,Epilepsy-Related Brain Network Alterations in Patients With Temporal Lobe Glioma in the Left Hemisphere,Frontiers in neurology,2020,https://pubmed.ncbi.nlm.nih.gov/32765403/
32782321_Zhang_2020,gold (carries answers),epilepsy,PMID,32782321,10.1038/s41598-020-70560-7,Association between IL-1β and recurrence after the first epileptic seizure in ischemic stroke patients,Scientific reports,2020,https://pubmed.ncbi.nlm.nih.gov/32782321/
32823271_Hanas_2020,gold (carries answers),epilepsy,PMID,32823271,10.1371/journal.pone.0237064,Distinguishing patients with idiopathic epilepsy from solitary cysticercus granuloma epilepsy and biochemical phenotype assessment using a serum biomolecule profiling platform,PloS one,2020,https://pubmed.ncbi.nlm.nih.gov/32823271/
32849188_SerranoCastro_2020,gold (carries answers),epilepsy,PMID,32849188,10.3389/fneur.2020.00698,Neuroplasticity and Epilepsy Surgery in Brain Eloquent Areas: Case Report,Frontiers in neurology,2020,https://pubmed.ncbi.nlm.nih.gov/32849188/
32849221_Stewart_2020,gold (carries answers),epilepsy,PMID,32849221,10.3389/fneur.2020.00765,Causes and Effects Contributing to Sudden Death in Epilepsy and the Rationale for Prevention and Intervention,Frontiers in neurology,2020,https://pubmed.ncbi.nlm.nih.gov/32849221/
32887896_Demuru_2020,gold (carries answers),epilepsy,PMID,32887896,10.1038/s41598-020-71359-2,The value of intra-operative electrographic biomarkers for tailoring during epilepsy surgery: from group-level to patient-level analysis,Scientific reports,2020,https://pubmed.ncbi.nlm.nih.gov/32887896/
32903424_Tseng_2020,gold (carries answers),epilepsy,PMID,32903424,10.3389/fneur.2020.00752,Deep Brain Stimulation Increases Seizure Threshold by Altering REM Sleep and Delta Powers During NREM Sleep,Frontiers in neurology,2020,https://pubmed.ncbi.nlm.nih.gov/32903424/
32922353_Dono_2020,gold (carries answers),epilepsy,PMID,32922353,10.3389/fneur.2020.00842,Interictal Heart Rate Variability Analysis Reveals Lateralization of Cardiac Autonomic Control in Temporal Lobe Epilepsy,Frontiers in neurology,2020,https://pubmed.ncbi.nlm.nih.gov/32922353/
32973649_Maschio_2020,gold (carries answers),epilepsy,PMID,32973649,10.3389/fneur.2020.00813,Effect of Brivaracetam on Efficacy and Tolerability in Patients With Brain Tumor-Related Epilepsy: A Retrospective Multicenter Study,Frontiers in neurology,2020,https://pubmed.ncbi.nlm.nih.gov/32973649/
32973656_Lanzone_2020,gold (carries answers),epilepsy,PMID,32973656,10.3389/fneur.2020.00870,Glimpsing the Impact of COVID19 Lock-Down on People With Epilepsy: A Text Mining Approach,Frontiers in neurology,2020,https://pubmed.ncbi.nlm.nih.gov/32973656/
32982931_Halász_2020,gold (carries answers),epilepsy,PMID,32982931,10.3389/fneur.2020.00911,Sleep and Epilepsy Link by Plasticity,Frontiers in neurology,2020,https://pubmed.ncbi.nlm.nih.gov/32982931/
32985579_Ishida_2020,gold (carries answers),epilepsy,PMID,32985579,10.1038/s41598-020-73051-x,Awake state-specific suppression of primary somatosensory evoked response correlated with duration of temporal lobe epilepsy,Scientific reports,2020,https://pubmed.ncbi.nlm.nih.gov/32985579/
33013634_Jabran_2020,gold (carries answers),epilepsy,PMID,33013634,10.3389/fneur.2020.00941,Temporal and Spatial Dynamics of Different Interictal Epileptic Discharges: A Time-Frequency EEG Approach in Pediatric Focal Refractory Epilepsy,Frontiers in neurology,2020,https://pubmed.ncbi.nlm.nih.gov/33013634/
33082493_Hobbs_2020,gold (carries answers),epilepsy,PMID,33082493,10.1038/s41598-020-74777-4,Impact of canine epilepsy on judgement and attention biases,Scientific reports,2020,https://pubmed.ncbi.nlm.nih.gov/33082493/
33101183_Schönberger_2020,gold (carries answers),epilepsy,PMID,33101183,10.3389/fneur.2020.573975,Interictal Fast Ripples Are Associated With the Seizure-Generating Lesion in Patients With Dual Pathology,Frontiers in neurology,2020,https://pubmed.ncbi.nlm.nih.gov/33101183/
33110151_Cacciante_2020,gold (carries answers),epilepsy,PMID,33110151,10.1038/s41598-020-75436-4,"Cyclocreatine treatment ameliorates the cognitive, autistic and epileptic phenotype in a mouse model of Creatine Transporter Deficiency",Scientific reports,2020,https://pubmed.ncbi.nlm.nih.gov/33110151/
33177624_Park_2020,gold (carries answers),epilepsy,PMID,33177624,10.1038/s41598-020-76283-z,Radiomics features of hippocampal regions in magnetic resonance imaging can differentiate medial temporal lobe epilepsy patients from healthy controls,Scientific reports,2020,https://pubmed.ncbi.nlm.nih.gov/33177624/
33178129_Zaher_2020,gold (carries answers),epilepsy,PMID,33178129,10.3389/fneur.2020.595454,Ictal Onset Signatures Predict Favorable Outcomes of Laser Thermal Ablation for Mesial Temporal Lobe Epilepsy,Frontiers in neurology,2020,https://pubmed.ncbi.nlm.nih.gov/33178129/
33224090_Hwang_2020,gold (carries answers),epilepsy,PMID,33224090,10.3389/fneur.2020.576329,Acute Seizures Occurring in Association With SARS-CoV-2,Frontiers in neurology,2020,https://pubmed.ncbi.nlm.nih.gov/33224090/
33224093_Beheshti_2020,gold (carries answers),epilepsy,PMID,33224093,10.3389/fneur.2020.580713,FLAIR-Wise Machine-Learning Classification and Lateralization of MRI-Negative (18)F-FDG PET-Positive Temporal Lobe Epilepsy,Frontiers in neurology,2020,https://pubmed.ncbi.nlm.nih.gov/33224093/
33240212_Li_2020,gold (carries answers),epilepsy,PMID,33240212,10.3389/fneur.2020.594164,One-Year Analysis of Risk Factors Associated With Cognitive Impairment in Newly Diagnosed Epilepsy in Adults,Frontiers in neurology,2020,https://pubmed.ncbi.nlm.nih.gov/33240212/
33262385_Fallah_2020,gold (carries answers),epilepsy,PMID,33262385,10.1038/s41598-020-77888-0,Novel tonometer device distinguishes brain stiffness in epilepsy surgery,Scientific reports,2020,https://pubmed.ncbi.nlm.nih.gov/33262385/
33277582_Pijet_2020,gold (carries answers),epilepsy,PMID,33277582,10.1038/s41598-020-78341-y,The matrix metalloproteinase inhibitor marimastat inhibits seizures in a model of kainic acid-induced status epilepticus,Scientific reports,2020,https://pubmed.ncbi.nlm.nih.gov/33277582/
33281696_Zhao_2020,gold (carries answers),epilepsy,PMID,33281696,10.3389/fneur.2020.541146,"Acute Myelitis, Recurrent Optic Neuritis, and Seizures Over 17 Years",Frontiers in neurology,2020,https://pubmed.ncbi.nlm.nih.gov/33281696/
33298990_Moorhouse_2020,gold (carries answers),epilepsy,PMID,33298990,10.1038/s41598-020-78218-0,Cognitive performance and behavior across idiopathic/genetic epilepsies in children and adolescents,Scientific reports,2020,https://pubmed.ncbi.nlm.nih.gov/33298990/
33304308_Sun_2020,gold (carries answers),epilepsy,PMID,33304308,10.3389/fneur.2020.583267,Changes of Ictal-Onset Epileptic Network Synchronicity in Childhood Absence Epilepsy: A Magnetoencephalography Study,Frontiers in neurology,2020,https://pubmed.ncbi.nlm.nih.gov/33304308/
33304311_Fujimoto_2020,gold (carries answers),epilepsy,PMID,33304311,10.3389/fneur.2020.591423,Change in Patient Flow in the Epilepsy Care Network Due to Novel Coronavirus Infection: An Opportunity to Strengthen Local Interdisciplinary Epilepsy Care With General Physicians,Frontiers in neurology,2020,https://pubmed.ncbi.nlm.nih.gov/33304311/
33324321_Fujisao_2020,gold (carries answers),epilepsy,PMID,33324321,10.3389/fneur.2020.569943,Analysis of Interictal Epileptiform Discharges in Mesial Temporal Lobe Epilepsy Using Quantitative EEG and Neuroimaging,Frontiers in neurology,2020,https://pubmed.ncbi.nlm.nih.gov/33324321/
33329323_Yuan_2020,gold (carries answers),epilepsy,PMID,33329323,10.3389/fneur.2020.580777,Refractory Status Epilepticus Responsive to Electroacupuncture at Shuigou Acupoint: A Case Report,Frontiers in neurology,2020,https://pubmed.ncbi.nlm.nih.gov/33329323/
33362688_Frusque_2020,gold (carries answers),epilepsy,PMID,33362688,10.3389/fneur.2020.579725,Semi-automatic Extraction of Functional Dynamic Networks Describing Patient's Epileptic Seizures,Frontiers in neurology,2020,https://pubmed.ncbi.nlm.nih.gov/33362688/
33391157_Leonardi_2020,gold (carries answers),epilepsy,PMID,33391157,10.3389/fneur.2020.593446,"Identification of SETBP1 Mutations by Gene Panel Sequencing in Individuals With Intellectual Disability or With ""Developmental and Epileptic Encephalopathy""",Frontiers in neurology,2020,https://pubmed.ncbi.nlm.nih.gov/33391157/
33391172_Mostacci_2020,gold (carries answers),epilepsy,PMID,33391172,10.3389/fneur.2020.613719,The Impact of the COVID-19 Pandemic on People With Epilepsy. An Italian Survey and a Global Perspective,Frontiers in neurology,2020,https://pubmed.ncbi.nlm.nih.gov/33391172/
33391175_Kanth_2020,gold (carries answers),epilepsy,PMID,33391175,10.3389/fneur.2020.618841,Severity of Peri-ictal Respiratory Dysfunction With Epilepsy Duration and Patient Age at Epilepsy Onset,Frontiers in neurology,2020,https://pubmed.ncbi.nlm.nih.gov/33391175/
33424733_BouAssi_2020,gold (carries answers),epilepsy,PMID,33424733,10.3389/fneur.2020.529460,Large-Scale Desynchronization During Interictal Epileptic Discharges Recorded With Intracranial EEG,Frontiers in neurology,2020,https://pubmed.ncbi.nlm.nih.gov/33424733/
33424756_Zhao_2020,gold (carries answers),epilepsy,PMID,33424756,10.3389/fneur.2020.605256,Aberrant Metabolic Patterns Networks in Insular Epilepsy,Frontiers in neurology,2020,https://pubmed.ncbi.nlm.nih.gov/33424756/
33519673_Yang_2020,gold (carries answers),epilepsy,PMID,33519673,10.3389/fneur.2020.587622,Glucose Metabolism Characteristics of Extra-Hypothalamic Cortex in Patients With Hypothalamic Hamartomas (HH) Undergoing Epilepsy Evaluation: A Retrospective Study of 16 Cases,Frontiers in neurology,2020,https://pubmed.ncbi.nlm.nih.gov/33519673/
33531579_Lin_2021,gold (carries answers),epilepsy,PMID,33531579,10.1038/s41598-021-81870-9,Risk factors for suicidal tendency in people with epilepsy in China: a case-control study,Scientific reports,2021,https://pubmed.ncbi.nlm.nih.gov/33531579/
33551978_Gorton_2020,gold (carries answers),epilepsy,PMID,33551978,10.3389/fneur.2020.623139,Alcohol-Specific Mortality in People With Epilepsy: Cohort Studies in Two Independent Population-Based Datasets,Frontiers in neurology,2020,https://pubmed.ncbi.nlm.nih.gov/33551978/
33564050_Pinto_2021,gold (carries answers),epilepsy,PMID,33564050,10.1038/s41598-021-82828-7,A personalized and evolutionary algorithm for interpretable EEG epilepsy seizure prediction,Scientific reports,2021,https://pubmed.ncbi.nlm.nih.gov/33564050/
33569037_Xiao_2020,gold (carries answers),epilepsy,PMID,33569037,10.3389/fneur.2020.626013,iTRAQ-Based Proteomic Analysis of Dentate Gyrus in Temporal Lobe Epilepsy With Hippocampal Sclerosis,Frontiers in neurology,2020,https://pubmed.ncbi.nlm.nih.gov/33569037/
33577554_Rafi_2021,gold (carries answers),epilepsy,PMID,33577554,10.1371/journal.pone.0246989,Anti-epileptic drug topiramate upregulates TGFβ1 and SOX9 expression in primary embryonic palatal mesenchyme cells: Implications for teratogenicity,PloS one,2021,https://pubmed.ncbi.nlm.nih.gov/33577554/
33602954_Pyrzowski_2021,gold (carries answers),epilepsy,PMID,33602954,10.1038/s41598-021-83337-3,Zero-crossing patterns reveal subtle epileptiform discharges in the scalp EEG,Scientific reports,2021,https://pubmed.ncbi.nlm.nih.gov/33602954/
33613431_Waters_2021,gold (carries answers),epilepsy,PMID,33613431,10.3389/fneur.2021.614719,Incidence of Electrographic Seizures in Patients With COVID-19,Frontiers in neurology,2021,https://pubmed.ncbi.nlm.nih.gov/33613431/
33623072_Kathiravan_2021,gold (carries answers),epilepsy,PMID,33623072,10.1038/s41598-021-83312-y,To determine the effect of long-term antiepileptic drug on the serum folate and vitamin B12 among epileptic patients,Scientific reports,2021,https://pubmed.ncbi.nlm.nih.gov/33623072/
33633657_Yang_2020,gold (carries answers),epilepsy,PMID,33633657,10.3389/fneur.2020.602000,Attitudes Toward Epilepsy Among Parents of Children With Epilepsy in Southern China,Frontiers in neurology,2020,https://pubmed.ncbi.nlm.nih.gov/33633657/
33633663_Ikawa_2021,gold (carries answers),epilepsy,PMID,33633663,10.3389/fneur.2021.599130,Case Report: Late-Onset Temporal Lobe Epilepsy Following Subarachnoid Hemorrhage: An Interplay Between Pre-existing Cortical Development Abnormality and Tissue Damage,Frontiers in neurology,2021,https://pubmed.ncbi.nlm.nih.gov/33633663/
33633670_Tanoue_2021,gold (carries answers),epilepsy,PMID,33633670,10.3389/fneur.2021.617291,Specific Oscillatory Power Changes and Their Efficacy for Determining Laterality in Mesial Temporal Lobe Epilepsy: A Magnetoencephalographic Study,Frontiers in neurology,2021,https://pubmed.ncbi.nlm.nih.gov/33633670/
33643186_Nozaki_2021,gold (carries answers),epilepsy,PMID,33643186,10.3389/fneur.2021.585191,Freedom From Seizures Might Be Key to Continuing Occupation After Epilepsy Surgery,Frontiers in neurology,2021,https://pubmed.ncbi.nlm.nih.gov/33643186/
33643194_Akyuz_2021,gold (carries answers),epilepsy,PMID,33643194,10.3389/fneur.2021.609236,Myocardial Iron Overload in an Experimental Model of Sudden Unexpected Death in Epilepsy,Frontiers in neurology,2021,https://pubmed.ncbi.nlm.nih.gov/33643194/
33643198_Bruder_2021,gold (carries answers),epilepsy,PMID,33643198,10.3389/fneur.2021.612293,Physiological Ripples Associated With Sleep Spindles Can Be Identified in Patients With Refractory Epilepsy Beyond Mesio-Temporal Structures,Frontiers in neurology,2021,https://pubmed.ncbi.nlm.nih.gov/33643198/
33679583_Brennan_2021,gold (carries answers),epilepsy,PMID,33679583,10.3389/fneur.2021.615802,Multiple Disruptions of Glial-Neuronal Networks in Epileptogenesis That Follows Prolonged Febrile Seizures,Frontiers in neurology,2021,https://pubmed.ncbi.nlm.nih.gov/33679583/
33692740_Princich_2021,gold (carries answers),epilepsy,PMID,33692740,10.3389/fneur.2021.613967,Diagnostic Performance of MRI Volumetry in Epilepsy Patients With Hippocampal Sclerosis Supported Through a Random Forest Automatic Classification Algorithm,Frontiers in neurology,2021,https://pubmed.ncbi.nlm.nih.gov/33692740/
33716930_Avdic_2021,gold (carries answers),epilepsy,PMID,33716930,10.3389/fneur.2021.630154,Levetiracetam and N-Cadherin Antibody Alleviate Brain Pathology Without Reducing Early Epilepsy Development After Focal Non-convulsive Status Epilepticus in Rats,Frontiers in neurology,2021,https://pubmed.ncbi.nlm.nih.gov/33716930/
33716943_Grande_2021,gold (carries answers),epilepsy,PMID,33716943,10.3389/fneur.2021.640581,The Impact of COVID-19 Lockdown on People With Epilepsy and Vagal Nerve Stimulation,Frontiers in neurology,2021,https://pubmed.ncbi.nlm.nih.gov/33716943/
33727606_Leal_2021,gold (carries answers),epilepsy,PMID,33727606,10.1038/s41598-021-85350-y,Heart rate variability analysis for the identification of the preictal interval in patients with drug-resistant epilepsy,Scientific reports,2021,https://pubmed.ncbi.nlm.nih.gov/33727606/
33731045_Shamsalinia_2021,gold (carries answers),epilepsy,PMID,33731045,10.1186/s12883-021-02139-2,Design and psychometric evaluation of epilepsy-related apathy scale (E-RAS) in adults with epilepsy: a sequential exploratory mixed methods design,BMC neurology,2021,https://pubmed.ncbi.nlm.nih.gov/33731045/
33732201_Ho_2020,gold (carries answers),epilepsy,PMID,33732201,10.3389/fneur.2020.588053,Non-vitamin K Oral Anticoagulants and Anti-seizure Medications: A Retrospective Cohort Study,Frontiers in neurology,2020,https://pubmed.ncbi.nlm.nih.gov/33732201/
33737678_Jang_2021,gold (carries answers),epilepsy,PMID,33737678,10.1038/s41598-021-85920-0,Population pharmacokinetic model development and its relationship with adverse events of oxcarbazepine in adult patients with epilepsy,Scientific reports,2021,https://pubmed.ncbi.nlm.nih.gov/33737678/
33793593_Hosokawa_2021,gold (carries answers),epilepsy,PMID,33793593,10.1371/journal.pone.0248785,Facial memory ability and self-awareness in patients with temporal lobe epilepsy after anterior temporal lobectomy,PloS one,2021,https://pubmed.ncbi.nlm.nih.gov/33793593/
33795818_Devi_2021,gold (carries answers),epilepsy,PMID,33795818,10.1038/s41598-021-86823-w,"Neurocysticercosis in patients with active epilepsy in the tea garden community of Assam, Northeast India",Scientific reports,2021,https://pubmed.ncbi.nlm.nih.gov/33795818/
33846432_vonWrede_2021,gold (carries answers),epilepsy,PMID,33846432,10.1038/s41598-021-87032-1,Transcutaneous auricular vagus nerve stimulation induces stabilizing modifications in large-scale functional brain networks: towards understanding the effects of taVNS in subjects with epilepsy,Scientific reports,2021,https://pubmed.ncbi.nlm.nih.gov/33846432/
33852634_Seong_2021,gold (carries answers),epilepsy,PMID,33852634,10.1371/journal.pone.0249929,Surgical outcome and prognostic factors in epilepsy patients with MR-negative focal cortical dysplasia,PloS one,2021,https://pubmed.ncbi.nlm.nih.gov/33852634/
33883658_Nizinska_2021,gold (carries answers),epilepsy,PMID,33883658,10.1038/s41598-021-88088-9,Behavioral characteristics as potential biomarkers of the development and phenotype of epilepsy in a rat model of temporal lobe epilepsy,Scientific reports,2021,https://pubmed.ncbi.nlm.nih.gov/33883658/
33889123_Lin_2021,gold (carries answers),epilepsy,PMID,33889123,10.3389/fneur.2021.627712,Association Between Kawasaki Disease and Childhood Epilepsy: A Nationwide Cohort Study in Taiwan,Frontiers in neurology,2021,https://pubmed.ncbi.nlm.nih.gov/33889123/
33897599_Duan_2021,gold (carries answers),epilepsy,PMID,33897599,10.3389/fneur.2021.643964,The Correlation of ELP4-PAX6 With Rolandic Spike Sources in Idiopathic Rolandic Epilepsy Syndromes,Frontiers in neurology,2021,https://pubmed.ncbi.nlm.nih.gov/33897599/
33912128_Sun_2021,gold (carries answers),epilepsy,PMID,33912128,10.3389/fneur.2021.656752,Nicotinic Acetylcholine Receptor α7 Subunit Is an Essential Regulator of Seizure Susceptibility,Frontiers in neurology,2021,https://pubmed.ncbi.nlm.nih.gov/33912128/
33935944_Nass_2021,gold (carries answers),epilepsy,PMID,33935944,10.3389/fneur.2021.647428,CSF and Serum Biomarkers of Cerebral Damage in Autoimmune Epilepsy,Frontiers in neurology,2021,https://pubmed.ncbi.nlm.nih.gov/33935944/
33967932_Salimeen_2021,gold (carries answers),epilepsy,PMID,33967932,10.3389/fneur.2021.595647,Exploring Variances of White Matter Integrity and the Glymphatic System in Simple Febrile Seizures and Epilepsy,Frontiers in neurology,2021,https://pubmed.ncbi.nlm.nih.gov/33967932/
33986308_CondeBlanco_2021,gold (carries answers),epilepsy,PMID,33986308,10.1038/s41598-021-89010-z,Volumetric and shape analysis of the hippocampus in temporal lobe epilepsy with GAD65 antibodies compared with non-immune epilepsy,Scientific reports,2021,https://pubmed.ncbi.nlm.nih.gov/33986308/
33986407_Bando_2021,gold (carries answers),epilepsy,PMID,33986407,10.1038/s41598-021-89802-3,Hippocampal CA3 transcriptional modules associated with granule cell alterations and cognitive impairment in refractory mesial temporal lobe epilepsy patients,Scientific reports,2021,https://pubmed.ncbi.nlm.nih.gov/33986407/
33995250_Sun_2021,gold (carries answers),epilepsy,PMID,33995250,10.3389/fneur.2021.651592,Fluid and White Matter Suppression Imaging and Voxel-Based Morphometric Analysis in Conventional Magnetic Resonance Imaging-Negative Epilepsy,Frontiers in neurology,2021,https://pubmed.ncbi.nlm.nih.gov/33995250/
33995256_Pensel_2021,gold (carries answers),epilepsy,PMID,33995256,10.3389/fneur.2021.661391,Atrioventricular Conduction in Mesial Temporal Lobe Seizures,Frontiers in neurology,2021,https://pubmed.ncbi.nlm.nih.gov/33995256/
34017309_Niimi_2021,gold (carries answers),epilepsy,PMID,34017309,10.3389/fneur.2021.677828,Patients With Epilepsy Who Underwent Epilepsy Surgery During the COVID-19 Pandemic Showed Less Depressive Tendencies,Frontiers in neurology,2021,https://pubmed.ncbi.nlm.nih.gov/34017309/
34035336_Gajdoš_2021,gold (carries answers),epilepsy,PMID,34035336,10.1038/s41598-021-89774-4,Epileptogenic zone detection in MRI negative epilepsy using adaptive thresholding of arterial spin labeling data,Scientific reports,2021,https://pubmed.ncbi.nlm.nih.gov/34035336/
34054713_Bosl_2021,gold (carries answers),epilepsy,PMID,34054713,10.3389/fneur.2021.675728,Prediction of Seizure Recurrence. A Note of Caution,Frontiers in neurology,2021,https://pubmed.ncbi.nlm.nih.gov/34054713/
34059735_Mele_2021,gold (carries answers),epilepsy,PMID,34059735,10.1038/s41598-021-90486-y,Transient incubation of cultured hippocampal neurons in the absence of magnesium induces rhythmic and synchronized epileptiform-like activity,Scientific reports,2021,https://pubmed.ncbi.nlm.nih.gov/34059735/
34093397_Narayana_2021,gold (carries answers),epilepsy,PMID,34093397,10.3389/fneur.2021.650830,"Clinical Utility of Transcranial Magnetic Stimulation (TMS) in the Presurgical Evaluation of Motor, Speech, and Language Functions in Young Children With Refractory Epilepsy or Brain Tumor: Preliminary Evidence",Frontiers in neurology,2021,https://pubmed.ncbi.nlm.nih.gov/34093397/
34093423_Kawano_2021,gold (carries answers),epilepsy,PMID,34093423,10.3389/fneur.2021.679164,Case Report: Rituximab Improved Epileptic Spasms and EEG Abnormalities in an Infant With West Syndrome and Anti-NMDAR Encephalitis Associated With APECED,Frontiers in neurology,2021,https://pubmed.ncbi.nlm.nih.gov/34093423/
34108931_Wang_2021,gold (carries answers),epilepsy,PMID,34108931,10.3389/fneur.2021.669703,Comparison of Long-Term Outcomes of Monotherapy and Polytherapy in Seizure-Free Patients With Epilepsy Following Antiseizure Medication Withdrawal,Frontiers in neurology,2021,https://pubmed.ncbi.nlm.nih.gov/34108931/
34122295_Wang_2021,gold (carries answers),epilepsy,PMID,34122295,10.3389/fneur.2021.636202,Decreased Resting-State Functional Connectivity of Periaqueductal Gray in Temporal Lobe Epilepsy Comorbid With Migraine,Frontiers in neurology,2021,https://pubmed.ncbi.nlm.nih.gov/34122295/
34122313_Fu_2021,gold (carries answers),epilepsy,PMID,34122313,10.3389/fneur.2021.668856,Different Functional Network Connectivity Patterns in Epilepsy: A Rest-State fMRI Study on Mesial Temporal Lobe Epilepsy and Benign Epilepsy With Centrotemporal Spike,Frontiers in neurology,2021,https://pubmed.ncbi.nlm.nih.gov/34122313/
34149595_Cohen_2021,gold (carries answers),epilepsy,PMID,34149595,10.3389/fneur.2021.658239,Interictal Epileptiform Discharge Dynamics in Peri-sylvian Polymicrogyria Using EEG-fMRI,Frontiers in neurology,2021,https://pubmed.ncbi.nlm.nih.gov/34149595/
34149600_Breu_2021,gold (carries answers),epilepsy,PMID,34149600,10.3389/fneur.2021.669296,Ketogenic Diet in the Treatment of Super-Refractory Status Epilepticus at a Pediatric Intensive Care Unit: A Single-Center Experience,Frontiers in neurology,2021,https://pubmed.ncbi.nlm.nih.gov/34149600/
34149603_UrÖzçelik_2021,gold (carries answers),epilepsy,PMID,34149603,10.3389/fneur.2021.672860,Perceptions of Modulatory Factors in Migraine and Epilepsy: A Multicenter Study,Frontiers in neurology,2021,https://pubmed.ncbi.nlm.nih.gov/34149603/
34149607_Ogwang_2021,gold (carries answers),epilepsy,PMID,34149607,10.3389/fneur.2021.687281,"Epilepsy in Onchocerca volvulus Sero-Positive Patients From Northern Uganda-Clinical, EEG and Brain Imaging Features",Frontiers in neurology,2021,https://pubmed.ncbi.nlm.nih.gov/34149607/
34154568_Hsu_2021,gold (carries answers),epilepsy,PMID,34154568,10.1186/s12883-021-02241-5,Effects of long-term anti-seizure medication monotherapy on all-cause death in patients with post-stroke epilepsy: a nationwide population-based study in Taiwan,BMC neurology,2021,https://pubmed.ncbi.nlm.nih.gov/34154568/
34177756_Jaxybayeva_2021,gold (carries answers),epilepsy,PMID,34177756,10.3389/fneur.2021.639317,Genomic Investigation of Infantile and Childhood Epileptic Encephalopathies in Kazakhstan: An Urgent Priority,Frontiers in neurology,2021,https://pubmed.ncbi.nlm.nih.gov/34177756/
34187396_Zhu_2021,gold (carries answers),epilepsy,PMID,34187396,10.1186/s12883-021-02282-w,Sociodemographic factors associated with the first administration of anti-seizure medication in patients with focal epilepsy in Western China,BMC neurology,2021,https://pubmed.ncbi.nlm.nih.gov/34187396/
34194380_Chen_2021,gold (carries answers),epilepsy,PMID,34194380,10.3389/fneur.2021.642669,Can Spectral Power Be Used as a Candidate Seizure Marker of the Periodic Discharges Pattern?,Frontiers in neurology,2021,https://pubmed.ncbi.nlm.nih.gov/34194380/
34215817_Basnyat_2021,gold (carries answers),epilepsy,PMID,34215817,10.1038/s41598-021-93265-x,A 1-year follow-up study on immunological changes following deep brain stimulation in patients with epilepsy,Scientific reports,2021,https://pubmed.ncbi.nlm.nih.gov/34215817/
34220664_Husari_2021,gold (carries answers),epilepsy,PMID,34220664,10.3389/fneur.2021.624202,Ketogenic Diet Therapy for the Treatment of Post-encephalitic and Autoimmune-Associated Epilepsies,Frontiers in neurology,2021,https://pubmed.ncbi.nlm.nih.gov/34220664/
34239491_Zhang_2021,gold (carries answers),epilepsy,PMID,34239491,10.3389/fneur.2021.641019,Phenotypic and Genotypic Characterization of DEPDC5-Related Familial Focal Epilepsy: Case Series and Literature Review,Frontiers in neurology,2021,https://pubmed.ncbi.nlm.nih.gov/34239491/
34244544_Bartoňová_2021,gold (carries answers),epilepsy,PMID,34244544,10.1038/s41598-021-92804-w,The benefit of the diffusion kurtosis imaging in presurgical evaluation in patients with focal MR-negative epilepsy,Scientific reports,2021,https://pubmed.ncbi.nlm.nih.gov/34244544/
34248825_Iimura_2021,gold (carries answers),epilepsy,PMID,34248825,10.3389/fneur.2021.683729,Case Report: Subtotal Hemispherotomy Modulates the Epileptic Spasms in Aicardi Syndrome,Frontiers in neurology,2021,https://pubmed.ncbi.nlm.nih.gov/34248825/
34267723_Glaba_2021,gold (carries answers),epilepsy,PMID,34267723,10.3389/fneur.2021.685814,Absence Seizure Detection Algorithm for Portable EEG Devices,Frontiers in neurology,2021,https://pubmed.ncbi.nlm.nih.gov/34267723/
34276539_Wang_2021,gold (carries answers),epilepsy,PMID,34276539,10.3389/fneur.2021.679302,"Case Report: Mitochondrial Encephalomyopathy Presents as Epilepsy, Ataxia, and Dystonia With a Rare Mutation in MT-TW",Frontiers in neurology,2021,https://pubmed.ncbi.nlm.nih.gov/34276539/
34305797_Fang_2021,gold (carries answers),epilepsy,PMID,34305797,10.3389/fneur.2021.691328,Preoperative Heart Rate Variability During Sleep Predicts Vagus Nerve Stimulation Outcome Better in Patients With Drug-Resistant Epilepsy,Frontiers in neurology,2021,https://pubmed.ncbi.nlm.nih.gov/34305797/
34335457_Stirling_2021,gold (carries answers),epilepsy,PMID,34335457,10.3389/fneur.2021.704060,Forecasting Seizure Likelihood With Wearable Technology,Frontiers in neurology,2021,https://pubmed.ncbi.nlm.nih.gov/34335457/
34348691_Yu_2021,gold (carries answers),epilepsy,PMID,34348691,10.1186/s12883-021-02273-x,Clinical characteristics of post-traumatic epilepsy and the factors affecting the latency of PTE,BMC neurology,2021,https://pubmed.ncbi.nlm.nih.gov/34348691/
34349725_Barone_2021,gold (carries answers),epilepsy,PMID,34349725,10.3389/fneur.2021.705423,Electroclinical Features of Epilepsy in Mucopolysaccharidosis III: Outcome Description in a Cohort of 15 Italian Patients,Frontiers in neurology,2021,https://pubmed.ncbi.nlm.nih.gov/34349725/
34354658_daCosta_2021,gold (carries answers),epilepsy,PMID,34354658,10.3389/fneur.2021.673559,EEG Signal Connectivity for Characterizing Interictal Activity in Patients With Mesial Temporal Lobe Epilepsy,Frontiers in neurology,2021,https://pubmed.ncbi.nlm.nih.gov/34354658/
34354666_Schindler_2021,gold (carries answers),epilepsy,PMID,34354666,10.3389/fneur.2021.701791,A Primer on Hyperdimensional Computing for iEEG Seizure Detection,Frontiers in neurology,2021,https://pubmed.ncbi.nlm.nih.gov/34354666/
34388228_Nigussie_2021,gold (carries answers),epilepsy,PMID,34388228,10.1371/journal.pone.0256236,"Depression, anxiety and associated factors among people with epilepsy and attending outpatient treatment at primary public hospitals in northwest Ethiopia: A multicenter cross-sectional study",PloS one,2021,https://pubmed.ncbi.nlm.nih.gov/34388228/
34389785_Tényi_2021,gold (carries answers),epilepsy,PMID,34389785,10.1038/s41598-021-96106-z,Food intake precipitates seizures in temporal lobe epilepsy,Scientific reports,2021,https://pubmed.ncbi.nlm.nih.gov/34389785/
34393981_PalAttia_2021,gold (carries answers),epilepsy,PMID,34393981,10.3389/fneur.2021.704170,"Epilepsy Personal Assistant Device-A Mobile Platform for Brain State, Dense Behavioral and Physiology Tracking and Controlling Adaptive Stimulation",Frontiers in neurology,2021,https://pubmed.ncbi.nlm.nih.gov/34393981/
34408211_OrtizVillatoro_2021,gold (carries answers),epilepsy,PMID,34408211,10.1038/s41598-021-96235-5,Amazon rainforest rodents (Proechimys) are resistant to post-stroke epilepsy,Scientific reports,2021,https://pubmed.ncbi.nlm.nih.gov/34408211/
34413819_Cretin_2021,gold (carries answers),epilepsy,PMID,34413819,10.3389/fneur.2021.623777,CSF in Epileptic Prodromal Alzheimer's Disease: No Diagnostic Contribution but a Pathophysiological One,Frontiers in neurology,2021,https://pubmed.ncbi.nlm.nih.gov/34413819/
34413824_Zhang_2021,gold (carries answers),epilepsy,PMID,34413824,10.3389/fneur.2021.692126,Pretreatment Source Location and Functional Connectivity Network Correlated With Therapy Response in Childhood Absence Epilepsy: A Magnetoencephalography Study,Frontiers in neurology,2021,https://pubmed.ncbi.nlm.nih.gov/34413824/
34421794_Santos_2021,gold (carries answers),epilepsy,PMID,34421794,10.3389/fneur.2021.690847,Multidimensional Approach Assessing the Role of Interleukin 1 Beta in Mesial Temporal Lobe Epilepsy,Frontiers in neurology,2021,https://pubmed.ncbi.nlm.nih.gov/34421794/
34469436_Gall_2021,gold (carries answers),epilepsy,PMID,34469436,10.1371/journal.pone.0255933,Next-generation sequencing in childhood-onset epilepsies: Diagnostic yield and impact on neuronal ceroid lipofuscinosis type 2 (CLN2) disease diagnosis,PloS one,2021,https://pubmed.ncbi.nlm.nih.gov/34469436/
34481479_Kang_2021,gold (carries answers),epilepsy,PMID,34481479,10.1186/s12883-021-02365-8,Long QT syndrome with potassium voltage-gated channel subfamily H member 2 gene mutation mimicking refractory epilepsy: case report,BMC neurology,2021,https://pubmed.ncbi.nlm.nih.gov/34481479/
34495967_Minenkova_2021,gold (carries answers),epilepsy,PMID,34495967,10.1371/journal.pone.0257073,Is impaired energy production a novel insight into the pathogenesis of pyridoxine-dependent epilepsy due to biallelic variants in ALDH7A1?,PloS one,2021,https://pubmed.ncbi.nlm.nih.gov/34495967/
34512522_Zhang_2021,gold (carries answers),epilepsy,PMID,34512522,10.3389/fneur.2021.711390,Acupuncture as an Adjunctive Treatment for Post-stroke Epilepsy: Protocol for a Randomized Controlled Trial,Frontiers in neurology,2021,https://pubmed.ncbi.nlm.nih.gov/34512522/
34521381_Stoyell_2021,gold (carries answers),epilepsy,PMID,34521381,10.1186/s12883-021-02376-5,Diazepam induced sleep spindle increase correlates with cognitive recovery in a child with epileptic encephalopathy,BMC neurology,2021,https://pubmed.ncbi.nlm.nih.gov/34521381/
34526961_Niu_2021,gold (carries answers),epilepsy,PMID,34526961,10.3389/fneur.2021.715236,Temporal Onset Focal Seizures Induced by Intermittent Photic Stimulation,Frontiers in neurology,2021,https://pubmed.ncbi.nlm.nih.gov/34526961/
34526963_Zhang_2021,gold (carries answers),epilepsy,PMID,34526963,10.3389/fneur.2021.731566,"Efficacy and Tolerability of Perampanel as Adjunctive Therapy in Chinese Patients With Focal-Onset Seizures: An Observational, Prospective Study",Frontiers in neurology,2021,https://pubmed.ncbi.nlm.nih.gov/34526963/
34531410_Quon_2021,gold (carries answers),epilepsy,PMID,34531410,10.1038/s41598-021-95922-7,Musical components important for the Mozart K448 effect in epilepsy,Scientific reports,2021,https://pubmed.ncbi.nlm.nih.gov/34531410/
34537017_Tóth_2021,gold (carries answers),epilepsy,PMID,34537017,10.1186/s12883-021-02352-z,The role of hybrid FDG-PET/MRI on decision-making in presurgical evaluation of drug-resistant epilepsy,BMC neurology,2021,https://pubmed.ncbi.nlm.nih.gov/34537017/
34556045_Lin_2021,gold (carries answers),epilepsy,PMID,34556045,10.1186/s12883-021-02395-2,Response to Sodium Channel blocking Antiseizure medications and coding polymorphisms of Sodium Channel genes in Taiwanese epilepsy patients,BMC neurology,2021,https://pubmed.ncbi.nlm.nih.gov/34556045/
34556733_Li_2021,gold (carries answers),epilepsy,PMID,34556733,10.1038/s41598-021-98340-x,Risk and outcomes of diabetes in patients with epilepsy,Scientific reports,2021,https://pubmed.ncbi.nlm.nih.gov/34556733/
34566860_Ma_2021,gold (carries answers),epilepsy,PMID,34566860,10.3389/fneur.2021.718683,Phase-Amplitude Coupling and Epileptogenic Zone Localization of Frontal Epilepsy Based on Intracranial EEG,Frontiers in neurology,2021,https://pubmed.ncbi.nlm.nih.gov/34566860/
34580351_Henkel_2021,gold (carries answers),epilepsy,PMID,34580351,10.1038/s41598-021-98534-3,"Cellular, molecular, and therapeutic characterization of pilocarpine-induced temporal lobe epilepsy",Scientific reports,2021,https://pubmed.ncbi.nlm.nih.gov/34580351/
34589049_Truong_2021,gold (carries answers),epilepsy,PMID,34589049,10.3389/fneur.2021.721491,Seizure Susceptibility Prediction in Uncontrolled Epilepsy,Frontiers in neurology,2021,https://pubmed.ncbi.nlm.nih.gov/34589049/
34594295_Bakhtiar_2021,gold (carries answers),epilepsy,PMID,34594295,10.3389/fneur.2021.708064,"Postoperative Evaluation of the Quality of Life, Depression, and Anxiety of Temporal Lobe Epilepsy Cohort: A Single Institute Experience in Indonesia",Frontiers in neurology,2021,https://pubmed.ncbi.nlm.nih.gov/34594295/
34630288_Li_2021,gold (carries answers),epilepsy,PMID,34630288,10.3389/fneur.2021.715885,Case Report: Hypopituitarism Presenting With Nonconvulsive Status Epilepticus,Frontiers in neurology,2021,https://pubmed.ncbi.nlm.nih.gov/34630288/
34675264_Giacopelli_2021,gold (carries answers),epilepsy,PMID,34675264,10.1038/s41598-021-00283-w,The role of network connectivity on epileptiform activity,Scientific reports,2021,https://pubmed.ncbi.nlm.nih.gov/34675264/
34675874_Qiao_2021,gold (carries answers),epilepsy,PMID,34675874,10.3389/fneur.2021.743110,Attitudes to Being Vaccinated Against COVID-19: A Survey of People With Epilepsy in China,Frontiers in neurology,2021,https://pubmed.ncbi.nlm.nih.gov/34675874/
34690915_Bacon_2021,gold (carries answers),epilepsy,PMID,34690915,10.3389/fneur.2021.724680,Epileptogenic Zone Localization in Refractory Epilepsy by FDG-PET: The Comparison of SPM and SPM-CAT With Different Parameter Settings,Frontiers in neurology,2021,https://pubmed.ncbi.nlm.nih.gov/34690915/
34695130_Addis_2021,gold (carries answers),epilepsy,PMID,34695130,10.1371/journal.pone.0257942,"Prevalence of depression and associated factors among patients with epilepsy at the University of Gondar Comprehensive Specialized Hospital, Northwest Ethiopia, 2019",PloS one,2021,https://pubmed.ncbi.nlm.nih.gov/34695130/
34707556_Liu_2021,gold (carries answers),epilepsy,PMID,34707556,10.3389/fneur.2021.722478,"Severity Grading, Risk Factors, and Prediction Model of Complications After Epilepsy Surgery: A Large-Scale and Retrospective Study",Frontiers in neurology,2021,https://pubmed.ncbi.nlm.nih.gov/34707556/
34721249_Ren_2021,gold (carries answers),epilepsy,PMID,34721249,10.3389/fneur.2021.640526,Identification of Epileptogenic and Non-epileptogenic High-Frequency Oscillations Using a Multi-Feature Convolutional Neural Network Model,Frontiers in neurology,2021,https://pubmed.ncbi.nlm.nih.gov/34721249/
34721253_Ma_2021,gold (carries answers),epilepsy,PMID,34721253,10.3389/fneur.2021.683299,Magnetoencephalography STOUT Method Adapted to Radiofrequency Thermocoagulation for MR-Negative Insular Epilepsy: A Case Report,Frontiers in neurology,2021,https://pubmed.ncbi.nlm.nih.gov/34721253/
34725412_Weiss_2021,gold (carries answers),epilepsy,PMID,34725412,10.1038/s41598-021-00894-3,Accuracy of high-frequency oscillations recorded intraoperatively for classification of epileptogenic regions,Scientific reports,2021,https://pubmed.ncbi.nlm.nih.gov/34725412/
34731195_Adal_2021,gold (carries answers),epilepsy,PMID,34731195,10.1371/journal.pone.0259079,Seizure control status and associated factors among pediatric epileptic patients at a neurologic outpatient clinic in Ethiopia,PloS one,2021,https://pubmed.ncbi.nlm.nih.gov/34731195/
34744955_Dziadkowiak_2021,gold (carries answers),epilepsy,PMID,34744955,10.3389/fneur.2021.660126,Occult Autoimmune Background for Epilepsy-The Preliminary Study on Antibodies Against Neuronal Surface Antigens,Frontiers in neurology,2021,https://pubmed.ncbi.nlm.nih.gov/34744955/
34744978_Dahawi_2021,gold (carries answers),epilepsy,PMID,34744978,10.3389/fneur.2021.738272,Involvement of ADGRV1 Gene in Familial Forms of Genetic Generalized Epilepsy,Frontiers in neurology,2021,https://pubmed.ncbi.nlm.nih.gov/34744978/
34758783_SalaPadro_2021,gold (carries answers),epilepsy,PMID,34758783,10.1186/s12883-021-02469-1,Mapping connectivity fingerprints for presurgical evaluation of temporal lobe epilepsy,BMC neurology,2021,https://pubmed.ncbi.nlm.nih.gov/34758783/
34764930_Zhang_2021,gold (carries answers),epilepsy,PMID,34764930,10.3389/fneur.2021.744017,"Investigation of Anxiety, Depression, Sleep, and Family Function in Caregivers of Children With Epilepsy",Frontiers in neurology,2021,https://pubmed.ncbi.nlm.nih.gov/34764930/
34781882_Jin_2021,gold (carries answers),epilepsy,PMID,34781882,10.1186/s12883-021-02479-z,Tacrolimus-induced neurotoxicity from bipolar disorder to status epilepticus under the therapeutic serum level: a case report,BMC neurology,2021,https://pubmed.ncbi.nlm.nih.gov/34781882/
34790160_Maeda_2021,gold (carries answers),epilepsy,PMID,34790160,10.3389/fneur.2021.730535,Predicting the Onset of Acute Encephalopathy With Biphasic Seizures and Late Reduced Diffusion by Using Early Laboratory Data,Frontiers in neurology,2021,https://pubmed.ncbi.nlm.nih.gov/34790160/
34795629_Zhong_2021,gold (carries answers),epilepsy,PMID,34795629,10.3389/fneur.2021.743251,Predictors of Comorbid Anxiety Symptoms After a New Diagnosis of Epilepsy: A Prospective 12-Month Follow-Up Observation,Frontiers in neurology,2021,https://pubmed.ncbi.nlm.nih.gov/34795629/
34803883_Parasuram_2021,gold (carries answers),epilepsy,PMID,34803883,10.3389/fneur.2021.738111,Quantification of Epileptogenic Network From Stereo EEG Recordings Using Epileptogenicity Ranking Method,Frontiers in neurology,2021,https://pubmed.ncbi.nlm.nih.gov/34803883/
34803885_Elisevich_2021,gold (carries answers),epilepsy,PMID,34803885,10.3389/fneur.2021.747580,Prospective Quantitative Neuroimaging Analysis of Putative Temporal Lobe Epilepsy,Frontiers in neurology,2021,https://pubmed.ncbi.nlm.nih.gov/34803885/
34803889_Micalizzi_2021,gold (carries answers),epilepsy,PMID,34803889,10.3389/fneur.2021.753860,Case Report: Ictal Central Apnea as First and Overlooked Symptom in Temporal Lobe Seizures,Frontiers in neurology,2021,https://pubmed.ncbi.nlm.nih.gov/34803889/
34803895_Guo_2021,gold (carries answers),epilepsy,PMID,34803895,10.3389/fneur.2021.761912,"Genistein, a Natural Isoflavone, Alleviates Seizure-Induced Respiratory Arrest in DBA/1 Mice",Frontiers in neurology,2021,https://pubmed.ncbi.nlm.nih.gov/34803895/
34867703_Pai_2021,gold (carries answers),epilepsy,PMID,34867703,10.3389/fneur.2021.682615,Detection of Hippocampal Subfield Asymmetry at 7T With Automated Segmentation in Epilepsy Patients With Normal Clinical Strength MRIs,Frontiers in neurology,2021,https://pubmed.ncbi.nlm.nih.gov/34867703/
34867704_Ebrahimzadeh_2021,gold (carries answers),epilepsy,PMID,34867704,10.3389/fneur.2021.695997,Localizing Epileptic Foci Using Simultaneous EEG-fMRI Recording: Template Component Cross-Correlation,Frontiers in neurology,2021,https://pubmed.ncbi.nlm.nih.gov/34867704/
34867707_Li_2021,gold (carries answers),epilepsy,PMID,34867707,10.3389/fneur.2021.705119,"Deep Learning of Simultaneous Intracranial and Scalp EEG for Prediction, Detection, and Lateralization of Mesial Temporal Lobe Seizures",Frontiers in neurology,2021,https://pubmed.ncbi.nlm.nih.gov/34867707/
34867743_Funken_2021,gold (carries answers),epilepsy,PMID,34867743,10.3389/fneur.2021.759386,Focal Seizures and Posterior Reversible Encephalopathy Syndrome as Presenting Signs of IgA Vasculitis/Henoch-Schoenlein Purpura-An Educative Case and Systematic Review of the Literature,Frontiers in neurology,2021,https://pubmed.ncbi.nlm.nih.gov/34867743/
34867749_Liu_2021,gold (carries answers),epilepsy,PMID,34867749,10.3389/fneur.2021.764821,Epileptogenic Zone Location of Temporal Lobe Epilepsy by Cross-Frequency Coupling Analysis,Frontiers in neurology,2021,https://pubmed.ncbi.nlm.nih.gov/34867749/
34887831_Yue_2021,gold (carries answers),epilepsy,PMID,34887831,10.3389/fneur.2021.762323,A High-Tryptophan Diet Reduces Seizure-Induced Respiratory Arrest and Alters the Gut Microbiota in DBA/1 Mice,Frontiers in neurology,2021,https://pubmed.ncbi.nlm.nih.gov/34887831/
34903807_Beckmann_2021,gold (carries answers),epilepsy,PMID,34903807,10.1038/s41598-021-03349-x,Increased resting state connectivity in the anterior default mode network of idiopathic epileptic dogs,Scientific reports,2021,https://pubmed.ncbi.nlm.nih.gov/34903807/
34912289_Sun_2021,gold (carries answers),epilepsy,PMID,34912289,10.3389/fneur.2021.780799,Phenotypic and Genotypic Characterization of NPRL2-Related Epilepsy: Two Case Reports and Literature Review,Frontiers in neurology,2021,https://pubmed.ncbi.nlm.nih.gov/34912289/
34917014_Long_2021,gold (carries answers),epilepsy,PMID,34917014,10.3389/fneur.2021.744723,"Abnormalities of Cerebral White Matter Microstructure in Children With New-Onset, Untreated Idiopathic-Generalized Epilepsy",Frontiers in neurology,2021,https://pubmed.ncbi.nlm.nih.gov/34917014/
34921176_Anderson_2021,gold (carries answers),epilepsy,PMID,34921176,10.1038/s41598-021-03414-5,Probabilistic comparison of gray and white matter coverage between depth and surface intracranial electrodes in epilepsy,Scientific reports,2021,https://pubmed.ncbi.nlm.nih.gov/34921176/
34930926_Gregg_2021,gold (carries answers),epilepsy,PMID,34930926,10.1038/s41598-021-03555-7,Thalamic deep brain stimulation modulates cycles of seizure risk in epilepsy,Scientific reports,2021,https://pubmed.ncbi.nlm.nih.gov/34930926/
34930959_Kim_2021,gold (carries answers),epilepsy,PMID,34930959,10.1038/s41598-021-03698-7,Usefulness of arterial spin labeling perfusion as an initial evaluation of status epilepticus,Scientific reports,2021,https://pubmed.ncbi.nlm.nih.gov/34930959/
34956047_Na_2021,gold (carries answers),epilepsy,PMID,34956047,10.3389/fneur.2021.752467,"Association Between Epilepsy and Leigh Syndrome With MT-ND3 Mutation, Particularly the m.10191T>C Point Mutation",Frontiers in neurology,2021,https://pubmed.ncbi.nlm.nih.gov/34956047/
34956058_Operto_2021,gold (carries answers),epilepsy,PMID,34956058,10.3389/fneur.2021.778410,Psychiatric Symptoms and Parental Stress in Children and Adolescents With Epilepsy,Frontiers in neurology,2021,https://pubmed.ncbi.nlm.nih.gov/34956058/
34956060_Zhang_2021,gold (carries answers),epilepsy,PMID,34956060,10.3389/fneur.2021.780042,"Altered Expression of Par3, aPKC-λ, and Lgl1 in Hippocampus in Kainic Acid-Induced Status Epilepticus Rat Model",Frontiers in neurology,2021,https://pubmed.ncbi.nlm.nih.gov/34956060/
34956062_Dewar_2021,gold (carries answers),epilepsy,PMID,34956062,10.3389/fneur.2021.780306,Surgical Decision-Making for Temporal Lobe Epilepsy: Patient Experiences of the Informed Consent Process,Frontiers in neurology,2021,https://pubmed.ncbi.nlm.nih.gov/34956062/
34966349_Drexler_2021,gold (carries answers),epilepsy,PMID,34966349,10.3389/fneur.2021.782666,"Enhancing Safety in Epilepsy Surgery (EASINESS): Study Protocol for a Retrospective, Multicenter, Open Registry",Frontiers in neurology,2021,https://pubmed.ncbi.nlm.nih.gov/34966349/
34975726_Zhao_2021,gold (carries answers),epilepsy,PMID,34975726,10.3389/fneur.2021.767165,Radiomics Analysis for Predicting Epilepsy in Patients With Unruptured Brain Arteriovenous Malformations,Frontiers in neurology,2021,https://pubmed.ncbi.nlm.nih.gov/34975726/
34979964_Zhao_2022,gold (carries answers),epilepsy,PMID,34979964,10.1186/s12883-021-02516-x,DL-3-n-butylphthalide promotes hippocampal neurogenesis and reduces mossy fiber sprouting in chronic temporal lobe epilepsy rats,BMC neurology,2022,https://pubmed.ncbi.nlm.nih.gov/34979964/
35002943_Yang_2021,gold (carries answers),epilepsy,PMID,35002943,10.3389/fneur.2021.804078,De novo STXBP1 Mutations in Two Patients With Developmental Delay With or Without Epileptic Seizures,Frontiers in neurology,2021,https://pubmed.ncbi.nlm.nih.gov/35002943/
35002944_Han_2021,gold (carries answers),epilepsy,PMID,35002944,10.3389/fneur.2021.808568,VEGF Modulates Neurogenesis and Microvascular Remodeling in Epileptogenesis After Status Epilepticus in Immature Rats,Frontiers in neurology,2021,https://pubmed.ncbi.nlm.nih.gov/35002944/
35025939_Knebel_2022,gold (carries answers),epilepsy,PMID,35025939,10.1371/journal.pone.0262285,Th17 cell-mediated immune response in a subpopulation of dogs with idiopathic epilepsy,PloS one,2022,https://pubmed.ncbi.nlm.nih.gov/35025939/
35062900_Tomasović_2022,gold (carries answers),epilepsy,PMID,35062900,10.1186/s12883-021-02535-8,Weather patterns and occurrence of epileptic seizures,BMC neurology,2022,https://pubmed.ncbi.nlm.nih.gov/35062900/
35069421_Morris_2021,gold (carries answers),epilepsy,PMID,35069421,10.3389/fneur.2021.791608,BICS01 Mediates Reversible Anti-seizure Effects in Brain Slice Models of Epilepsy,Frontiers in neurology,2021,https://pubmed.ncbi.nlm.nih.gov/35069421/
35069425_Zhang_2021,gold (carries answers),epilepsy,PMID,35069425,10.3389/fneur.2021.795076,Associated Factors and Prognostic Implications of Non-convulsive Status Epilepticus in Ischemic Stroke Patients With Impaired Consciousness,Frontiers in neurology,2021,https://pubmed.ncbi.nlm.nih.gov/35069425/
35079091_Cserpan_2022,gold (carries answers),epilepsy,PMID,35079091,10.1038/s41598-022-05373-x,Scalp HFO rates decrease after successful epilepsy surgery and are not impacted by the skull defect resulting from craniotomy,Scientific reports,2022,https://pubmed.ncbi.nlm.nih.gov/35079091/
35087154_Mold_2022,gold (carries answers),epilepsy,PMID,35087154,10.1038/s41598-022-05627-8,Aluminium co-localises with Biondi ring tangles in Parkinson's disease and epilepsy,Scientific reports,2022,https://pubmed.ncbi.nlm.nih.gov/35087154/
35087476_Dono_2021,gold (carries answers),epilepsy,PMID,35087476,10.3389/fneur.2021.806839,Levetiracetam Prophylaxis Therapy for Brain Tumor-Related Epilepsy (BTRE) Is Associated With a Higher Psychiatric Burden,Frontiers in neurology,2021,https://pubmed.ncbi.nlm.nih.gov/35087476/
35087477_Zhong_2021,gold (carries answers),epilepsy,PMID,35087477,10.3389/fneur.2021.813698,Social Isolation and Associated Factors in Chinese Adults With Epilepsy: A Cross-Sectional Study,Frontiers in neurology,2021,https://pubmed.ncbi.nlm.nih.gov/35087477/
35095728_Xia_2021,gold (carries answers),epilepsy,PMID,35095728,10.3389/fneur.2021.782739,Relationship Between the Pyroptosis Pathway and Epilepsy: A Bioinformatic Analysis,Frontiers in neurology,2021,https://pubmed.ncbi.nlm.nih.gov/35095728/
35116000_Lin_2021,gold (carries answers),epilepsy,PMID,35116000,10.3389/fneur.2021.834971,"Efficacy of Anti-seizure Medications, Quinidine, and Ketogenic Diet Therapy for KCNT1-Related Epilepsy and Genotype-Efficacy Correlation Analysis",Frontiers in neurology,2021,https://pubmed.ncbi.nlm.nih.gov/35116000/
35121751_Biondi_2022,gold (carries answers),epilepsy,PMID,35121751,10.1038/s41598-022-05179-x,Spontaneous and TMS-related EEG changes as new biomarkers to measure anti-epileptic drug effects,Scientific reports,2022,https://pubmed.ncbi.nlm.nih.gov/35121751/
35132096_Mertens_2022,gold (carries answers),epilepsy,PMID,35132096,10.1038/s41598-022-05842-3,The potential of invasive and non-invasive vagus nerve stimulation to improve verbal memory performance in epilepsy patients,Scientific reports,2022,https://pubmed.ncbi.nlm.nih.gov/35132096/
35178022_Perilli_2021,gold (carries answers),epilepsy,PMID,35178022,10.3389/fneur.2021.806516,Myoclonic Epilepsy: Case Report of a Mild Phenotype in a Pediatric Patient Expanding Clinical Spectrum of KCNA2 Pathogenic Variants,Frontiers in neurology,2021,https://pubmed.ncbi.nlm.nih.gov/35178022/
35190554_Shakeshaft_2022,gold (carries answers),epilepsy,PMID,35190554,10.1038/s41598-022-06324-2,Sex-specific disease modifiers in juvenile myoclonic epilepsy,Scientific reports,2022,https://pubmed.ncbi.nlm.nih.gov/35190554/
35222245_Lu_2022,gold (carries answers),epilepsy,PMID,35222245,10.3389/fneur.2022.807291,Case Report: Stress-Induced Childhood-Onset Neurodegeneration With Ataxia-Seizures Syndrome Caused by a Novel Compound Heterozygous Mutation in ADPRHL2,Frontiers in neurology,2022,https://pubmed.ncbi.nlm.nih.gov/35222245/
35237224_He_2022,gold (carries answers),epilepsy,PMID,35237224,10.3389/fneur.2022.755022,Hippocampal Malrotation Could Be Less Significant in Epilepsy Caused by Focal Cortical Dysplasia Type I and Type II,Frontiers in neurology,2022,https://pubmed.ncbi.nlm.nih.gov/35237224/
35247987_Tokumoto_2022,gold (carries answers),epilepsy,PMID,35247987,10.1186/s12883-022-02608-2,Prognostic effects of treatment protocols for febrile convulsive status epilepticus in children,BMC neurology,2022,https://pubmed.ncbi.nlm.nih.gov/35247987/
35250803_Ganti_2022,gold (carries answers),epilepsy,PMID,35250803,10.3389/fneur.2022.755094,Time-Series Generative Adversarial Network Approach of Deep Learning Improves Seizure Detection From the Human Thalamic SEEG,Frontiers in neurology,2022,https://pubmed.ncbi.nlm.nih.gov/35250803/
35250838_Chu_2022,gold (carries answers),epilepsy,PMID,35250838,10.3389/fneur.2022.838098,Efficacy of Phenobarbital and Prognosis Predictors in Women With Epilepsy From Rural Northeast China: A 10-Year Follow-Up Study,Frontiers in neurology,2022,https://pubmed.ncbi.nlm.nih.gov/35250838/
35265030_Wei_2022,gold (carries answers),epilepsy,PMID,35265030,10.3389/fneur.2022.831899,The Mediating Roles of Family Resilience and Social Support in the Relationship Between Illness Severity and Depressive Symptoms Among Primary Caregivers of Children With Epilepsy in China,Frontiers in neurology,2022,https://pubmed.ncbi.nlm.nih.gov/35265030/
35273558_Qi_2022,gold (carries answers),epilepsy,PMID,35273558,10.3389/fneur.2022.819889,The Clinical Characteristics of New-Onset Epilepsy in the Elderly and Risk Factors for Treatment Outcomes of Antiseizure Medications,Frontiers in neurology,2022,https://pubmed.ncbi.nlm.nih.gov/35273558/
35295838_Tartara_2022,gold (carries answers),epilepsy,PMID,35295838,10.3389/fneur.2022.828493,Late-Onset Focal Epilepsy: Electroclinical Features and Prognostic Role of Leukoaraiosis,Frontiers in neurology,2022,https://pubmed.ncbi.nlm.nih.gov/35295838/
35317247_Manzouri_2021,gold (carries answers),epilepsy,PMID,35317247,10.3389/fneur.2021.703797,A Comparison of Energy-Efficient Seizure Detectors for Implantable Neurostimulation Devices,Frontiers in neurology,2021,https://pubmed.ncbi.nlm.nih.gov/35317247/
35357778_Cserpan_2022,gold (carries answers),epilepsy,PMID,35357778,10.1002/epi4.12596,Scalp HFO rates are higher for larger lesions,Epilepsia open,2022,https://pubmed.ncbi.nlm.nih.gov/35357778/
35359652_Mckenzie_2022,gold (carries answers),epilepsy,PMID,35359652,10.3389/fneur.2022.834252,Impaired Color Recognition in HCN1 Epilepsy: A Single Case Report,Frontiers in neurology,2022,https://pubmed.ncbi.nlm.nih.gov/35359652/
35370885_Fatima_2022,gold (carries answers),epilepsy,PMID,35370885,10.3389/fneur.2022.840247,Association Between Lateralized Periodic Discharge Amplitude and Seizure on Continuous EEG Monitoring in Patients With Structural Brain Abnormality in Critical Illness,Frontiers in neurology,2022,https://pubmed.ncbi.nlm.nih.gov/35370885/
35377551_Seo_2022,gold (carries answers),epilepsy,PMID,35377551,10.1002/epi4.12599,Brain glycogen content is increased in the acute and interictal chronic stages of the mouse pilocarpine model of epilepsy,Epilepsia open,2022,https://pubmed.ncbi.nlm.nih.gov/35377551/
35401399_Kosugi_2022,gold (carries answers),epilepsy,PMID,35401399,10.3389/fneur.2022.831126,Low EEG Gamma Entropy and Glucose Hypometabolism After Corpus Callosotomy Predicts Seizure Outcome After Subsequent Surgery,Frontiers in neurology,2022,https://pubmed.ncbi.nlm.nih.gov/35401399/
35403839_Sirikarn_2022,gold (carries answers),epilepsy,PMID,35403839,10.1002/epi4.12600,The effects of COVID-19 measures on the hospitalization of patients with epilepsy and status epilepticus in Thailand: An interrupted time series analysis,Epilepsia open,2022,https://pubmed.ncbi.nlm.nih.gov/35403839/
35422753_Mu_2022,gold (carries answers),epilepsy,PMID,35422753,10.3389/fneur.2022.842807,Predictive Factors for Early-Onset Seizures in Patients With Cerebral Venous Sinus Thrombosis,Frontiers in neurology,2022,https://pubmed.ncbi.nlm.nih.gov/35422753/
35428851_Hofer_2022,gold (carries answers),epilepsy,PMID,35428851,10.1038/s41598-022-10319-4,Bursting of excitatory cells is linked to interictal epileptic discharge generation in humans,Scientific reports,2022,https://pubmed.ncbi.nlm.nih.gov/35428851/
35444610_Wei_2022,gold (carries answers),epilepsy,PMID,35444610,10.3389/fneur.2022.864070,Case Report: Stereoelectroencephalography and Stereoelectroencephalography-Guided Radiofrequency Thermocoagulation in Familial Lateral Temporal Lobe Epilepsy,Frontiers in neurology,2022,https://pubmed.ncbi.nlm.nih.gov/35444610/
35445562_Komatsubara_2022,gold (carries answers),epilepsy,PMID,35445562,10.1002/epi4.12603,Recurrence rates and risk factors for seizure recurrence following antiseizure medication withdrawal in adolescent patients with genetic generalized epilepsy,Epilepsia open,2022,https://pubmed.ncbi.nlm.nih.gov/35445562/
35445567_French_2022,gold (carries answers),epilepsy,PMID,35445567,10.1002/epi4.12602,Long-term open-label perampanel: Generalized tonic-clonic seizures in idiopathic generalized epilepsy,Epilepsia open,2022,https://pubmed.ncbi.nlm.nih.gov/35445567/
35449517_Matovu_2022,gold (carries answers),epilepsy,PMID,35449517,10.3389/fneur.2022.802587,Differences in Evolution of Epileptic Seizures and Topographical Distribution of Tissue Damage in Selected Limbic Structures Between Male and Female Rats Submitted to the Pilocarpine Model,Frontiers in neurology,2022,https://pubmed.ncbi.nlm.nih.gov/35449517/
35451230_Moog_2022,gold (carries answers),epilepsy,PMID,35451230,10.1002/epi4.12604,Clemizole and trazodone are effective antiseizure treatments in a zebrafish model of STXBP1 disorder,Epilepsia open,2022,https://pubmed.ncbi.nlm.nih.gov/35451230/
35474103_Komiyama_2022,gold (carries answers),epilepsy,PMID,35474103,10.1038/s41598-022-10753-4,Glioma facilitates the epileptic and tumor-suppressive gene expressions in the surrounding region,Scientific reports,2022,https://pubmed.ncbi.nlm.nih.gov/35474103/
35482756_Beyene_2022,gold (carries answers),epilepsy,PMID,35482756,10.1371/journal.pone.0267673,"Drug therapy problems and predicting factors among ambulatory epileptic patients in Jimma Medical Center, Southwest Ethiopia",PloS one,2022,https://pubmed.ncbi.nlm.nih.gov/35482756/
35493845_Wu_2022,gold (carries answers),epilepsy,PMID,35493845,10.3389/fneur.2022.823908,The Role of the Negative Regulation of Microglia-Mediated Neuroinflammation in Improving Emotional Behavior After Epileptic Seizures,Frontiers in neurology,2022,https://pubmed.ncbi.nlm.nih.gov/35493845/
35493848_Rácz_2022,gold (carries answers),epilepsy,PMID,35493848,10.3389/fneur.2022.859868,Histopathologic Characterization and Neurodegenerative Markers in Patients With Limbic Encephalitis Undergoing Epilepsy Surgery,Frontiers in neurology,2022,https://pubmed.ncbi.nlm.nih.gov/35493848/
35504954_Shin_2022,gold (carries answers),epilepsy,PMID,35504954,10.1038/s41598-022-10865-x,Neuropsychiatric symptoms and seizure related with serum cytokine in epilepsy patients,Scientific reports,2022,https://pubmed.ncbi.nlm.nih.gov/35504954/
35531951_de_2022,gold (carries answers),epilepsy,PMID,35531951,10.1002/epi4.12613,"Commentary on ""Antiseizure activity by opioid receptor antagonism, new evidence""",Epilepsia open,2022,https://pubmed.ncbi.nlm.nih.gov/35531951/
35531981_Getter_2023,gold (carries answers),epilepsy,PMID,35531981,10.1002/epi4.12612,"FIRDA, refractory epilepsy, and SEEG-guided RF: A case report",Epilepsia open,2023,https://pubmed.ncbi.nlm.nih.gov/35531981/
35547380_PereiraDalio_2022,gold (carries answers),epilepsy,PMID,35547380,10.3389/fneur.2022.833293,Long-Term Outcome of Temporal Lobe Epilepsy Surgery in 621 Patients With Hippocampal Sclerosis: Clinical and Surgical Prognostic Factors,Frontiers in neurology,2022,https://pubmed.ncbi.nlm.nih.gov/35547380/
35547382_Li_2022,gold (carries answers),epilepsy,PMID,35547382,10.3389/fneur.2022.825225,EEG Oscillatory Networks in Peri-Ictal Period of Absence Epilepsy,Frontiers in neurology,2022,https://pubmed.ncbi.nlm.nih.gov/35547382/
35603460_Kishi_2022,gold (carries answers),epilepsy,PMID,35603460,10.1002/epi4.12614,"Patient complexity, depression, and quality of life in patients with epilepsy at an epilepsy center in Japan",Epilepsia open,2022,https://pubmed.ncbi.nlm.nih.gov/35603460/
35620787_Li_2022,gold (carries answers),epilepsy,PMID,35620787,10.3389/fneur.2022.824268,Clinical Analysis of Childhood Acute Lymphoblastic Leukemia With Epilepsy Seizures,Frontiers in neurology,2022,https://pubmed.ncbi.nlm.nih.gov/35620787/
35621396_Asiri_2022,gold (carries answers),epilepsy,PMID,35621396,10.1002/epi4.12615,Seizure-related injuries in people with epilepsy: A cohort study from Saudi Arabia,Epilepsia open,2022,https://pubmed.ncbi.nlm.nih.gov/35621396/
35624413_Wang_2022,gold (carries answers),epilepsy,PMID,35624413,10.1186/s12883-022-02686-2,Changes of biochemical biomarkers in the serum of children with convulsion status epilepticus: a prospective study,BMC neurology,2022,https://pubmed.ncbi.nlm.nih.gov/35624413/
35633311_Kuroda_2022,gold (carries answers),epilepsy,PMID,35633311,10.1002/epi4.12616,Impact of COVID-19 pandemic on epilepsy care in Japan: A national-level multicenter retrospective cohort study,Epilepsia open,2022,https://pubmed.ncbi.nlm.nih.gov/35633311/
35651351_Pauletto_2022,gold (carries answers),epilepsy,PMID,35651351,10.3389/fneur.2022.890857,Pre- and Post-surgical Poor Seizure Control as Hallmark of Malignant Progression in Patients With Glioma?,Frontiers in neurology,2022,https://pubmed.ncbi.nlm.nih.gov/35651351/
35666848_Lazeron_2022,gold (carries answers),epilepsy,PMID,35666848,10.1002/epi4.12618,Multimodal nocturnal seizure detection: Do we need to adapt algorithms for children?,Epilepsia open,2022,https://pubmed.ncbi.nlm.nih.gov/35666848/
35669869_Tong_2022,gold (carries answers),epilepsy,PMID,35669869,10.3389/fneur.2022.821917,"A Comparison of Epileptogenic Effect of Status Epilepticus Treated With Diazepam, Midazolam, and Pentobarbital in the Mouse Pilocarpine Model of Epilepsy",Frontiers in neurology,2022,https://pubmed.ncbi.nlm.nih.gov/35669869/
35685742_Fang_2022,gold (carries answers),epilepsy,PMID,35685742,10.3389/fneur.2022.863826,Ketogenic Diet Therapy for Drug-Resistant Epilepsy and Cognitive Impairment in Children With Tuberous Sclerosis Complex,Frontiers in neurology,2022,https://pubmed.ncbi.nlm.nih.gov/35685742/
35690663_Fang_2022,gold (carries answers),epilepsy,PMID,35690663,10.1038/s41598-022-13726-9,Factors associated with mortality in patients with super-refractory status epilepticus,Scientific reports,2022,https://pubmed.ncbi.nlm.nih.gov/35690663/
35710825_Schreiner_2022,gold (carries answers),epilepsy,PMID,35710825,10.1038/s41598-022-12101-y,Simulating epileptic seizures using the bidomain model,Scientific reports,2022,https://pubmed.ncbi.nlm.nih.gov/35710825/
35711262_Tako_2022,gold (carries answers),epilepsy,PMID,35711262,10.3389/fneur.2022.894173,Predictive Factors of Acute Symptomatic Seizures in Patients With Ischemic Stroke Due to Large Vessel Occlusion,Frontiers in neurology,2022,https://pubmed.ncbi.nlm.nih.gov/35711262/
35715422_Yang_2022,gold (carries answers),epilepsy,PMID,35715422,10.1038/s41598-022-13974-9,Analysis of clinical phenotypic and genotypic spectra in 36 children patients with Epilepsy of Infancy with Migrating Focal Seizures,Scientific reports,2022,https://pubmed.ncbi.nlm.nih.gov/35715422/
35715460_Oehrn_2022,gold (carries answers),epilepsy,PMID,35715460,10.1038/s41598-022-14237-3,Non-invasive vagus nerve stimulation in epilepsy patients enhances cooperative behavior in the prisoner's dilemma task,Scientific reports,2022,https://pubmed.ncbi.nlm.nih.gov/35715460/
35720076_Zhao_2022,gold (carries answers),epilepsy,PMID,35720076,10.3389/fneur.2022.909191,Effectiveness and Safety of Oxcarbazepine vs. Levetiracetam as Monotherapy for Infantile Focal Epilepsy: A Longitudinal Cohort Study,Frontiers in neurology,2022,https://pubmed.ncbi.nlm.nih.gov/35720076/
35726385_Venegas_2022,gold (carries answers),epilepsy,PMID,35726385,10.1002/epi4.12620,How the characteristics of pediatric neurologists in Latin America influence the communication of sudden unexpected death in epilepsy to patients and caregivers,Epilepsia open,2022,https://pubmed.ncbi.nlm.nih.gov/35726385/
35756921_Chen_2022,gold (carries answers),epilepsy,PMID,35756921,10.3389/fneur.2022.855498,Comparison of Lamotrigine and Oxcarbazepine Monotherapy Among Chinese Adult Patients With Newly-Diagnosed Focal-Onset Epilepsy: A Prospective Observational Study,Frontiers in neurology,2022,https://pubmed.ncbi.nlm.nih.gov/35756921/
35766437_Zahnert_2022,gold (carries answers),epilepsy,PMID,35766437,10.1002/epi4.12622,Psychophysiological interaction analysis for the detection of stimulus-specific networks in reflex epilepsy,Epilepsia open,2022,https://pubmed.ncbi.nlm.nih.gov/35766437/
35766448_Jung_2022,gold (carries answers),epilepsy,PMID,35766448,10.1002/epi4.12621,Transition from pediatric to adult care among patients with epilepsy: Cross-sectional surveys of experts and patients in Korea,Epilepsia open,2022,https://pubmed.ncbi.nlm.nih.gov/35766448/
35785347_Xu_2022,gold (carries answers),epilepsy,PMID,35785347,10.3389/fneur.2022.878504,Startle-Induced Epileptic Spasms: A Clinical and Video-EEG Study,Frontiers in neurology,2022,https://pubmed.ncbi.nlm.nih.gov/35785347/
35785362_Cardoso_2022,gold (carries answers),epilepsy,PMID,35785362,10.3389/fneur.2022.873496,Mitochondrial Photobiomodulation as a Neurotherapeutic Strategy for Epilepsy,Frontiers in neurology,2022,https://pubmed.ncbi.nlm.nih.gov/35785362/
35795805_Mastrangelo_2022,gold (carries answers),epilepsy,PMID,35795805,10.3389/fneur.2022.855134,Presenting Patterns of Genetically Determined Developmental Encephalopathies With Epilepsy and Movement Disorders: A Single Tertiary Center Retrospective Cohort Study,Frontiers in neurology,2022,https://pubmed.ncbi.nlm.nih.gov/35795805/
35800085_SalaPadro_2022,gold (carries answers),epilepsy,PMID,35800085,10.3389/fneur.2022.854313,Verbal Learning and Longitudinal Hippocampal Network Connectivity in Temporal Lobe Epilepsy Surgery,Frontiers in neurology,2022,https://pubmed.ncbi.nlm.nih.gov/35800085/
35801621_Guerrini_2022,gold (carries answers),epilepsy,PMID,35801621,10.1002/epi4.12624,"An examination of the efficacy and safety of fenfluramine in adults, children, and adolescents with Dravet syndrome in a real-world practice setting: A report from the Fenfluramine European Early Access Program",Epilepsia open,2022,https://pubmed.ncbi.nlm.nih.gov/35801621/
35802036_AledoSerrano_2022,gold (carries answers),epilepsy,PMID,35802036,10.1002/epi4.12623,Effect of fenfluramine on seizures and comorbidities in SCN8A-developmental and epileptic encephalopathy: A case series,Epilepsia open,2022,https://pubmed.ncbi.nlm.nih.gov/35802036/
35808864_Dos_2022,gold (carries answers),epilepsy,PMID,35808864,10.1002/epi4.12625,"Altered excitatory and inhibitory neocortical circuitry leads to increased convulsive severity after pentylenetetrazol injection in an animal model of schizencephaly, but not of microgyria",Epilepsia open,2022,https://pubmed.ncbi.nlm.nih.gov/35808864/
35832179_Lv_2022,gold (carries answers),epilepsy,PMID,35832179,10.3389/fneur.2022.923529,Seizures and Consciousness Disorder Secondary to Intracranial Hypotension After Spinal Surgery: A Case Report and Literature Review,Frontiers in neurology,2022,https://pubmed.ncbi.nlm.nih.gov/35832179/
35833327_Rosati_2022,gold (carries answers),epilepsy,PMID,35833327,10.1002/epi4.12627,KETASER01 protocol: What went right and what went wrong,Epilepsia open,2022,https://pubmed.ncbi.nlm.nih.gov/35833327/
35837228_Chang_2022,gold (carries answers),epilepsy,PMID,35837228,10.3389/fneur.2022.822253,The Degree Centrality and Functional Connectivity in Patients With Temporal Lobe Epilepsy Presenting as Ictal Panic: A Resting State fMRI Study,Frontiers in neurology,2022,https://pubmed.ncbi.nlm.nih.gov/35837228/
35844134_Bast_2022,gold (carries answers),epilepsy,PMID,35844134,10.1002/epi4.12628,Efficacy and tolerability of brivaracetam monotherapy in childhood and juvenile absence epilepsy: An innovative adaptive trial design,Epilepsia open,2022,https://pubmed.ncbi.nlm.nih.gov/35844134/
35847218_Kurup_2022,gold (carries answers),epilepsy,PMID,35847218,10.3389/fneur.2022.915385,Comparing Seizures Captured by Rapid Response EEG and Conventional EEG Recordings in a Multicenter Clinical Study,Frontiers in neurology,2022,https://pubmed.ncbi.nlm.nih.gov/35847218/
35857720_deLimaLeite_2022,gold (carries answers),epilepsy,PMID,35857720,10.1371/journal.pone.0271328,"Socio-demographic profiles and obstetrics outcomes of pregnant women with epilepsy in a vulnerability State, Brazil",PloS one,2022,https://pubmed.ncbi.nlm.nih.gov/35857720/
35860486_Bouyer_2022,gold (carries answers),epilepsy,PMID,35860486,10.3389/fneur.2022.919706,Case Report: Cognitive Assessment Before an Amnesic Seizure in Transient Epileptic Amnesia Syndrome,Frontiers in neurology,2022,https://pubmed.ncbi.nlm.nih.gov/35860486/
35867650_Makhado_2022,gold (carries answers),epilepsy,PMID,35867650,10.1371/journal.pone.0271805,"Epilepsy life skill education guidelines for primary school teachers and learners in Limpopo and Mpumalanga Provinces, South Africa: Multiphase mixed methods protocol",PloS one,2022,https://pubmed.ncbi.nlm.nih.gov/35867650/
35867810_Chan_2022,gold (carries answers),epilepsy,PMID,35867810,10.1002/epi4.12629,A cross-sectional study of COVID-19 vaccination patterns among patients with epilepsy in Hong Kong,Epilepsia open,2022,https://pubmed.ncbi.nlm.nih.gov/35867810/
35869791_Uchida_2022,gold (carries answers),epilepsy,PMID,35869791,10.1002/epi4.12631,Asymmetric epileptic spasms after corpus callosotomy in children with West syndrome may be a good indicator for unilateral epileptic focus and subsequent resective surgery,Epilepsia open,2022,https://pubmed.ncbi.nlm.nih.gov/35869791/
35869793_Cani_2022,gold (carries answers),epilepsy,PMID,35869793,10.1002/epi4.12630,Epilepsy and inborn errors of metabolism in adults: The diagnostic odyssey of a young woman with medium-chain acyl-coenzyme A dehydrogenase deficiency,Epilepsia open,2022,https://pubmed.ncbi.nlm.nih.gov/35869793/
35873766_Hampson_2022,gold (carries answers),epilepsy,PMID,35873766,10.3389/fneur.2022.896204,Functional MRI Correlates of Carbon Dioxide Chemosensing in Persons With Epilepsy,Frontiers in neurology,2022,https://pubmed.ncbi.nlm.nih.gov/35873766/
35873780_Machegger_2022,gold (carries answers),epilepsy,PMID,35873780,10.3389/fneur.2022.926381,Quantitative Analysis of Diffusion-Restricted Lesions in a Differential Diagnosis of Status Epilepticus and Acute Ischemic Stroke,Frontiers in neurology,2022,https://pubmed.ncbi.nlm.nih.gov/35873780/
35908206_Kalogeropoulos_2022,gold (carries answers),epilepsy,PMID,35908206,10.1002/epi4.12633,Timing differences between HFOs and interictal epileptiform discharges generated in vitro by different mechanisms in rat hippocampal slices: A novel approach,Epilepsia open,2022,https://pubmed.ncbi.nlm.nih.gov/35908206/
35908275_Altalib_2022,gold (carries answers),epilepsy,PMID,35908275,10.1002/epi4.12635,Psychiatric adverse events in three phase III trials of eslicarbazepine acetate for focal seizures,Epilepsia open,2022,https://pubmed.ncbi.nlm.nih.gov/35908275/
35911879_Fukuma_2022,gold (carries answers),epilepsy,PMID,35911879,10.3389/fneur.2022.877386,Developing an Asymmetry Method for Detecting Postictal Hyperperfusion in Poststroke Epilepsy,Frontiers in neurology,2022,https://pubmed.ncbi.nlm.nih.gov/35911879/
35911888_Dilena_2022,gold (carries answers),epilepsy,PMID,35911888,10.3389/fneur.2022.942582,Case Report: Effect of Targeted Therapy With Carbamazepine in KCNQ2 Neonatal Epilepsy,Frontiers in neurology,2022,https://pubmed.ncbi.nlm.nih.gov/35911888/
35916714_Kawamura_2022,gold (carries answers),epilepsy,PMID,35916714,10.1002/epi4.12634,Human herpesvirus 6 DNA was not detected in a brain specimen from a patient with mesial temporal sclerosis after status epilepticus due to human herpesvirus 6 infection,Epilepsia open,2022,https://pubmed.ncbi.nlm.nih.gov/35916714/
35928136_Wang_2022,gold (carries answers),epilepsy,PMID,35928136,10.3389/fneur.2022.948599,Effects of long-term supplementation of probiotics on cognitive function and emotion in temporal lobe epilepsy,Frontiers in neurology,2022,https://pubmed.ncbi.nlm.nih.gov/35928136/
35929180_Dugan_2022,gold (carries answers),epilepsy,PMID,35929180,10.1002/epi4.12637,Impact of the COVID-19 pandemic on people with epilepsy: findings from the US arm of the COV-E study,Epilepsia open,2022,https://pubmed.ncbi.nlm.nih.gov/35929180/
35937057_Zimmermann_2022,gold (carries answers),epilepsy,PMID,35937057,10.3389/fneur.2022.888479,Reduced Metabotropic Glutamate Receptor Type 5 Availability in the Epileptogenic Hippocampus: An in vitro Study,Frontiers in neurology,2022,https://pubmed.ncbi.nlm.nih.gov/35937057/
35937068_Mücke_2022,gold (carries answers),epilepsy,PMID,35937068,10.3389/fneur.2022.855664,Discrepancy between subjective and objective memory change after epilepsy surgery: Relation with seizure outcome and depressive symptoms,Frontiers in neurology,2022,https://pubmed.ncbi.nlm.nih.gov/35937068/
35938285_Aronica_2025,gold (carries answers),epilepsy,PMID,35938285,10.1002/epi4.12638,A companion to the preclinical common data elements and case report forms for neuropathology studies in epilepsy research. A report of the TASK3 WG2 Neuropathology Working Group of the ILAE/AES Joint Translational Task Force,Epilepsia open,2025,https://pubmed.ncbi.nlm.nih.gov/35938285/
35939656_Cepeda_2022,gold (carries answers),epilepsy,PMID,35939656,10.1002/epi4.12632,Differences between men and women in response to antiseizure medication use and the likelihood of developing treatment resistant epilepsy,Epilepsia open,2022,https://pubmed.ncbi.nlm.nih.gov/35939656/
35950641_Katsarou_2025,gold (carries answers),epilepsy,PMID,35950641,10.1002/epi4.12641,"A companion to the preclinical common data elements for rodent models of pediatric acquired epilepsy: A report of the TASK3-WG1B, Pediatric and Genetic Models Working Group of the ILAE/AES Joint Translational Task Force",Epilepsia open,2025,https://pubmed.ncbi.nlm.nih.gov/35950641/
35950645_van_2025,gold (carries answers),epilepsy,PMID,35950645,10.1002/epi4.12640,"A companion to the preclinical common data elements for genomics, transcriptomics, and epigenomics data in rodent epilepsy models. A report of the TASK3-WG4 omics working group of the ILAE/AES joint translational TASK force",Epilepsia open,2025,https://pubmed.ncbi.nlm.nih.gov/35950645/
35951766_Mantegazza_2025,gold (carries answers),epilepsy,PMID,35951766,10.1002/epi4.12642,A companion to the preclinical common data elements for rodent genetic epilepsy models. A report of the TASK3-WG1B: Paediatric and genetic models working group of the ILAE/AES joint translational TASK force,Epilepsia open,2025,https://pubmed.ncbi.nlm.nih.gov/35951766/
35959398_OyegbileChidi_2022,gold (carries answers),epilepsy,PMID,35959398,10.3389/fneur.2022.903137,"The Relationship Between Sleep, Cognition and Behavior in Children With Newly-Diagnosed Epilepsy Over 36 Months",Frontiers in neurology,2022,https://pubmed.ncbi.nlm.nih.gov/35959398/
35962048_Tényi_2022,gold (carries answers),epilepsy,PMID,35962048,10.1038/s41598-022-17853-1,Increased prevalence of minor physical anomalies in patients with epilepsy,Scientific reports,2022,https://pubmed.ncbi.nlm.nih.gov/35962048/
35962745_van_2025,gold (carries answers),epilepsy,PMID,35962745,10.1002/epi4.12643,A companion to the preclinical common data elements and case report forms for in vivo rodent neuroimaging: A report of the TASK3-WG3 Neuroimaging Working Group of the ILAE/AES Joint Translational Task Force,Epilepsia open,2025,https://pubmed.ncbi.nlm.nih.gov/35962745/
35968281_Li_2022,gold (carries answers),epilepsy,PMID,35968281,10.3389/fneur.2022.924057,Efficacy and adverse reactions of perampanel in the treatment of epilepsy in children,Frontiers in neurology,2022,https://pubmed.ncbi.nlm.nih.gov/35968281/
35968289_Guo_2022,gold (carries answers),epilepsy,PMID,35968289,10.3389/fneur.2022.954509,Vagus nerve stimulation for refractory posttraumatic epilepsy: Efficacy and predictors of seizure outcome,Frontiers in neurology,2022,https://pubmed.ncbi.nlm.nih.gov/35968289/
35977826_Sone_2022,gold (carries answers),epilepsy,PMID,35977826,10.1002/epi4.12645,Upper cerebellar glucose hypermetabolism in patients with temporal lobe epilepsy and interictal psychosis,Epilepsia open,2022,https://pubmed.ncbi.nlm.nih.gov/35977826/
35989902_Wang_2022,gold (carries answers),epilepsy,PMID,35989902,10.3389/fneur.2022.901633,Brain network analysis of interictal epileptiform discharges from ECoG to identify epileptogenic zone in pediatric patients with epilepsy and focal cortical dysplasia type II: A retrospective study,Frontiers in neurology,2022,https://pubmed.ncbi.nlm.nih.gov/35989902/
36005396_Shah_2022,gold (carries answers),epilepsy,PMID,36005396,10.1002/epi4.12646,"Challenges for low middle-income people with epilepsy during the COVID-19 pandemic: Lessons learnt, call for action",Epilepsia open,2022,https://pubmed.ncbi.nlm.nih.gov/36005396/
36028820_Stelzle_2022,gold (carries answers),epilepsy,PMID,36028820,10.1186/s12883-022-02813-z,Characteristics of people with epilepsy in three Eastern African countries - a pooled analysis,BMC neurology,2022,https://pubmed.ncbi.nlm.nih.gov/36028820/
36029029_Fagnani_2022,gold (carries answers),epilepsy,PMID,36029029,10.1002/epi4.12636,Epidemiology and disease burden of tuberous sclerosis complex in France: A population-based study based on national health insurance data,Epilepsia open,2022,https://pubmed.ncbi.nlm.nih.gov/36029029/
36034270_Melo_2022,gold (carries answers),epilepsy,PMID,36034270,10.3389/fneur.2022.904052,Dynamic coupling between the central and autonomic cardiac nervous systems in patients with refractory epilepsy: A pilot study,Frontiers in neurology,2022,https://pubmed.ncbi.nlm.nih.gov/36034270/
36053171_Zhou_2022,gold (carries answers),epilepsy,PMID,36053171,10.1002/epi4.12647,An approach for reliably identifying high-frequency oscillations and reducing false-positive detections,Epilepsia open,2022,https://pubmed.ncbi.nlm.nih.gov/36053171/
36061994_Puteikis_2022,gold (carries answers),epilepsy,PMID,36061994,10.3389/fneur.2022.956053,Psychiatric comorbidities and all-cause mortality in epilepsy: A nationwide cohort study,Frontiers in neurology,2022,https://pubmed.ncbi.nlm.nih.gov/36061994/
36071087_Říha_2022,gold (carries answers),epilepsy,PMID,36071087,10.1038/s41598-022-19121-8,Multimodal combination of neuroimaging methods for localizing the epileptogenic zone in MR-negative epilepsy,Scientific reports,2022,https://pubmed.ncbi.nlm.nih.gov/36071087/
36081402_Xie_2022,gold (carries answers),epilepsy,PMID,36081402,10.1002/epi4.12648,The long-term surgical outcomes of low-grade epilepsy-associated neuroepithelial tumors,Epilepsia open,2022,https://pubmed.ncbi.nlm.nih.gov/36081402/
36081867_MoradiJafari_2022,gold (carries answers),epilepsy,PMID,36081867,10.3389/fneur.2022.920107,Influence of methadone on the anticonvulsant efficacy of valproate sodium gabapentin against maximal electroshock seizure in mice by regulation of brain MDA TNF-α,Frontiers in neurology,2022,https://pubmed.ncbi.nlm.nih.gov/36081867/
36082380_Gasparini_2022,gold (carries answers),epilepsy,PMID,36082380,10.1002/epi4.12649,"Effectiveness of perampanel as the only add-on: Retrospective, multicenter, observational real-life study on epilepsy patients",Epilepsia open,2022,https://pubmed.ncbi.nlm.nih.gov/36082380/
36104657_Pan_2022,gold (carries answers),epilepsy,PMID,36104657,10.1186/s12883-022-02868-y,Timing matters: there are significant differences in short-term outcomes between two time points of status epilepticus,BMC neurology,2022,https://pubmed.ncbi.nlm.nih.gov/36104657/
36119689_Xie_2022,gold (carries answers),epilepsy,PMID,36119689,10.3389/fneur.2022.951850,Vagus nerve stimulation in children with drug-resistant epilepsy of monogenic etiology,Frontiers in neurology,2022,https://pubmed.ncbi.nlm.nih.gov/36119689/
36136063_Le_2022,gold (carries answers),epilepsy,PMID,36136063,10.1002/epi4.12650,Epilepsy surgery program in a resource-limited setting in Vietnam: A multicentered collaborative model,Epilepsia open,2022,https://pubmed.ncbi.nlm.nih.gov/36136063/
36158964_Li_2022,gold (carries answers),epilepsy,PMID,36158964,10.3389/fneur.2022.889167,Case report: A novel PPP3CA truncating mutation within the regulatory domain causes severe developmental and epileptic encephalopathy in a Chinese patient,Frontiers in neurology,2022,https://pubmed.ncbi.nlm.nih.gov/36158964/
36158969_Hamou_2022,gold (carries answers),epilepsy,PMID,36158969,10.3389/fneur.2022.977329,Seizure after surgical treatment of chronic subdural hematoma-Associated factors and effect on outcome,Frontiers in neurology,2022,https://pubmed.ncbi.nlm.nih.gov/36158969/
36161285_Whitney_2022,gold (carries answers),epilepsy,PMID,36161285,10.1002/epi4.12652,The state of pediatric tuberous sclerosis complex epilepsy care: Results from a national survey,Epilepsia open,2022,https://pubmed.ncbi.nlm.nih.gov/36161285/
36161288_Chilukuri_2022,gold (carries answers),epilepsy,PMID,36161288,10.1002/epi4.12651,"Insulo-opercular stereoelectroencephalography exploration in children and young adults: Indications, techniques, and safety",Epilepsia open,2022,https://pubmed.ncbi.nlm.nih.gov/36161288/
36172032_Liu_2022,gold (carries answers),epilepsy,PMID,36172032,10.3389/fneur.2022.981488,Anatomical features decide the atypical seizure manifestation of parahypothalamic hamartomas,Frontiers in neurology,2022,https://pubmed.ncbi.nlm.nih.gov/36172032/
36176044_Rademacher_2022,gold (carries answers),epilepsy,PMID,36176044,10.1002/epi4.12656,"Efficacy and safety of adjunctive padsevonil in adults with drug-resistant focal epilepsy: Results from two double-blind, randomized, placebo-controlled trials",Epilepsia open,2022,https://pubmed.ncbi.nlm.nih.gov/36176044/
36177517_Li_2022,gold (carries answers),epilepsy,PMID,36177517,10.1002/epi4.12653,Therapeutic drug monitoring of perampanel in children diagnosed with epilepsy: Focus on influencing factors on the plasma concentration-to-dose ratio,Epilepsia open,2022,https://pubmed.ncbi.nlm.nih.gov/36177517/
36177520_Espino_2022,gold (carries answers),epilepsy,PMID,36177520,10.1002/epi4.12654,Long-term outcomes after NORSE: Treatment with vagus nerve stimulation,Epilepsia open,2022,https://pubmed.ncbi.nlm.nih.gov/36177520/
36177546_Kim_2022,gold (carries answers),epilepsy,PMID,36177546,10.1002/epi4.12655,Interpretable deep learning-based hippocampal sclerosis classification,Epilepsia open,2022,https://pubmed.ncbi.nlm.nih.gov/36177546/
36213959_Singh_2022,gold (carries answers),epilepsy,PMID,36213959,10.1002/epi4.12659,A cluster-randomized trial comparing home-based primary health care and usual clinic care for epilepsy in a resource-limited country,Epilepsia open,2022,https://pubmed.ncbi.nlm.nih.gov/36213959/
36214033_Ong_2023,gold (carries answers),epilepsy,PMID,36214033,10.1002/epi4.12658,Safety and adverse events following COVID-19 vaccination among people with epilepsy: A cross-sectional study,Epilepsia open,2023,https://pubmed.ncbi.nlm.nih.gov/36214033/
36214088_Deng_2022,gold (carries answers),epilepsy,PMID,36214088,10.1002/epi4.12657,The clinical analysis of new-onset status epilepticus,Epilepsia open,2022,https://pubmed.ncbi.nlm.nih.gov/36214088/
36225097_Kuramochi_2022,gold (carries answers),epilepsy,PMID,36225097,10.1002/epi4.12661,A study of factors influencing self-stigma in people with epilepsy: A nationwide online questionnaire survey in Japan,Epilepsia open,2022,https://pubmed.ncbi.nlm.nih.gov/36225097/
36229510_Plumereau_2022,gold (carries answers),epilepsy,PMID,36229510,10.1038/s41598-022-22208-x,De novo Y1460C missense variant in Na(V)1.1 impedes the pore region and results in epileptic encephalopathy,Scientific reports,2022,https://pubmed.ncbi.nlm.nih.gov/36229510/
36247776_Chen_2022,gold (carries answers),epilepsy,PMID,36247776,10.3389/fneur.2022.992781,Case report: A novel mosaic nonsense mutation of PCDH19 in a Chinese male with febrile epilepsy,Frontiers in neurology,2022,https://pubmed.ncbi.nlm.nih.gov/36247776/
36259125_Bindila_2025,gold (carries answers),epilepsy,PMID,36259125,10.1002/epi4.12662,"A companion to the preclinical common data elements for proteomics, lipidomics, and metabolomics data in rodent epilepsy models. A report of the TASK3-WG4 omics working group of the ILAE/AES joint translational TASK force",Epilepsia open,2025,https://pubmed.ncbi.nlm.nih.gov/36259125/
36271714_Nabbout_2023,gold (carries answers),epilepsy,PMID,36271714,10.1002/epi4.12665,3D figure of epilepsy syndromes,Epilepsia open,2023,https://pubmed.ncbi.nlm.nih.gov/36271714/
36281833_Sourbron_2023,gold (carries answers),epilepsy,PMID,36281833,10.1002/epi4.12666,Medical treatment in infants and young children with epilepsy: Off-label use of antiseizure medications. Survey Report of ILAE Task Force Medical Therapies in Children,Epilepsia open,2023,https://pubmed.ncbi.nlm.nih.gov/36281833/
36289354_Ruffolo_2022,gold (carries answers),epilepsy,PMID,36289354,10.1038/s41598-022-22806-9,GABA(A) receptor function is enhanced by Interleukin-10 in human epileptogenic gangliogliomas and its effect is counteracted by Interleukin-1β,Scientific reports,2022,https://pubmed.ncbi.nlm.nih.gov/36289354/
36305698_Yang_2023,gold (carries answers),epilepsy,PMID,36305698,10.1002/epi4.12667,Experiences from COVID-19 vaccination in patients with epilepsy,Epilepsia open,2023,https://pubmed.ncbi.nlm.nih.gov/36305698/
36307486_Xie_2022,gold (carries answers),epilepsy,PMID,36307486,10.1038/s41598-022-22443-2,The clinical and pathological features of low-grade epilepsy-associated glioneuronal tumors,Scientific reports,2022,https://pubmed.ncbi.nlm.nih.gov/36307486/
36319701_Sathe_2022,gold (carries answers),epilepsy,PMID,36319701,10.1038/s41598-022-23297-4,Amplitude synchronization of spontaneous activity of medial and lateral temporal gyri reveals altered thalamic connectivity in patients with temporal lobe epilepsy,Scientific reports,2022,https://pubmed.ncbi.nlm.nih.gov/36319701/
36341094_Wang_2022,gold (carries answers),epilepsy,PMID,36341094,10.3389/fneur.2022.1010150,Adult-onset Krabbe disease presenting with progressive myoclonic epilepsy and asymmetric occipital lesions: A case report,Frontiers in neurology,2022,https://pubmed.ncbi.nlm.nih.gov/36341094/
36341097_Maschio_2022,gold (carries answers),epilepsy,PMID,36341097,10.3389/fneur.2022.967946,Impact of epilepsy and its treatment on brain metastasis from solid tumors: A retrospective study,Frontiers in neurology,2022,https://pubmed.ncbi.nlm.nih.gov/36341097/
36341114_Li_2022,gold (carries answers),epilepsy,PMID,36341114,10.3389/fneur.2022.964923,The correlation of temporal changes of neutrophil-lymphocyte ratio with seizure severity and the following seizure tendency in patients with epilepsy,Frontiers in neurology,2022,https://pubmed.ncbi.nlm.nih.gov/36341114/
36348082_Li_2022,gold (carries answers),epilepsy,PMID,36348082,10.1038/s41598-022-23656-1,Graph-generative neural network for EEG-based epileptic seizure detection via discovery of dynamic brain functional connectivity,Scientific reports,2022,https://pubmed.ncbi.nlm.nih.gov/36348082/
36352789_Kubová_2023,gold (carries answers),epilepsy,PMID,36352789,10.1002/epi4.12664,The outcome of early life status epilepticus-lessons from laboratory animals,Epilepsia open,2023,https://pubmed.ncbi.nlm.nih.gov/36352789/
36371527_Sahoo_2022,gold (carries answers),epilepsy,PMID,36371527,10.1038/s41598-022-23101-3,Ontology-based feature engineering in machine learning workflows for heterogeneous epilepsy patient records,Scientific reports,2022,https://pubmed.ncbi.nlm.nih.gov/36371527/
36398475_Phitsanuwong_2023,gold (carries answers),epilepsy,PMID,36398475,10.1002/epi4.12673,Experience with the ketogenic diet in premature neonates,Epilepsia open,2023,https://pubmed.ncbi.nlm.nih.gov/36398475/
36408494_Ni_2022,gold (carries answers),epilepsy,PMID,36408494,10.3389/fneur.2022.1023832,Current trends and hotspots in drug-resistant epilepsy research: Insights from a bibliometric analysis,Frontiers in neurology,2022,https://pubmed.ncbi.nlm.nih.gov/36408494/
36408512_Chen_2022,gold (carries answers),epilepsy,PMID,36408512,10.3389/fneur.2022.1028290,Role of responsive neurostimulation and immunotherapy in refractory epilepsy due to autoimmune encephalitis: A case report,Frontiers in neurology,2022,https://pubmed.ncbi.nlm.nih.gov/36408512/
36408781_Tsalouchidou_2023,gold (carries answers),epilepsy,PMID,36408781,10.1002/epi4.12674,Temporal encephaloceles and coexisting epileptogenic lesions,Epilepsia open,2023,https://pubmed.ncbi.nlm.nih.gov/36408781/
36438938_Frazzini_2022,gold (carries answers),epilepsy,PMID,36438938,10.3389/fneur.2022.1022768,Human periventricular nodular heterotopia shows several interictal epileptic patterns and hyperexcitability of neuronal firing,Frontiers in neurology,2022,https://pubmed.ncbi.nlm.nih.gov/36438938/
36438951_Okadome_2022,gold (carries answers),epilepsy,PMID,36438951,10.3389/fneur.2022.979333,The effect of interictal epileptic discharges and following spindles on motor sequence learning in epilepsy patients,Frontiers in neurology,2022,https://pubmed.ncbi.nlm.nih.gov/36438951/
36438960_Hersi_2022,gold (carries answers),epilepsy,PMID,36438960,10.3389/fneur.2022.1042168,Response to subsequent antiseizure medications after first antiseizure medication failure in newly diagnosed epilepsy,Frontiers in neurology,2022,https://pubmed.ncbi.nlm.nih.gov/36438960/
36461649_Adel_2023,gold (carries answers),epilepsy,PMID,36461649,10.1002/epi4.12679,Longitudinal hippocampal diffusion-weighted imaging and T2 relaxometry demonstrate regional abnormalities which are stable and predict subfield pathology in temporal lobe epilepsy,Epilepsia open,2023,https://pubmed.ncbi.nlm.nih.gov/36461649/
36461651_Todaro_2023,gold (carries answers),epilepsy,PMID,36461651,10.1002/epi4.12677,Prevalence of epilepsy in the rural area of the Bolivian Gran Chaco: Usefulness of telemedicine and impact of awareness campaigns,Epilepsia open,2023,https://pubmed.ncbi.nlm.nih.gov/36461651/
36461665_BarkerHaliski_2025,gold (carries answers),epilepsy,PMID,36461665,10.1002/epi4.12676,A companion to the preclinical common data elements for phenotyping seizures and epilepsy in rodent models. A report of the TASK3-WG1C: Phenotyping working group of the ILAE/AES joint translational task force,Epilepsia open,2025,https://pubmed.ncbi.nlm.nih.gov/36461665/
36461712_Lee_2023,gold (carries answers),epilepsy,PMID,36461712,10.1002/epi4.12678,Basal ganglia dysplasia and mTORopathy: A potential cause of postoperative seizures in focal cortical dysplasia,Epilepsia open,2023,https://pubmed.ncbi.nlm.nih.gov/36461712/
36504316_Straka_2023,gold (carries answers),epilepsy,PMID,36504316,10.1002/epi4.12681,"COL4A1 mutation-related disorder presenting as fetal intracranial bleeding, hydrocephalus, and polymicrogyria",Epilepsia open,2023,https://pubmed.ncbi.nlm.nih.gov/36504316/
36504668_Sang_2022,gold (carries answers),epilepsy,PMID,36504668,10.3389/fneur.2022.957465,VEEG monitoring and electrographic seizures in 232 pediatric patients in ICU at a tertiary hospital in China,Frontiers in neurology,2022,https://pubmed.ncbi.nlm.nih.gov/36504668/
36509699_Kanemoto_2023,gold (carries answers),epilepsy,PMID,36509699,10.1002/epi4.12683,Prospective multicenter cohort study of possible psychogenic nonepileptic seizure cases-Results at 1-year follow-up examinations,Epilepsia open,2023,https://pubmed.ncbi.nlm.nih.gov/36509699/
36529529_Calvello_2023,gold (carries answers),epilepsy,PMID,36529529,10.1002/epi4.12687,Sleep architecture in drug-naïve adult patients with epilepsy: Comparison between focal and generalized epilepsy,Epilepsia open,2023,https://pubmed.ncbi.nlm.nih.gov/36529529/
36529709_Farkas_2023,gold (carries answers),epilepsy,PMID,36529709,10.1002/epi4.12682,"Safety and tolerability of short-term infusions of intravenous lacosamide in pediatric patients with epilepsy: An open-label, phase 2/3 trial",Epilepsia open,2023,https://pubmed.ncbi.nlm.nih.gov/36529709/
36530607_Mao_2022,gold (carries answers),epilepsy,PMID,36530607,10.3389/fneur.2022.855842,Frontotemporal phase lag index correlates with seizure severity in patients with temporal lobe epilepsy,Frontiers in neurology,2022,https://pubmed.ncbi.nlm.nih.gov/36530607/
36539824_Haanpää_2022,gold (carries answers),epilepsy,PMID,36539824,10.1186/s12883-022-03028-y,Early clinical features of new-onset refractory status epilepticus (NORSE) in adults,BMC neurology,2022,https://pubmed.ncbi.nlm.nih.gov/36539824/
36570468_Zhang_2022,gold (carries answers),epilepsy,PMID,36570468,10.3389/fneur.2022.1077624,Analysis of forensic autopsy cases associated with epilepsy: Comparison between sudden unexpected death in epilepsy (SUDEP) and not-SUDEP groups,Frontiers in neurology,2022,https://pubmed.ncbi.nlm.nih.gov/36570468/
36593331_Bartoňová_2023,gold (carries answers),epilepsy,PMID,36593331,10.1038/s41598-022-27233-4,White matter alterations in MR-negative temporal and frontal lobe epilepsy using fixel-based analysis,Scientific reports,2023,https://pubmed.ncbi.nlm.nih.gov/36593331/
36596841_Bauer_2023,gold (carries answers),epilepsy,PMID,36596841,10.1038/s41598-022-26590-4,Initial study on quantitative electroencephalographic analysis of bioelectrical activity of the brain of children with fetal alcohol spectrum disorders (FASD) without epilepsy,Scientific reports,2023,https://pubmed.ncbi.nlm.nih.gov/36596841/
36619929_Wu_2022,gold (carries answers),epilepsy,PMID,36619929,10.3389/fneur.2022.1066953,Quality of life of children with residual seizures after epileptic resection surgery,Frontiers in neurology,2022,https://pubmed.ncbi.nlm.nih.gov/36619929/
36625631_Sullivan_2023,gold (carries answers),epilepsy,PMID,36625631,10.1002/epi4.12688,A disease concept model for STXBP1-related disorders,Epilepsia open,2023,https://pubmed.ncbi.nlm.nih.gov/36625631/
36627375_Rouhani_2023,gold (carries answers),epilepsy,PMID,36627375,10.1038/s41598-023-27527-1,Suppression of seizure in childhood absence epilepsy using robust control of deep brain stimulation: a simulation study,Scientific reports,2023,https://pubmed.ncbi.nlm.nih.gov/36627375/
36630574_Pizarro_2023,gold (carries answers),epilepsy,PMID,36630574,10.1002/epi4.12689,How accurately do adult patients report their absence seizures?,Epilepsia open,2023,https://pubmed.ncbi.nlm.nih.gov/36630574/
36648337_Tanno_2023,gold (carries answers),epilepsy,PMID,36648337,10.1002/epi4.12690,Periictal water drinking revisited: Occurrence and lateralizing value in surgically confirmed patients with focal epilepsy,Epilepsia open,2023,https://pubmed.ncbi.nlm.nih.gov/36648337/
36648376_Nightscales_2023,gold (carries answers),epilepsy,PMID,36648376,10.1002/epi4.12693,Risk of sudden unexpected death in epilepsy (SUDEP) with lamotrigine and other sodium channel-modulating antiseizure medications,Epilepsia open,2023,https://pubmed.ncbi.nlm.nih.gov/36648376/
36648377_Walker_2023,gold (carries answers),epilepsy,PMID,36648377,10.1002/epi4.12691,Reactive oxygen species in status epilepticus,Epilepsia open,2023,https://pubmed.ncbi.nlm.nih.gov/36648377/
36650667_Wang_2023,gold (carries answers),epilepsy,PMID,36650667,10.1002/epi4.12680,Safety and efficacy of rapid withdrawal of antiseizure medications during long-term video-electroencephalogram monitoring in children with drug-resistant epilepsy: A retrospective study,Epilepsia open,2023,https://pubmed.ncbi.nlm.nih.gov/36650667/
36658093_Schulte_2023,gold (carries answers),epilepsy,PMID,36658093,10.1002/epi4.12694,"The diagnostic value of ictal SPECT-A retrospective, semiquantitative monocenter study",Epilepsia open,2023,https://pubmed.ncbi.nlm.nih.gov/36658093/
36686522_Shi_2022,gold (carries answers),epilepsy,PMID,36686522,10.3389/fneur.2022.1081388,Long-term outcomes of adult cryptogenic febrile infection-related epilepsy syndrome (FIRES),Frontiers in neurology,2022,https://pubmed.ncbi.nlm.nih.gov/36686522/
36686529_Guo_2022,gold (carries answers),epilepsy,PMID,36686529,10.3389/fneur.2022.1074997,Vagus nerve stimulation for pharmacoresistant epilepsy secondary to encephalomalacia: A single-center retrospective study,Frontiers in neurology,2022,https://pubmed.ncbi.nlm.nih.gov/36686529/
36686542_Kuhnke_2022,gold (carries answers),epilepsy,PMID,36686542,10.3389/fneur.2022.1048629,Epileptic high-frequency oscillations occur in neonates with a high risk for seizures,Frontiers in neurology,2022,https://pubmed.ncbi.nlm.nih.gov/36686542/
36692212_Inoue_2023,gold (carries answers),epilepsy,PMID,36692212,10.1002/epi4.12698,Comparing late-onset epileptic spasm outcomes after corpus callosotomy and subsequent disconnection surgery between post-encephalitis/encephalopathy and non-encephalitis/encephalopathy,Epilepsia open,2023,https://pubmed.ncbi.nlm.nih.gov/36692212/
36693718_Terman_2023,gold (carries answers),epilepsy,PMID,36693718,10.1002/epi4.12695,Frequency of and factors associated with antiseizure medication discontinuation discussions and decisions in patients with epilepsy: A multicenter retrospective chart review,Epilepsia open,2023,https://pubmed.ncbi.nlm.nih.gov/36693718/
36693811_Kühne_2023,gold (carries answers),epilepsy,PMID,36693811,10.1002/epi4.12699,"Real-world data on cannabidiol treatment of various epilepsy subtypes: A retrospective, multicenter study",Epilepsia open,2023,https://pubmed.ncbi.nlm.nih.gov/36693811/
36703628_Horn_2022,gold (carries answers),epilepsy,PMID,36703628,10.3389/fneur.2022.1113811,Case report: KPTN gene-related syndrome associated with a spectrum of neurodevelopmental anomalies including severe epilepsy,Frontiers in neurology,2022,https://pubmed.ncbi.nlm.nih.gov/36703628/
36706124_McDermott_2023,gold (carries answers),epilepsy,PMID,36706124,10.1371/journal.pone.0281040,Cannabis use patterns in drug-resistant and pharmacoresponsive epilepsy: Single tertiary referral center survey investigation,PloS one,2023,https://pubmed.ncbi.nlm.nih.gov/36706124/
36712456_Gagliano_2022,gold (carries answers),epilepsy,PMID,36712456,10.3389/fneur.2022.1089094,Decrease in wearable-based nocturnal sleep efficiency precedes epileptic seizures,Frontiers in neurology,2022,https://pubmed.ncbi.nlm.nih.gov/36712456/
36712458_AstnerRohracher_2022,gold (carries answers),epilepsy,PMID,36712458,10.3389/fneur.2022.1063733,A case report: New-onset refractory status epilepticus in a patient with FASTKD2-related mitochondrial disease,Frontiers in neurology,2022,https://pubmed.ncbi.nlm.nih.gov/36712458/
36718979_Gage_2023,gold (carries answers),epilepsy,PMID,36718979,10.1002/epi4.12701,Sex-based structural and functional MRI outcomes in the rat brain after soman (GD) exposure-induced status epilepticus,Epilepsia open,2023,https://pubmed.ncbi.nlm.nih.gov/36718979/
36719163_Castellotti_2023,gold (carries answers),epilepsy,PMID,36719163,10.1002/epi4.12697,Progressive myoclonus epilepsies due to SEMA6B mutations. New variants and appraisal of published phenotypes,Epilepsia open,2023,https://pubmed.ncbi.nlm.nih.gov/36719163/
36721311_Terman_2023,gold (carries answers),epilepsy,PMID,36721311,10.1002/epi4.12696,Antiseizure medication withdrawal risk estimation and recommendations: A survey of American Academy of Neurology and EpiCARE members,Epilepsia open,2023,https://pubmed.ncbi.nlm.nih.gov/36721311/
36732706_Hosny_2023,gold (carries answers),epilepsy,PMID,36732706,10.1186/s12883-023-03086-w,Seizure control during pregnancy and postpartum period in women with epilepsy: an Egyptian prospective study,BMC neurology,2023,https://pubmed.ncbi.nlm.nih.gov/36732706/
36740228_Maroilley_2023,gold (carries answers),epilepsy,PMID,36740228,10.1002/epi4.12702,A novel FAME1 repeat configuration in a European family identified using a combined genomics approach,Epilepsia open,2023,https://pubmed.ncbi.nlm.nih.gov/36740228/
36740266_Yamamoto_2023,gold (carries answers),epilepsy,PMID,36740266,10.1002/epi4.12705,Synchronous heart rate reduction with suppression-burst pattern in KCNT1-related developmental and epileptic encephalopathies,Epilepsia open,2023,https://pubmed.ncbi.nlm.nih.gov/36740266/
36741285_Gao_2023,gold (carries answers),epilepsy,PMID,36741285,10.3389/fneur.2023.1061860,Identification of hub genes significantly linked to subarachnoid hemorrhage and epilepsy via bioinformatics analysis,Frontiers in neurology,2023,https://pubmed.ncbi.nlm.nih.gov/36741285/
36764666_Meyer_2023,gold (carries answers),epilepsy,PMID,36764666,10.1002/epi4.12707,"Epileptic Status in a PEDiatric cohort (ESPED) requiring intensive care treatment: A multicenter, national, two-year prospective surveillance study",Epilepsia open,2023,https://pubmed.ncbi.nlm.nih.gov/36764666/
36775847_Lee_2023,gold (carries answers),epilepsy,PMID,36775847,10.1002/epi4.12708,PRRT2-positive self-limited infantile epilepsy: Initial seizure characteristics and response to sodium channel blockers,Epilepsia open,2023,https://pubmed.ncbi.nlm.nih.gov/36775847/
36789496_Tani_2023,gold (carries answers),epilepsy,PMID,36789496,10.1002/epi4.12709,"""The understanding and attitude toward epilepsy in the Souss-Massa region of Morocco""",Epilepsia open,2023,https://pubmed.ncbi.nlm.nih.gov/36789496/
36790214_Harini_2023,gold (carries answers),epilepsy,PMID,36790214,10.1002/epi4.12711,Hospital readmissions in children with new-onset infantile epileptic spasms syndrome,Epilepsia open,2023,https://pubmed.ncbi.nlm.nih.gov/36790214/
36808532_Guo_2023,gold (carries answers),epilepsy,PMID,36808532,10.1002/epi4.12712,Integrating metabolomics and lipidomics revealed a decrease in plasma fatty acids but an increase in triglycerides in children with drug-refractory epilepsy,Epilepsia open,2023,https://pubmed.ncbi.nlm.nih.gov/36808532/
36808903_Dong_2023,gold (carries answers),epilepsy,PMID,36808903,10.1002/epi4.12710,"Relationship between right-to-left shunt, hypoxia, and epilepsy",Epilepsia open,2023,https://pubmed.ncbi.nlm.nih.gov/36808903/
36811143_Anderson_2023,gold (carries answers),epilepsy,PMID,36811143,10.1002/epi4.12715,Ictal vocalizations in the Scn1a(+/-) mouse model of Dravet syndrome,Epilepsia open,2023,https://pubmed.ncbi.nlm.nih.gov/36811143/
36816567_Peng_2023,gold (carries answers),epilepsy,PMID,36816567,10.3389/fneur.2023.1062149,Cerebellar functional disruption and compensation in mesial temporal lobe epilepsy,Frontiers in neurology,2023,https://pubmed.ncbi.nlm.nih.gov/36816567/
36823232_Kostic_2023,gold (carries answers),epilepsy,PMID,36823232,10.1038/s41598-023-29868-3,Hippocampal expression of the cannabinoid receptor type 1 in canine epilepsy,Scientific reports,2023,https://pubmed.ncbi.nlm.nih.gov/36823232/
36825897_AsadiPooya_2023,gold (carries answers),epilepsy,PMID,36825897,10.1002/epi4.12716,Potential role of FKBP5 single-nucleotide polymorphisms in functional seizures,Epilepsia open,2023,https://pubmed.ncbi.nlm.nih.gov/36825897/
36840436_Riva_2023,gold (carries answers),epilepsy,PMID,36840436,10.1002/epi4.12717,A real-life pilot study of the clinical application of pharmacogenomics testing on saliva in epilepsy,Epilepsia open,2023,https://pubmed.ncbi.nlm.nih.gov/36840436/
36860570_Benaiteau_2023,gold (carries answers),epilepsy,PMID,36860570,10.3389/fneur.2023.1101370,Specific profiles of new-onset vs. non-inaugural status epilepticus: From diagnosis to 1-year outcome,Frontiers in neurology,2023,https://pubmed.ncbi.nlm.nih.gov/36860570/
36867630_Terman_2023,gold (carries answers),epilepsy,PMID,36867630,10.1371/journal.pone.0282658,Best-worst scaling preferences among patients with well-controlled epilepsy: Pilot results,PloS one,2023,https://pubmed.ncbi.nlm.nih.gov/36867630/
36873450_Yan_2023,gold (carries answers),epilepsy,PMID,36873450,10.3389/fneur.2023.1126652,Sudden unexpected death in epilepsy: Investigation of autopsy-based studies,Frontiers in neurology,2023,https://pubmed.ncbi.nlm.nih.gov/36873450/
36891471_Bratu_2023,gold (carries answers),epilepsy,PMID,36891471,10.3389/fneur.2023.1072075,Musicogenic seizures in temporal lobe epilepsy: Case reports based on ictal source localization analysis,Frontiers in neurology,2023,https://pubmed.ncbi.nlm.nih.gov/36891471/
36896626_Coles_2025,gold (carries answers),epilepsy,PMID,36896626,10.1002/epi4.12721,"Preclinical common data elements for general pharmacological studies (pharmacokinetic sample collection, tolerability, and drug administration). A report of the TASK3-WG1A General Pharmacology Working Group of the ILAE/AES Joint Translational Task Force",Epilepsia open,2025,https://pubmed.ncbi.nlm.nih.gov/36896626/
36896643_von_2023,gold (carries answers),epilepsy,PMID,36896643,10.1002/epi4.12719,The phenotypic and genotypic spectrum of epilepsy and intellectual disability in adults: Implications for genetic testing,Epilepsia open,2023,https://pubmed.ncbi.nlm.nih.gov/36896643/
36896648_Makasi_2023,gold (carries answers),epilepsy,PMID,36896648,10.1002/epi4.12720,Knowledge and misconceptions about epilepsy among people with epilepsy and their caregivers attending mental health clinics: A qualitative study in Taenia solium endemic pig-keeping communities in Tanzania,Epilepsia open,2023,https://pubmed.ncbi.nlm.nih.gov/36896648/
36908602_Liu_2023,gold (carries answers),epilepsy,PMID,36908602,10.3389/fneur.2023.1097535,Pediatric epilepsy surgery in patients with Lennox-Gastaut syndrome after viral encephalitis,Frontiers in neurology,2023,https://pubmed.ncbi.nlm.nih.gov/36908602/
36914775_Kim_2023,gold (carries answers),epilepsy,PMID,36914775,10.1038/s41598-023-31383-4,Transcranial focused ultrasound-mediated unbinding of phenytoin from plasma proteins for suppression of chronic temporal lobe epilepsy in a rodent model,Scientific reports,2023,https://pubmed.ncbi.nlm.nih.gov/36914775/
36919379_Bruun_2023,gold (carries answers),epilepsy,PMID,36919379,10.1002/epi4.12723,Tolerability and pharmacokinetics of intravenous allopregnanolone with and without midazolam pretreatment in two healthy dogs,Epilepsia open,2023,https://pubmed.ncbi.nlm.nih.gov/36919379/
36929725_Engel_2023,gold (carries answers),epilepsy,PMID,36929725,10.1002/epi4.12724,"Introduction to the special issue on status epilepticus: neuronal injury, plasticity, and therapies; Celebrating the legacy of Dr. Claude G. Wasterlain",Epilepsia open,2023,https://pubmed.ncbi.nlm.nih.gov/36929725/
36929735_Sankar_2023,gold (carries answers),epilepsy,PMID,36929735,10.1002/epi4.12725,"Treatment of status epilepticus: Physiology, pharmacology, and future directions",Epilepsia open,2023,https://pubmed.ncbi.nlm.nih.gov/36929735/
36929747_Hohmann_2023,gold (carries answers),epilepsy,PMID,36929747,10.1002/epi4.12726,Subjective cognition is linked to everyday functioning in epilepsy,Epilepsia open,2023,https://pubmed.ncbi.nlm.nih.gov/36929747/
36929812_Malekpour_2023,gold (carries answers),epilepsy,PMID,36929812,10.1002/epi4.12727,The genetic link between systemic autoimmune disorders and temporal lobe epilepsy: A bioinformatics study,Epilepsia open,2023,https://pubmed.ncbi.nlm.nih.gov/36929812/
36929857_Hirsch_2023,gold (carries answers),epilepsy,PMID,36929857,10.1002/epi4.12728,Termination of seizures by ictal transcranial focal cortex stimulation,Epilepsia open,2023,https://pubmed.ncbi.nlm.nih.gov/36929857/
36929895_Giugno_2023,gold (carries answers),epilepsy,PMID,36929895,10.1002/epi4.12731,Neuropsychiatric profile in average intelligent individuals with coexisting epilepsy and psychogenic non-epileptic seizures,Epilepsia open,2023,https://pubmed.ncbi.nlm.nih.gov/36929895/
36938790_Heide_2023,gold (carries answers),epilepsy,PMID,36938790,10.1002/epi4.12732,Feasibility of high-density electric source imaging in the presurgical workflow: Effect of number of spikes and automated spike detection,Epilepsia open,2023,https://pubmed.ncbi.nlm.nih.gov/36938790/
36938796_Balestrini_2023,gold (carries answers),epilepsy,PMID,36938796,10.1002/epi4.12730,A registry for Dravet syndrome: The Italian experience,Epilepsia open,2023,https://pubmed.ncbi.nlm.nih.gov/36938796/
36939640_Suchomelova_2023,gold (carries answers),epilepsy,PMID,36939640,10.1002/epi4.12734,Interictal aggression in rats with chronic seizures after an early life episode of status epilepticus,Epilepsia open,2023,https://pubmed.ncbi.nlm.nih.gov/36939640/
36941269_vonRüden_2023,gold (carries answers),epilepsy,PMID,36941269,10.1038/s41598-023-31017-9,An exploratory approach to identify microRNAs as circulatory biomarker candidates for epilepsy-associated psychiatric comorbidities in an electrical post-status epilepticus model,Scientific reports,2023,https://pubmed.ncbi.nlm.nih.gov/36941269/
36944585_Arnold_2023,gold (carries answers),epilepsy,PMID,36944585,10.1002/epi4.12733,Remote effects of temporal lobe epilepsy surgery: Long-term morphological changes after surgical resection,Epilepsia open,2023,https://pubmed.ncbi.nlm.nih.gov/36944585/
36944588_Koepp_2023,gold (carries answers),epilepsy,PMID,36944588,10.1002/epi4.12735,Antiepileptogenesis after stroke-trials and tribulations: Methodological challenges and recruitment results of a Phase II study with eslicarbazepine acetate,Epilepsia open,2023,https://pubmed.ncbi.nlm.nih.gov/36944588/
36944674_Hillebrand_2023,gold (carries answers),epilepsy,PMID,36944674,10.1038/s41598-023-31111-y,Non-invasive measurements of ictal and interictal epileptiform activity using optically pumped magnetometers,Scientific reports,2023,https://pubmed.ncbi.nlm.nih.gov/36944674/
36949857_Zhang_2023,gold (carries answers),epilepsy,PMID,36949857,10.3389/fneur.2023.1123429,Prognostic analysis in children with focal cortical dysplasia II undergoing epilepsy surgery: Clinical and radiological factors,Frontiers in neurology,2023,https://pubmed.ncbi.nlm.nih.gov/36949857/
36970506_Shrestha_2023,gold (carries answers),epilepsy,PMID,36970506,10.3389/fneur.2023.1100551,Long-term neuropsychological outcomes in children with febrile infection-related epilepsy syndrome (FIRES) treated with anakinra,Frontiers in neurology,2023,https://pubmed.ncbi.nlm.nih.gov/36970506/
36970527_Liang_2023,gold (carries answers),epilepsy,PMID,36970527,10.3389/fneur.2023.1130439,Causal relationship between human blood omega-3 fatty acids and the risk of epilepsy: A two-sample Mendelian randomization study,Frontiers in neurology,2023,https://pubmed.ncbi.nlm.nih.gov/36970527/
36970544_FaviBocca_2023,gold (carries answers),epilepsy,PMID,36970544,10.3389/fneur.2023.1126327,Case report: Successful anterior temporal lobectomy in drug-resistant temporal lobe epilepsy associated with Sotos syndrome,Frontiers in neurology,2023,https://pubmed.ncbi.nlm.nih.gov/36970544/
36970547_OlacireguiDague_2023,gold (carries answers),epilepsy,PMID,36970547,10.3389/fneur.2023.1106511,"DBS of the ANT for refractory epilepsy: A single center experience of seizure reduction, side effects and neuropsychological outcomes",Frontiers in neurology,2023,https://pubmed.ncbi.nlm.nih.gov/36970547/
36994378_LasekBal_2023,gold (carries answers),epilepsy,PMID,36994378,10.3389/fneur.2023.1096876,Epileptiform activity in the acute phase of stroke predicts the outcomes in patients without seizures,Frontiers in neurology,2023,https://pubmed.ncbi.nlm.nih.gov/36994378/
36997619_Chen_2023,gold (carries answers),epilepsy,PMID,36997619,10.1038/s41598-023-32351-8,Medial prefrontal cortex oxytocin mitigates epilepsy and cognitive impairments induced by traumatic brain injury through reducing neuroinflammation in mice,Scientific reports,2023,https://pubmed.ncbi.nlm.nih.gov/36997619/
36997658_Elabasy_2023,gold (carries answers),epilepsy,PMID,36997658,10.1038/s41598-023-32271-7,Respiratory brain impulse propagation in focal epilepsy,Scientific reports,2023,https://pubmed.ncbi.nlm.nih.gov/36997658/
37003960_Hoppe_2023,gold (carries answers),epilepsy,PMID,37003960,10.1002/epi4.12736,How are they doing as adults? Psychosocial and socioeconomic outcomes 11-30 years after pediatric epilepsy surgery,Epilepsia open,2023,https://pubmed.ncbi.nlm.nih.gov/37003960/
37010264_Hersi_2023,gold (carries answers),epilepsy,PMID,37010264,10.1002/epi4.12737,Prescribed antiseizure medication doses and their relation to defined daily doses for achieving seizure freedom in newly diagnosed patients with epilepsy,Epilepsia open,2023,https://pubmed.ncbi.nlm.nih.gov/37010264/
37024553_AlemánRuiz_2023,gold (carries answers),epilepsy,PMID,37024553,10.1038/s41598-023-32752-9,Pharmacological inhibition of the inflammatory receptor CCR2 relieves the early deleterious consequences of status epilepticus,Scientific reports,2023,https://pubmed.ncbi.nlm.nih.gov/37024553/
37026764_Saletti_2023,gold (carries answers),epilepsy,PMID,37026764,10.1002/epi4.12738,Early preclinical plasma protein biomarkers of brain trauma are influenced by early seizures and levetiracetam,Epilepsia open,2023,https://pubmed.ncbi.nlm.nih.gov/37026764/
37029735_Khorram_2023,gold (carries answers),epilepsy,PMID,37029735,10.1002/epi4.12739,"Developmental and epileptic encephalopathy 89: A novel bi-allelic variant, molecular dynamics simulation, and a comprehensive clinical and molecular profile",Epilepsia open,2023,https://pubmed.ncbi.nlm.nih.gov/37029735/
37034097_Cerovic_2023,gold (carries answers),epilepsy,PMID,37034097,10.3389/fneur.2023.1129138,An in vitro model of drug-resistant seizures for selecting clinically effective antiseizure medications in Febrile Infection-Related Epilepsy Syndrome,Frontiers in neurology,2023,https://pubmed.ncbi.nlm.nih.gov/37034097/
37042946_Fetta_2023,gold (carries answers),epilepsy,PMID,37042946,10.1002/epi4.12740,Cannabidiol in the acute phase of febrile infection-related epilepsy syndrome (FIRES),Epilepsia open,2023,https://pubmed.ncbi.nlm.nih.gov/37042946/
37043173_Xu_2023,gold (carries answers),epilepsy,PMID,37043173,10.1002/epi4.12743,SEEG-based reevaluation of epileptogenic networks and the predictive role for reoperation in MTLE patients with surgical failure,Epilepsia open,2023,https://pubmed.ncbi.nlm.nih.gov/37043173/
37052232_Aroor_2023,gold (carries answers),epilepsy,PMID,37052232,10.1002/epi4.12744,Assessment of tau phosphorylation and β-amyloid pathology in human drug-resistant epilepsy,Epilepsia open,2023,https://pubmed.ncbi.nlm.nih.gov/37052232/
37052238_Fukushima_2023,gold (carries answers),epilepsy,PMID,37052238,10.1002/epi4.12741,"Discovery of E2730, a novel selective uncompetitive GAT1 inhibitor, as a candidate for anti-seizure medication",Epilepsia open,2023,https://pubmed.ncbi.nlm.nih.gov/37052238/
37057954_Pedersen_2023,gold (carries answers),epilepsy,PMID,37057954,10.1002/epi4.12746,Decreased serum concentrations of antiseizure medications in children with drug resistant epilepsy following treatment with ketogenic diet,Epilepsia open,2023,https://pubmed.ncbi.nlm.nih.gov/37057954/
37064177_Liguori_2023,gold (carries answers),epilepsy,PMID,37064177,10.3389/fneur.2023.1120150,Perampanel outcomes at different stages of treatment in people with focal and generalized epilepsy treated in clinical practice: Evidence from the PERMIT study,Frontiers in neurology,2023,https://pubmed.ncbi.nlm.nih.gov/37064177/
37077567_deCampo_2023,gold (carries answers),epilepsy,PMID,37077567,10.3389/fneur.2023.1161161,Investigating the genetic contribution in febrile infection-related epilepsy syndrome and refractory status epilepticus,Frontiers in neurology,2023,https://pubmed.ncbi.nlm.nih.gov/37077567/
37078238_AsadiPooya_2023,gold (carries answers),epilepsy,PMID,37078238,10.1002/epi4.12749,FKBP5 blockade may provide a new horizon for the treatment of stress-associated disorders: An in-silico study,Epilepsia open,2023,https://pubmed.ncbi.nlm.nih.gov/37078238/
37078803_Ismail_2023,gold (carries answers),epilepsy,PMID,37078803,10.1002/epi4.12750,The potential role of astroglial GABA(A) receptors in autoimmune encephalitis associated with GABA(A) receptor antibodies and seizures,Epilepsia open,2023,https://pubmed.ncbi.nlm.nih.gov/37078803/
37085688_Khatibi_2023,gold (carries answers),epilepsy,PMID,37085688,10.1038/s41598-023-33710-1,Glycolysis inhibition partially resets epilepsy-induced alterations in the dorsal hippocampus-basolateral amygdala circuit involved in anxiety-like behavior,Scientific reports,2023,https://pubmed.ncbi.nlm.nih.gov/37085688/
37099548_Wang_2023,gold (carries answers),epilepsy,PMID,37099548,10.1371/journal.pone.0284924,The clinical features of familial focal epilepsy with variable foci and NPRL3 gene variant,PloS one,2023,https://pubmed.ncbi.nlm.nih.gov/37099548/
37122296_GrahamRowe_2023,gold (carries answers),epilepsy,PMID,37122296,10.3389/fneur.2023.1130817,Unmet needs of people with epilepsy: A qualitative study exploring their journey from presentation to long-term management across five European countries,Frontiers in neurology,2023,https://pubmed.ncbi.nlm.nih.gov/37122296/
37122314_Nabbout_2023,gold (carries answers),epilepsy,PMID,37122314,10.3389/fneur.2023.1134827,Ketogenic diet for super-refractory status epilepticus (SRSE) with NORSE and FIRES: Single tertiary center experience and literature data,Frontiers in neurology,2023,https://pubmed.ncbi.nlm.nih.gov/37122314/
37139062_Zhu_2023,gold (carries answers),epilepsy,PMID,37139062,10.3389/fneur.2023.1077702,Intracranial electrophysiological recordings on a swine model of mesial temporal lobe epilepsy,Frontiers in neurology,2023,https://pubmed.ncbi.nlm.nih.gov/37139062/
37144544_Liu_2023,gold (carries answers),epilepsy,PMID,37144544,10.1002/epi4.12755,Clinical characteristics and surgical outcomes in children with mild malformation of cortical development and oligodendroglial hyperplasia in epilepsy,Epilepsia open,2023,https://pubmed.ncbi.nlm.nih.gov/37144544/
37149851_Gorbachuk_2023,gold (carries answers),epilepsy,PMID,37149851,10.1002/epi4.12756,Robot-assisted stereoencephalography vs subdural electrodes in the evaluation of temporal lobe epilepsy,Epilepsia open,2023,https://pubmed.ncbi.nlm.nih.gov/37149851/
37149853_Villanueva_2023,gold (carries answers),epilepsy,PMID,37149853,10.1002/epi4.12757,Real-world safety and effectiveness of cenobamate in patients with focal onset seizures: Outcomes from an Expanded Access Program,Epilepsia open,2023,https://pubmed.ncbi.nlm.nih.gov/37149853/
37158995_Luo_2023,gold (carries answers),epilepsy,PMID,37158995,10.1002/epi4.12758,The causal effect of serum 25-hydroxyvitamin D levels on epilepsy: A two-sample Mendelian randomization study,Epilepsia open,2023,https://pubmed.ncbi.nlm.nih.gov/37158995/
37162422_Mir_2023,gold (carries answers),epilepsy,PMID,37162422,10.1002/epi4.12761,Outcomes of resective surgery in pediatric patients with drug-resistant epilepsy: A single-center study from the Eastern Mediterranean Region,Epilepsia open,2023,https://pubmed.ncbi.nlm.nih.gov/37162422/
37170682_Miron_2023,gold (carries answers),epilepsy,PMID,37170682,10.1002/epi4.12754,Integration of interictal EEG source localization in presurgical epilepsy evaluation - A single-center prospective study,Epilepsia open,2023,https://pubmed.ncbi.nlm.nih.gov/37170682/
37181554_Yang_2023,gold (carries answers),epilepsy,PMID,37181554,10.3389/fneur.2023.1107538,The rearrangement of actin cytoskeleton in mossy fiber synapses in a model of experimental febrile seizures,Frontiers in neurology,2023,https://pubmed.ncbi.nlm.nih.gov/37181554/
37181559_Li_2023,gold (carries answers),epilepsy,PMID,37181559,10.3389/fneur.2023.1146349,Analysis of the efficacy and safety of inpatient and outpatient initiation of KD for the treatment of pediatric refractory epilepsy using generalized estimating equations,Frontiers in neurology,2023,https://pubmed.ncbi.nlm.nih.gov/37181559/
37181578_Zhao_2023,gold (carries answers),epilepsy,PMID,37181578,10.3389/fneur.2023.1122827,Risk factors of recurrence after drug withdrawal in children with epilepsy,Frontiers in neurology,2023,https://pubmed.ncbi.nlm.nih.gov/37181578/
37228408_Wu_2023,gold (carries answers),epilepsy,PMID,37228408,10.3389/fneur.2023.1190878,Seizure after chronic subdural hematoma evacuation: associated factors and effect on clinical outcome,Frontiers in neurology,2023,https://pubmed.ncbi.nlm.nih.gov/37228408/
37228410_Gu_2023,gold (carries answers),epilepsy,PMID,37228410,10.3389/fneur.2023.1135044,Clinical and genetic analysis of benign familial infantile epilepsy caused by PRRT2 gene variant,Frontiers in neurology,2023,https://pubmed.ncbi.nlm.nih.gov/37228410/
37251216_Yan_2023,gold (carries answers),epilepsy,PMID,37251216,10.3389/fneur.2023.1169105,Deep brain stimulation for patients with refractory epilepsy: nuclei selection and surgical outcome,Frontiers in neurology,2023,https://pubmed.ncbi.nlm.nih.gov/37251216/
37254471_Kuramochi_2023,gold (carries answers),epilepsy,PMID,37254471,10.1002/epi4.12765,Assessment of self-stigma in epilepsy: Validation of the German version Epilepsy Self-Stigma Scale (ESSS-G),Epilepsia open,2023,https://pubmed.ncbi.nlm.nih.gov/37254471/
37254660_Owen_2023,gold (carries answers),epilepsy,PMID,37254660,10.1002/epi4.12767,Identifying epileptogenic abnormalities through spatial clustering of MEG interictal band power,Epilepsia open,2023,https://pubmed.ncbi.nlm.nih.gov/37254660/
37259710_Huang_2023,gold (carries answers),epilepsy,PMID,37259710,10.1002/epi4.12768,Differences in the topographical distribution of sleep spindles among adult epilepsy with cognitive impairment,Epilepsia open,2023,https://pubmed.ncbi.nlm.nih.gov/37259710/
37259787_Všianský_2023,gold (carries answers),epilepsy,PMID,37259787,10.1002/epi4.12769,Twenty-five years of epilepsy surgery at a Central European comprehensive epilepsy center-Trends in intervention delay and outcomes,Epilepsia open,2023,https://pubmed.ncbi.nlm.nih.gov/37259787/
37265468_Samia_2023,gold (carries answers),epilepsy,PMID,37265468,10.3389/fneur.2023.1196261,The ethical and validity conundrum in epilepsy research in LMIC settings,Frontiers in neurology,2023,https://pubmed.ncbi.nlm.nih.gov/37265468/
37277986_Zhang_2023,gold (carries answers),epilepsy,PMID,37277986,10.1002/epi4.12771,Parvalbumin neurons in the anterior nucleus of thalamus control absence seizures,Epilepsia open,2023,https://pubmed.ncbi.nlm.nih.gov/37277986/
37277988_Sivathamboo_2023,gold (carries answers),epilepsy,PMID,37277988,10.1002/epi4.12772,Sleep and respiratory abnormalities in adults with developmental and epileptic encephalopathies using polysomnography and video-EEG monitoring,Epilepsia open,2023,https://pubmed.ncbi.nlm.nih.gov/37277988/
37288067_Aanestad_2023,gold (carries answers),epilepsy,PMID,37288067,10.3389/fneur.2023.1165592,Spike count and morphology in the classification of epileptiform discharges,Frontiers in neurology,2023,https://pubmed.ncbi.nlm.nih.gov/37288067/
37310988_Doerr_2023,gold (carries answers),epilepsy,PMID,37310988,10.1002/epi4.12774,Effect of transcutaneous vagus nerve stimulation on stress-reactive neuroendocrine measures in a sample of persons with temporal lobe epilepsy,Epilepsia open,2023,https://pubmed.ncbi.nlm.nih.gov/37310988/
37328275_Khalil_2023,gold (carries answers),epilepsy,PMID,37328275,10.1002/epi4.12773,Drugs acting at TRPM7 channels inhibit seizure-like activity,Epilepsia open,2023,https://pubmed.ncbi.nlm.nih.gov/37328275/
37329211_Xia_2023,gold (carries answers),epilepsy,PMID,37329211,10.1002/epi4.12775,Differentiation of epilepsy and psychogenic nonepileptic events based on body fluid characteristics,Epilepsia open,2023,https://pubmed.ncbi.nlm.nih.gov/37329211/
37335272_Babunovska_2023,gold (carries answers),epilepsy,PMID,37335272,10.1002/epi4.12776,Fractures in people with epilepsy: A nationwide population-based cohort study,Epilepsia open,2023,https://pubmed.ncbi.nlm.nih.gov/37335272/
37345572_Brožová_2023,gold (carries answers),epilepsy,PMID,37345572,10.1002/epi4.12778,Dynamics of glucose concentration during the initiation of ketogenic diet treatment in children with refractory epilepsy: Results of continuous glucose monitoring,Epilepsia open,2023,https://pubmed.ncbi.nlm.nih.gov/37345572/
37360341_Seiffert_2023,gold (carries answers),epilepsy,PMID,37360341,10.3389/fneur.2023.1212079,KCNC2 variants of uncertain significance are also associated to various forms of epilepsy,Frontiers in neurology,2023,https://pubmed.ncbi.nlm.nih.gov/37360341/
37365508_Li_2023,gold (carries answers),epilepsy,PMID,37365508,10.1186/s12883-023-03304-5,Epilepsy as the symptom of a spinocerebellar ataxia 13 in a patient presenting with a mutation in the KCNC3 gene,BMC neurology,2023,https://pubmed.ncbi.nlm.nih.gov/37365508/
37377857_Kang_2023,gold (carries answers),epilepsy,PMID,37377857,10.3389/fneur.2023.1083792,Big Five personality predict epilepsy diagnosis in 7  years,Frontiers in neurology,2023,https://pubmed.ncbi.nlm.nih.gov/37377857/
37381720_Puteikis_2023,gold (carries answers),epilepsy,PMID,37381720,10.1002/epi4.12779,Longer-term verbal and visual memory patterns in patients with temporal lobe and genetic generalized epilepsies,Epilepsia open,2023,https://pubmed.ncbi.nlm.nih.gov/37381720/
37394869_Pei_2023,gold (carries answers),epilepsy,PMID,37394869,10.1002/epi4.12781,Functional and structural networks decoupling in generalized tonic-clonic seizures and its reorganization by drugs,Epilepsia open,2023,https://pubmed.ncbi.nlm.nih.gov/37394869/
37394877_Shi_2023,gold (carries answers),epilepsy,PMID,37394877,10.1002/epi4.12782,Clinical characteristics and follow-up of children with norovirus-associated benign convulsions with mild gastroenteritis,Epilepsia open,2023,https://pubmed.ncbi.nlm.nih.gov/37394877/
37394997_De_2023,gold (carries answers),epilepsy,PMID,37394997,10.1002/epi4.12784,Postsurgical outcomes in a cohort of patients with hippocampal sclerosis: Initial experience in a referral epilepsy center in Peru,Epilepsia open,2023,https://pubmed.ncbi.nlm.nih.gov/37394997/
37396772_Zhong_2023,gold (carries answers),epilepsy,PMID,37396772,10.3389/fneur.2023.1153563,Excessively increased thalamocortical connectivity and poor initial antiseizure medication response in epilepsy patients,Frontiers in neurology,2023,https://pubmed.ncbi.nlm.nih.gov/37396772/
37407622_Le_2023,gold (carries answers),epilepsy,PMID,37407622,10.1038/s41598-023-38049-1,Tumor-related epilepsy and post-surgical outcomes: tertiary hospital experience in Vietnam,Scientific reports,2023,https://pubmed.ncbi.nlm.nih.gov/37407622/
37422851_Tang_2023,gold (carries answers),epilepsy,PMID,37422851,10.1002/epi4.12787,Association of patent foramen ovale with epilepsy: A hospital-based case-control study,Epilepsia open,2023,https://pubmed.ncbi.nlm.nih.gov/37422851/
37423646_Hill_2023,gold (carries answers),epilepsy,PMID,37423646,10.1002/epi4.12789,Predictors of referral for long-term EEG monitoring for Medicare beneficiaries with drug-resistant epilepsy,Epilepsia open,2023,https://pubmed.ncbi.nlm.nih.gov/37423646/
37433861_Kim_2023,gold (carries answers),epilepsy,PMID,37433861,10.1038/s41598-023-38255-x,Risk of epilepsy in gonadal teratoma: a nationwide population-based study,Scientific reports,2023,https://pubmed.ncbi.nlm.nih.gov/37433861/
37437189_Cockle_2023,gold (carries answers),epilepsy,PMID,37437189,10.1002/epi4.12790,An international survey of SEEG cortical stimulation practices,Epilepsia open,2023,https://pubmed.ncbi.nlm.nih.gov/37437189/
37438936_Houta_2023,gold (carries answers),epilepsy,PMID,37438936,10.1002/epi4.12788,Digital health applications in the self-management of epilepsy-A survey on patients' perspective,Epilepsia open,2023,https://pubmed.ncbi.nlm.nih.gov/37438936/
37454057_Lee_2023,gold (carries answers),epilepsy,PMID,37454057,10.1186/s12883-023-03326-z,Structural brain network analysis in occipital lobe epilepsy,BMC neurology,2023,https://pubmed.ncbi.nlm.nih.gov/37454057/
37458529_Makridis_2023,gold (carries answers),epilepsy,PMID,37458529,10.1002/epi4.12791,"Epilepsy surgery in early infancy: A retrospective, multicenter study",Epilepsia open,2023,https://pubmed.ncbi.nlm.nih.gov/37458529/
37464953_Prener_2023,gold (carries answers),epilepsy,PMID,37464953,10.1002/epi4.12786,Ictal and interictal SPECT with (99m) Tc-HMPAO in presurgical epilepsy. I: Predictive value and methodological considerations,Epilepsia open,2023,https://pubmed.ncbi.nlm.nih.gov/37464953/
37469205_Hailemariam_2023,gold (carries answers),epilepsy,PMID,37469205,10.1002/epi4.12792,"Availability, price, and affordability of antiseizure medicines in Addis Ababa, Ethiopia",Epilepsia open,2023,https://pubmed.ncbi.nlm.nih.gov/37469205/
37469213_Zanao_2023,gold (carries answers),epilepsy,PMID,37469213,10.1002/epi4.12793,Exploring the impact of hippocampal sclerosis on white matter tracts and memory in individuals with mesial temporal lobe epilepsy,Epilepsia open,2023,https://pubmed.ncbi.nlm.nih.gov/37469213/
37470000_Wang_2023,gold (carries answers),epilepsy,PMID,37470000,10.3389/fneur.2023.1206290,Assessment of the relationship between generalized convulsive epilepsy and systemic inflammatory regulators: a bidirectional Mendelian randomization study,Frontiers in neurology,2023,https://pubmed.ncbi.nlm.nih.gov/37470000/
37470002_Ebadi_2023,gold (carries answers),epilepsy,PMID,37470002,10.3389/fneur.2023.1143783,The effect of cannabidiol on seizure features and quality of life in drug-resistant frontal lobe epilepsy patients: a triple-blind controlled trial,Frontiers in neurology,2023,https://pubmed.ncbi.nlm.nih.gov/37470002/
37475738_Schulz_2023,gold (carries answers),epilepsy,PMID,37475738,10.3389/fneur.2023.1211812,High frequency of cerebrospinal fluid autoantibodies in patients with seizures or epilepsies of unknown etiology,Frontiers in neurology,2023,https://pubmed.ncbi.nlm.nih.gov/37475738/
37483062_Chen_2023,gold (carries answers),epilepsy,PMID,37483062,10.1002/epi4.12794,Vaccination against COVID-19 and potential protective effects on seizure recurrence in children with epilepsy: A cross-sectional survey,Epilepsia open,2023,https://pubmed.ncbi.nlm.nih.gov/37483062/
37483435_Zhang_2023,gold (carries answers),epilepsy,PMID,37483435,10.3389/fneur.2023.1175007,Identification of key potassium channel genes of temporal lobe epilepsy by bioinformatics analyses and experimental verification,Frontiers in neurology,2023,https://pubmed.ncbi.nlm.nih.gov/37483435/
37485779_Desnous_2024,gold (carries answers),epilepsy,PMID,37485779,10.1002/epi4.12796,Efficacy and tolerance of cannabidiol in the treatment of epilepsy in patients with Rett syndrome,Epilepsia open,2024,https://pubmed.ncbi.nlm.nih.gov/37485779/
37491869_Chi_2023,gold (carries answers),epilepsy,PMID,37491869,10.1002/epi4.12797,Susceptibility to preoperative seizures in glioma patients with elevated homocysteine levels,Epilepsia open,2023,https://pubmed.ncbi.nlm.nih.gov/37491869/
37497016_Liu_2023,gold (carries answers),epilepsy,PMID,37497016,10.3389/fneur.2023.1196078,Safety and efficacy of rapid withdrawal of anti-seizure medication during long-term video-EEG monitoring,Frontiers in neurology,2023,https://pubmed.ncbi.nlm.nih.gov/37497016/
37501353_Buijsse_2023,gold (carries answers),epilepsy,PMID,37501353,10.1002/epi4.12799,Epilepsy is an important feature of KBG syndrome associated with poorer developmental outcome,Epilepsia open,2023,https://pubmed.ncbi.nlm.nih.gov/37501353/
37521285_Leitner_2023,gold (carries answers),epilepsy,PMID,37521285,10.3389/fneur.2023.1221775,Localized proteomic differences in the choroid plexus of Alzheimer's disease and epilepsy patients,Frontiers in neurology,2023,https://pubmed.ncbi.nlm.nih.gov/37521285/
37521298_Arai_2023,gold (carries answers),epilepsy,PMID,37521298,10.3389/fneur.2023.1195252,Prediction model for long-term seizure and developmental outcomes among children with infantile epileptic spasms syndrome,Frontiers in neurology,2023,https://pubmed.ncbi.nlm.nih.gov/37521298/
37524730_Köle_2023,gold (carries answers),epilepsy,PMID,37524730,10.1038/s41598-023-39338-5,Calgary score and modified calgary score in the differential diagnosis between syncope and genetic generalized epilepsy in children,Scientific reports,2023,https://pubmed.ncbi.nlm.nih.gov/37524730/
37528853_Friedo_2023,gold (carries answers),epilepsy,PMID,37528853,10.3389/fneur.2023.1209487,Cenobamate significantly improves seizure control in intellectually disabled patients with drug-resistant epilepsy and allows drug load reduction,Frontiers in neurology,2023,https://pubmed.ncbi.nlm.nih.gov/37528853/
37547978_Hanaya_2023,gold (carries answers),epilepsy,PMID,37547978,10.1002/epi4.12804,Intravenous perampanel as an alternative to the oral formulations in Japanese patients with epilepsy,Epilepsia open,2023,https://pubmed.ncbi.nlm.nih.gov/37547978/
37553387_Skorucak_2023,gold (carries answers),epilepsy,PMID,37553387,10.1038/s41598-023-39984-9,Automated analysis of a large-scale paediatric dataset illustrates the interdependent relationship between epilepsy and sleep,Scientific reports,2023,https://pubmed.ncbi.nlm.nih.gov/37553387/
37565252_AsadiPooya_2023,gold (carries answers),epilepsy,PMID,37565252,10.1002/epi4.12800,Epilepsy classification using artificial intelligence: A web-based application,Epilepsia open,2023,https://pubmed.ncbi.nlm.nih.gov/37565252/
37565315_Umlauf_2023,gold (carries answers),epilepsy,PMID,37565315,10.1002/epi4.12807,Valproate associated brain volume-loss in pediatric epilepsy-A case series,Epilepsia open,2023,https://pubmed.ncbi.nlm.nih.gov/37565315/
37567865_Zelano_2023,gold (carries answers),epilepsy,PMID,37567865,10.1002/epi4.12801,Report of the ILAE SUDEP Task Force on national recommendations and practices around the world regarding the use of wearable seizure detection devices: A global survey,Epilepsia open,2023,https://pubmed.ncbi.nlm.nih.gov/37567865/
37567882_Jia_2023,gold (carries answers),epilepsy,PMID,37567882,10.1038/s41598-023-39485-9,A preliminary study of calcium channel-associated mRNA and miRNA networks in post-traumatic epileptic rats,Scientific reports,2023,https://pubmed.ncbi.nlm.nih.gov/37567882/
37574592_Molteberg_2023,gold (carries answers),epilepsy,PMID,37574592,10.1002/epi4.12808,Stress biomarkers in adult patients with drug-resistant epilepsy on a modified Atkins diet: A prospective study,Epilepsia open,2023,https://pubmed.ncbi.nlm.nih.gov/37574592/
37574594_Kim_2023,gold (carries answers),epilepsy,PMID,37574594,10.1002/epi4.12809,Shift from older- to newer-generation antiseizure medications in people with acute ischemic stroke in Australia: A population-based study,Epilepsia open,2023,https://pubmed.ncbi.nlm.nih.gov/37574594/
37574648_Oane_2023,gold (carries answers),epilepsy,PMID,37574648,10.1002/epi4.12810,Organization of the epileptogenic zone and signal analysis at seizure onset in patients with drug-resistant epilepsy due to focal cortical dysplasia with mTOR pathway gene mutations-An SEEG study,Epilepsia open,2023,https://pubmed.ncbi.nlm.nih.gov/37574648/
37576022_Li_2023,gold (carries answers),epilepsy,PMID,37576022,10.3389/fneur.2023.1229569,An SCN1A gene missense variant in a Chinese Tujia ethnic family with genetic epilepsy with febrile seizures plus,Frontiers in neurology,2023,https://pubmed.ncbi.nlm.nih.gov/37576022/
37583270_Nagarajan_2023,gold (carries answers),epilepsy,PMID,37583270,10.1002/epi4.12811,Landscape of genetic infantile epileptic spasms syndrome-A multicenter cohort of 124 children from India,Epilepsia open,2023,https://pubmed.ncbi.nlm.nih.gov/37583270/
37592944_Lehmann_2023,gold (carries answers),epilepsy,PMID,37592944,10.3389/fneur.2023.1223472,Loss of normal Alzheimer's disease-associated Presenilin 2 function alters antiseizure medicine potency and tolerability in the 6-Hz focal seizure model,Frontiers in neurology,2023,https://pubmed.ncbi.nlm.nih.gov/37592944/
37593891_Firouzabadi_2023,gold (carries answers),epilepsy,PMID,37593891,10.1002/epi4.12816,Polymorphism of glucocorticoid receptor gene (rs41423247) in functional seizures (psychogenic nonepileptic seizures/attacks),Epilepsia open,2023,https://pubmed.ncbi.nlm.nih.gov/37593891/
37593897_Luo_2023,gold (carries answers),epilepsy,PMID,37593897,10.1002/epi4.12817,Causal relationship between telomere length and epilepsy: A bidirectional Mendelian randomization study,Epilepsia open,2023,https://pubmed.ncbi.nlm.nih.gov/37593897/
37593899_Strýček_2024,gold (carries answers),epilepsy,PMID,37593899,10.1002/epi4.12814,Eslicarbazepine-induced hyponatremia: A retrospective single-center real clinical practice study,Epilepsia open,2024,https://pubmed.ncbi.nlm.nih.gov/37593899/
37593907_Gaston_2023,gold (carries answers),epilepsy,PMID,37593907,10.1002/epi4.12815,Final analysis of potential drug-drug interactions between highly purified cannabidiol and anti-seizure medications in an open-label expanded access program,Epilepsia open,2023,https://pubmed.ncbi.nlm.nih.gov/37593907/
37602268_Wang_2023,gold (carries answers),epilepsy,PMID,37602268,10.3389/fneur.2023.1213224,Structural and functional changes of the cerebellum in temporal lobe epilepsy,Frontiers in neurology,2023,https://pubmed.ncbi.nlm.nih.gov/37602268/
37602490_He_2023,gold (carries answers),epilepsy,PMID,37602490,10.1002/epi4.12818,"Mendelian randomization reveals no causal relationship between COVID-19 susceptibility, hospitalization, or severity and epilepsy",Epilepsia open,2023,https://pubmed.ncbi.nlm.nih.gov/37602490/
37602493_Chourasia_2023,gold (carries answers),epilepsy,PMID,37602493,10.1002/epi4.12819,Influence of extent and age at corpus callosotomy on seizure outcomes. A single center experience,Epilepsia open,2023,https://pubmed.ncbi.nlm.nih.gov/37602493/
37602538_Flaus_2023,gold (carries answers),epilepsy,PMID,37602538,10.1002/epi4.12820,Deep-learning predicted PET can be subtracted from the true clinical fluorodeoxyglucose PET co-registered to MRI to identify the epileptogenic zone in focal epilepsy,Epilepsia open,2023,https://pubmed.ncbi.nlm.nih.gov/37602538/
37609660_Hersi_2023,gold (carries answers),epilepsy,PMID,37609660,10.3389/fneur.2023.1159339,Effect of clinical features on antiseizure medication doses in patients with newly diagnosed epilepsy,Frontiers in neurology,2023,https://pubmed.ncbi.nlm.nih.gov/37609660/
37641168_Tan_2023,gold (carries answers),epilepsy,PMID,37641168,10.1002/epi4.12822,Development and validation of a peripheral cell ratio and lactate score for differentiating status epilepticus from prolonged psychogenic nonepileptic seizures,Epilepsia open,2023,https://pubmed.ncbi.nlm.nih.gov/37641168/
37645600_Ko_2023,gold (carries answers),epilepsy,PMID,37645600,10.3389/fneur.2023.1218706,Epilepsy phenotype and gene ontology analysis of the 129 genes in a large neurodevelopmental disorders cohort,Frontiers in neurology,2023,https://pubmed.ncbi.nlm.nih.gov/37645600/
37658098_Youn_2023,gold (carries answers),epilepsy,PMID,37658098,10.1038/s41598-023-40594-8,Long-term efficacy and safety of adjunctive perampanel in pediatric patients aged 4-19 years with epilepsy: a real-world study,Scientific reports,2023,https://pubmed.ncbi.nlm.nih.gov/37658098/
37660232_Ismaiel_2023,gold (carries answers),epilepsy,PMID,37660232,10.1038/s41598-023-41552-0,Thermal neuromodulation using pulsed and continuous infrared illumination in a penicillin-induced acute epilepsy model,Scientific reports,2023,https://pubmed.ncbi.nlm.nih.gov/37660232/
37661647_Ma_2023,gold (carries answers),epilepsy,PMID,37661647,10.1002/epi4.12823,"Efficacy and safety of perampanel monotherapy in Chinese patients with focal-onset seizures: A single-center, prospective, real-world observational study",Epilepsia open,2023,https://pubmed.ncbi.nlm.nih.gov/37661647/
37670773_Sukhudyan_2023,gold (carries answers),epilepsy,PMID,37670773,10.3389/fneur.2023.1152275,Development and results of the epilepsy surgery in Armenia: hope for a better future,Frontiers in neurology,2023,https://pubmed.ncbi.nlm.nih.gov/37670773/
37702021_Cserpan_2023,gold (carries answers),epilepsy,PMID,37702021,10.1002/epi4.12827,Scalp high-frequency oscillations differentiate neonates with seizures from healthy neonates,Epilepsia open,2023,https://pubmed.ncbi.nlm.nih.gov/37702021/
37702102_Horisawa_2023,gold (carries answers),epilepsy,PMID,37702102,10.1002/epi4.12826,Abolition of seizures following Forel-H-tomy for drug-resistant epilepsy: A case report,Epilepsia open,2023,https://pubmed.ncbi.nlm.nih.gov/37702102/
37712083_Gao_2023,gold (carries answers),epilepsy,PMID,37712083,10.3389/fneur.2023.1236046,"Efficacy and safety of perampanel as early add-on therapy in Chinese patients with focal-onset seizures: a multicenter, open-label, single-arm study",Frontiers in neurology,2023,https://pubmed.ncbi.nlm.nih.gov/37712083/
37712338_Nguyen_2023,gold (carries answers),epilepsy,PMID,37712338,10.1002/epi4.12825,"Feasibility, tolerability and efficacy of the ketogenic diet in children with drug-resistant epilepsy in Vietnam",Epilepsia open,2023,https://pubmed.ncbi.nlm.nih.gov/37712338/
37715318_Lawande_2023,gold (carries answers),epilepsy,PMID,37715318,10.1002/epi4.12828,Sex and gonadectomy modify behavioral seizure susceptibility and mortality in a repeated low-dose kainic acid systemic injection paradigm in mice,Epilepsia open,2023,https://pubmed.ncbi.nlm.nih.gov/37715318/
37724422_Ikemoto_2024,gold (carries answers),epilepsy,PMID,37724422,10.1002/epi4.12829,Electroencephalography-functional magnetic resonance imaging for clinical evaluation in focal epilepsy,Epilepsia open,2024,https://pubmed.ncbi.nlm.nih.gov/37724422/
37731858_Bonakdarpour_2023,gold (carries answers),epilepsy,PMID,37731858,10.3389/fneur.2023.1206171,Calming effect of Clinically Designed Improvisatory Music for patients admitted to the epilepsy monitoring unit during the COVID-19 pandemic: a pilot study,Frontiers in neurology,2023,https://pubmed.ncbi.nlm.nih.gov/37731858/
37743321_Samfira_2024,gold (carries answers),epilepsy,PMID,37743321,10.1002/epi4.12831,EEG-based spatiotemporal dynamics of fast ripple networks and hubs in infantile epileptic spasms,Epilepsia open,2024,https://pubmed.ncbi.nlm.nih.gov/37743321/
37745659_Kim_2023,gold (carries answers),epilepsy,PMID,37745659,10.3389/fneur.2023.1222721,Electroencephalography characteristics related to risk of sudden unexpected death in epilepsy in patients with Dravet syndrome,Frontiers in neurology,2023,https://pubmed.ncbi.nlm.nih.gov/37745659/
37750050_Prener_2023,gold (carries answers),epilepsy,PMID,37750050,10.1002/epi4.12833,Ictal and interictal SPECT with (99m) Tc-HMPAO in presurgical epilepsy. II: Methodological considerations on hyper- and hypoperfusion,Epilepsia open,2023,https://pubmed.ncbi.nlm.nih.gov/37750050/
37750472_CastroLima_2023,gold (carries answers),epilepsy,PMID,37750472,10.1002/epi4.12834,Bilateral ictal EEG is associated with better memory outcome after hippocampal sclerosis surgery,Epilepsia open,2023,https://pubmed.ncbi.nlm.nih.gov/37750472/
37759424_Armeno_2024,gold (carries answers),epilepsy,PMID,37759424,10.1002/epi4.12836,Use of ketogenic dietary therapy for drug-resistant epilepsy in early infancy,Epilepsia open,2024,https://pubmed.ncbi.nlm.nih.gov/37759424/
37766507_Phillips_2024,gold (carries answers),epilepsy,PMID,37766507,10.1002/epi4.12835,Comparison of magnetic resonance-guided laser interstitial thermal therapy corpus callosum ablation to open microsurgical corpus callosotomy: A single-center retrospective cohort study,Epilepsia open,2024,https://pubmed.ncbi.nlm.nih.gov/37766507/
37780697_DellIsola_2023,gold (carries answers),epilepsy,PMID,37780697,10.3389/fneur.2023.1243917,Effect of melatonin on sleep quality and EEG features in childhood epilepsy: a possible non-conventional treatment,Frontiers in neurology,2023,https://pubmed.ncbi.nlm.nih.gov/37780697/
37780707_Iimura_2023,gold (carries answers),epilepsy,PMID,37780707,10.3389/fneur.2023.1258854,Effect of vagus nerve stimulation against generalized seizure and status epilepticus recurrence,Frontiers in neurology,2023,https://pubmed.ncbi.nlm.nih.gov/37780707/
37798921_Gatesman_2024,gold (carries answers),epilepsy,PMID,37798921,10.1002/epi4.12840,Characterization of low-grade epilepsy-associated tumor from implanted stereoelectroencephalography electrodes,Epilepsia open,2024,https://pubmed.ncbi.nlm.nih.gov/37798921/
37799022_Vivash_2023,gold (carries answers),epilepsy,PMID,37799022,10.1002/epi4.12839,The adaptation of the desirability of outcome ranking for interventional clinical trials in epilepsy: A novel consumer-led outcome measure,Epilepsia open,2023,https://pubmed.ncbi.nlm.nih.gov/37799022/
37805672_Souirti_2023,gold (carries answers),epilepsy,PMID,37805672,10.1002/epi4.12802,Prevalence of epilepsy in Morocco: A population-based study,Epilepsia open,2023,https://pubmed.ncbi.nlm.nih.gov/37805672/
37805809_Yamakawa_2023,gold (carries answers),epilepsy,PMID,37805809,10.1002/epi4.12841,Diurnal circadian clock gene expression is altered in models of genetic and acquired epilepsy,Epilepsia open,2023,https://pubmed.ncbi.nlm.nih.gov/37805809/
37805810_Seneviratne_2023,gold (carries answers),epilepsy,PMID,37805810,10.1002/epi4.12842,Readability and content gaps in online epilepsy surgery materials as potential health literacy and shared-decision-making barriers,Epilepsia open,2023,https://pubmed.ncbi.nlm.nih.gov/37805810/
37805811_Panza_2024,gold (carries answers),epilepsy,PMID,37805811,10.1002/epi4.12843,Bilateral temporal lobe dysplasia and seizure onset associated with biallelic CNTNAP2 variants,Epilepsia open,2024,https://pubmed.ncbi.nlm.nih.gov/37805811/
37806981_Zhang_2023,gold (carries answers),epilepsy,PMID,37806981,10.1038/s41598-023-43705-7,A comparison of comorbid headache between patients with temporal lobe epilepsy and juvenile myoclonic epilepsy,Scientific reports,2023,https://pubmed.ncbi.nlm.nih.gov/37806981/
37813409_Oates_2023,gold (carries answers),epilepsy,PMID,37813409,10.1002/epi4.12838,An exploratory study of brain temperature and choline abnormalities in temporal lobe epilepsy patients with depressive symptoms,Epilepsia open,2023,https://pubmed.ncbi.nlm.nih.gov/37813409/
37840930_Vaher_2023,gold (carries answers),epilepsy,PMID,37840930,10.3389/fneur.2023.1252472,The thalamus and basal ganglia are smaller in children with epilepsy after perinatal stroke,Frontiers in neurology,2023,https://pubmed.ncbi.nlm.nih.gov/37840930/
37842739_Hirsch_2023,gold (carries answers),epilepsy,PMID,37842739,10.1002/epi4.12844,Value of ultralong-term subcutaneous EEG monitoring for treatment decisions in temporal lobe epilepsy: A case report,Epilepsia open,2023,https://pubmed.ncbi.nlm.nih.gov/37842739/
37842746_Hatoum_2023,gold (carries answers),epilepsy,PMID,37842746,10.1002/epi4.12845,Real-world antiseizure medication treatment outcomes in drug-resistant focal epilepsy patients,Epilepsia open,2023,https://pubmed.ncbi.nlm.nih.gov/37842746/
37845403_Srinivasan_2023,gold (carries answers),epilepsy,PMID,37845403,10.1038/s41598-023-44763-7,Detection and classification of adult epilepsy using hybrid deep learning approach,Scientific reports,2023,https://pubmed.ncbi.nlm.nih.gov/37845403/
37867422_Reynolds_2024,gold (carries answers),epilepsy,PMID,37867422,10.1002/epi4.12850,The origins and early development of the ILAE/IBE/WHO global campaign against epilepsy: Out of the shadows,Epilepsia open,2024,https://pubmed.ncbi.nlm.nih.gov/37867422/
37867433_GilNagel_2024,gold (carries answers),epilepsy,PMID,37867433,10.1002/epi4.12847,Efficacy and tolerability of add-on stiripentol in real-world clinical practice: An observational study in Dravet syndrome and non-Dravet developmental and epileptic encephalopathies,Epilepsia open,2024,https://pubmed.ncbi.nlm.nih.gov/37867433/
37873557_Eelbode_2023,gold (carries answers),epilepsy,PMID,37873557,10.1002/epi4.12846,Implantation and reimplantation of intracranial EEG electrodes in patients considering epilepsy surgery,Epilepsia open,2023,https://pubmed.ncbi.nlm.nih.gov/37873557/
37881138_Imaichi_2024,gold (carries answers),epilepsy,PMID,37881138,10.1002/epi4.12852,Leukotriene antagonists reduce epileptic seizures-related hospitalization in older adult populations with allergic rhinitis or asthma: A population-based cohort study using the Shizuoka Kokuho database: The Shizuoka study,Epilepsia open,2024,https://pubmed.ncbi.nlm.nih.gov/37881138/
37897151_Lähde_2024,gold (carries answers),epilepsy,PMID,37897151,10.1002/epi4.12855,Longitudinal EpiTrack assessment of executive functions following vagus nerve stimulation therapy in patients with drug-resistant epilepsy,Epilepsia open,2024,https://pubmed.ncbi.nlm.nih.gov/37897151/
37920923_CatalánAguilar_2024,gold (carries answers),epilepsy,PMID,37920923,10.1002/epi4.12857,"Prospective study of cenobamate on cognition, affectivity, and quality of life in focal epilepsy",Epilepsia open,2024,https://pubmed.ncbi.nlm.nih.gov/37920923/
37920928_Hu_2024,gold (carries answers),epilepsy,PMID,37920928,10.1002/epi4.12858,Interrater reliability of interictal EEG waveforms in Lennox-Gastaut Syndrome,Epilepsia open,2024,https://pubmed.ncbi.nlm.nih.gov/37920928/
37920967_Delazer_2024,gold (carries answers),epilepsy,PMID,37920967,10.1002/epi4.12859,Association between retinal thickness and disease characteristics in adult epilepsy: A cross-sectional OCT evaluation,Epilepsia open,2024,https://pubmed.ncbi.nlm.nih.gov/37920967/
37926917_Foutz_2024,gold (carries answers),epilepsy,PMID,37926917,10.1002/epi4.12861,Spatial and amplitude dynamics of neurostimulation: Insights from the acute intrahippocampal kainate seizure mouse model,Epilepsia open,2024,https://pubmed.ncbi.nlm.nih.gov/37926917/
37928141_Geng_2023,gold (carries answers),epilepsy,PMID,37928141,10.3389/fneur.2023.1191831,Vagus nerve stimulation for treating developmental and epileptic encephalopathy in young children,Frontiers in neurology,2023,https://pubmed.ncbi.nlm.nih.gov/37928141/
37928154_Timpte_2023,gold (carries answers),epilepsy,PMID,37928154,10.3389/fneur.2023.1281652,Assessing 72 h vs. 24 h of long-term video-EEG monitoring to confirm the diagnosis of epilepsy: a retrospective observational study,Frontiers in neurology,2023,https://pubmed.ncbi.nlm.nih.gov/37928154/
37928163_Helmstaedter_2023,gold (carries answers),epilepsy,PMID,37928163,10.3389/fneur.2023.1217594,Prevalence of dementia in a level 4 university epilepsy center: how big is the problem?,Frontiers in neurology,2023,https://pubmed.ncbi.nlm.nih.gov/37928163/
37943120_Musto_2024,gold (carries answers),epilepsy,PMID,37943120,10.1002/epi4.12864,Status epilepticus in BRAF-related cardio-facio-cutaneous syndrome: Focus on neuroimaging clues to physiopathology,Epilepsia open,2024,https://pubmed.ncbi.nlm.nih.gov/37943120/
37943122_Straka_2024,gold (carries answers),epilepsy,PMID,37943122,10.1002/epi4.12863,A 5-year-old boy with super-refractory status epilepticus and RANBP2 variant warranting life-saving hemispherotomy,Epilepsia open,2024,https://pubmed.ncbi.nlm.nih.gov/37943122/
37943144_Li_2024,gold (carries answers),epilepsy,PMID,37943144,10.1002/epi4.12865,Effectiveness and safety of mono- and add-on perampanel in pediatric patients with epilepsy: Experience from a single-center retrospective study,Epilepsia open,2024,https://pubmed.ncbi.nlm.nih.gov/37943144/
37969060_Li_2024,gold (carries answers),epilepsy,PMID,37969060,10.1002/epi4.12867,Efficacy and safety of a smartphone application-based treatment of ketogenic diet in pediatric refractory epilepsy,Epilepsia open,2024,https://pubmed.ncbi.nlm.nih.gov/37969060/
38009286_Zhao_2024,gold (carries answers),epilepsy,PMID,38009286,10.1002/epi4.12862,Clinical and genetic analysis of infants with pontocerebellar hypoplasia type 6 caused by RARS2 variations,Epilepsia open,2024,https://pubmed.ncbi.nlm.nih.gov/38009286/
38016924_Manca_2024,gold (carries answers),epilepsy,PMID,38016924,10.1002/epi4.12871,Identification of metabolic biomarkers of chronic vagus nerve stimulation (VNS) in subjects with drug-resistant epilepsy (DRE),Epilepsia open,2024,https://pubmed.ncbi.nlm.nih.gov/38016924/
38017670_Ethofer_2024,gold (carries answers),epilepsy,PMID,38017670,10.1002/epi4.12870,Investigating the effect of hippocampal sclerosis on parietal memory network,Epilepsia open,2024,https://pubmed.ncbi.nlm.nih.gov/38017670/
38018342_Cha_2024,gold (carries answers),epilepsy,PMID,38018342,10.1002/epi4.12873,Fenfluramine increases survival and reduces markers of neurodegeneration in a mouse model of Dravet syndrome,Epilepsia open,2024,https://pubmed.ncbi.nlm.nih.gov/38018342/
38020607_Ojanen_2023,gold (carries answers),epilepsy,PMID,38020607,10.3389/fneur.2023.1270482,"Automatic classification of hyperkinetic, tonic, and tonic-clonic seizures using unsupervised clustering of video signals",Frontiers in neurology,2023,https://pubmed.ncbi.nlm.nih.gov/38020607/
38020614_Xu_2023,gold (carries answers),epilepsy,PMID,38020614,10.3389/fneur.2023.1275606,Identification and verification of ferroptosis-related genes in the pathology of epilepsy: insights from CIBERSORT algorithm analysis,Frontiers in neurology,2023,https://pubmed.ncbi.nlm.nih.gov/38020614/
38033778_Pan_2023,gold (carries answers),epilepsy,PMID,38033778,10.3389/fneur.2023.1284050,Sudden unexpected death in epilepsy disclosure causes anxiety in patients with epilepsy: a Chinese questionnaire survey,Frontiers in neurology,2023,https://pubmed.ncbi.nlm.nih.gov/38033778/
38041003_Liu_2023,gold (carries answers),epilepsy,PMID,38041003,10.1186/s12883-023-03474-2,Latencies to the first interictal epileptiform discharges recorded by the electroencephalography in different epileptic patients,BMC neurology,2023,https://pubmed.ncbi.nlm.nih.gov/38041003/
38044839_Tokumoto_2024,gold (carries answers),epilepsy,PMID,38044839,10.1002/epi4.12874,"Status of epilepsy care delivery and referral in clinics, hospitals, and epilepsy centers in Japan: A nationwide survey",Epilepsia open,2024,https://pubmed.ncbi.nlm.nih.gov/38044839/
38049198_Karki_2024,gold (carries answers),epilepsy,PMID,38049198,10.1002/epi4.12876,Prevalence of non-convulsive seizures and electroencephalographic abnormalities in critically ill patients-A retrospective observational study,Epilepsia open,2024,https://pubmed.ncbi.nlm.nih.gov/38049198/
38066038_Muthiah_2023,gold (carries answers),epilepsy,PMID,38066038,10.1038/s41598-023-48668-3,Socioeconomic status and healthcare utilization disparities among children with epilepsy in the United States: Results from a nationally representative sample,Scientific reports,2023,https://pubmed.ncbi.nlm.nih.gov/38066038/
38071463_Terman_2024,gold (carries answers),epilepsy,PMID,38071463,10.1002/epi4.12880,Variation in seizure risk increases from antiseizure medication withdrawal among patients with well-controlled epilepsy: A pooled analysis,Epilepsia open,2024,https://pubmed.ncbi.nlm.nih.gov/38071463/
38071479_Swartwood_2024,gold (carries answers),epilepsy,PMID,38071479,10.1002/epi4.12878,Early genetic testing in pediatric epilepsy: Diagnostic and cost implications,Epilepsia open,2024,https://pubmed.ncbi.nlm.nih.gov/38071479/
38073640_Sheng_2023,gold (carries answers),epilepsy,PMID,38073640,10.3389/fneur.2023.1280348,Case report: A young man with non-rapid eye movement parasomnias in a KCNT1-related epilepsy family,Frontiers in neurology,2023,https://pubmed.ncbi.nlm.nih.gov/38073640/
38092829_GalvisMontes_2023,gold (carries answers),epilepsy,PMID,38092829,10.1038/s41598-023-49310-y,Highly dynamic inflammatory and excitability transcriptional profiles in hippocampal CA1 following status epilepticus,Scientific reports,2023,https://pubmed.ncbi.nlm.nih.gov/38092829/
38093756_Zhu_2023,gold (carries answers),epilepsy,PMID,38093756,10.3389/fneur.2023.1284171,A nomogram to predict the treatment benefit of perampanel in drug-resistant epilepsy patients,Frontiers in neurology,2023,https://pubmed.ncbi.nlm.nih.gov/38093756/
38099068_Bhatti_2023,gold (carries answers),epilepsy,PMID,38099068,10.3389/fneur.2023.1284098,Case report: Invasive neuromonitoring in status epilepticus induced hypoxic ischemic brain injury,Frontiers in neurology,2023,https://pubmed.ncbi.nlm.nih.gov/38099068/
38101856_Chan_2024,gold (carries answers),epilepsy,PMID,38101856,10.1002/epi4.12882,WRAPPER study: Real-world effectiveness and tolerability of adjunctive perampanel for people with drug-resistant epilepsy in Hong Kong,Epilepsia open,2024,https://pubmed.ncbi.nlm.nih.gov/38101856/
38107633_Freiman_2023,gold (carries answers),epilepsy,PMID,38107633,10.3389/fneur.2023.1273270,"Post-stroke seizures, epilepsy, and mortality in a prospective hospital-based study",Frontiers in neurology,2023,https://pubmed.ncbi.nlm.nih.gov/38107633/
38107640_Toplu_2023,gold (carries answers),epilepsy,PMID,38107640,10.3389/fneur.2023.1282494,Involvement of orexin type-2 receptors in genetic absence epilepsy rats,Frontiers in neurology,2023,https://pubmed.ncbi.nlm.nih.gov/38107640/
38110465_Shin_2023,gold (carries answers),epilepsy,PMID,38110465,10.1038/s41598-023-49255-2,Using spectral and temporal filters with EEG signal to predict the temporal lobe epilepsy outcome after antiseizure medication via machine learning,Scientific reports,2023,https://pubmed.ncbi.nlm.nih.gov/38110465/
38116105_Cursio_2023,gold (carries answers),epilepsy,PMID,38116105,10.3389/fneur.2023.1284339,Case report: Childhood epilepsy and borderline intellectual functioning hiding an AADC deficiency disorder associated with compound heterozygous DDC gene pathogenic variants,Frontiers in neurology,2023,https://pubmed.ncbi.nlm.nih.gov/38116105/
38125836_Witzel_2023,gold (carries answers),epilepsy,PMID,38125836,10.3389/fneur.2023.1276238,Prospective evaluation of NGS-based sequencing in epilepsy patients: results of seven NASGE-associated diagnostic laboratories,Frontiers in neurology,2023,https://pubmed.ncbi.nlm.nih.gov/38125836/
38146441_Yavuz_2023,gold (carries answers),epilepsy,PMID,38146441,10.3389/fneur.2023.1231736,"Dexmedetomidine, an alpha 2A receptor agonist, triggers seizures unilaterally in GAERS during the pre-epileptic phase: does the onset of spike-and-wave discharges occur in a focal manner?",Frontiers in neurology,2023,https://pubmed.ncbi.nlm.nih.gov/38146441/
38166885_Urio_2024,gold (carries answers),epilepsy,PMID,38166885,10.1186/s12883-023-03508-9,Drug resistant epilepsy and associated factors among children with epilepsies in tanzania: a cross-sectional study,BMC neurology,2024,https://pubmed.ncbi.nlm.nih.gov/38166885/
38172583_Batista_2024,gold (carries answers),epilepsy,PMID,38172583,10.1038/s41598-023-50609-z,EEG epilepsy seizure prediction: the post-processing stage as a chronology,Scientific reports,2024,https://pubmed.ncbi.nlm.nih.gov/38172583/
38178048_Damien_2024,gold (carries answers),epilepsy,PMID,38178048,10.1186/s12883-023-03505-y,Sustained effort network for treatment of status epilepticus/European academy of neurology registry on adult refractory status epilepticus (SENSE-II/AROUSE),BMC neurology,2024,https://pubmed.ncbi.nlm.nih.gov/38178048/
38191643_Kantipudi_2024,gold (carries answers),epilepsy,PMID,38191643,10.1038/s41598-024-51337-8,An improved GBSO-TAENN-based EEG signal classification model for epileptic seizure detection,Scientific reports,2024,https://pubmed.ncbi.nlm.nih.gov/38191643/
38225340_Lee_2024,gold (carries answers),epilepsy,PMID,38225340,10.1038/s41598-023-43328-y,A ResNet-LSTM hybrid model for predicting epileptic seizures using a pretrained model with supervised contrastive learning,Scientific reports,2024,https://pubmed.ncbi.nlm.nih.gov/38225340/
38239322_Generoso_2023,gold (carries answers),epilepsy,PMID,38239322,10.3389/fneur.2023.1329042,Assessing risk factors associated with breakthrough early post-traumatic seizures in patients receiving phenytoin prophylaxis,Frontiers in neurology,2023,https://pubmed.ncbi.nlm.nih.gov/38239322/
38249745_Martin_2023,gold (carries answers),epilepsy,PMID,38249745,10.3389/fneur.2023.1287545,"Proposed mechanisms of tau: relationships to traumatic brain injury, Alzheimer's disease, and epilepsy",Frontiers in neurology,2023,https://pubmed.ncbi.nlm.nih.gov/38249745/
38274868_Kamboj_2023,gold (carries answers),epilepsy,PMID,38274868,10.3389/fneur.2023.1324461,The expert's knowledge combined with AI outperforms AI alone in seizure onset zone localization using resting state fMRI,Frontiers in neurology,2023,https://pubmed.ncbi.nlm.nih.gov/38274868/
38287042_Mora_2024,gold (carries answers),epilepsy,PMID,38287042,10.1038/s41598-024-51846-6,NLP-based tools for localization of the epileptogenic zone in patients with drug-resistant focal epilepsy,Scientific reports,2024,https://pubmed.ncbi.nlm.nih.gov/38287042/
38311614_Mellor_2024,gold (carries answers),epilepsy,PMID,38311614,10.1038/s41598-024-51857-3,Combining OPM and lesion mapping data for epilepsy surgery planning: a simulation study,Scientific reports,2024,https://pubmed.ncbi.nlm.nih.gov/38311614/
38328755_Tran_2023,gold (carries answers),epilepsy,PMID,38328755,10.3389/fneur.2023.1296421,Epileptic seizure clustering and accumulation at transition from activity to rest in GAERS rats,Frontiers in neurology,2023,https://pubmed.ncbi.nlm.nih.gov/38328755/
38330027_Kronlage_2024,gold (carries answers),epilepsy,PMID,38330027,10.1371/journal.pone.0296843,MP2RAGE vs. MPRAGE surface-based morphometry in focal epilepsy,PloS one,2024,https://pubmed.ncbi.nlm.nih.gov/38330027/
38336906_Hussain_2024,gold (carries answers),epilepsy,PMID,38336906,10.1038/s41598-024-53588-x,Drosophila expressing mutant human KCNT1 transgenes make an effective tool for targeted drug screening in a whole animal model of KCNT1-epilepsy,Scientific reports,2024,https://pubmed.ncbi.nlm.nih.gov/38336906/
38351047_Chi_2024,gold (carries answers),epilepsy,PMID,38351047,10.1038/s41598-024-53494-2,Integrative analysis of epilepsy-associated genes reveals expression-phenotype correlations,Scientific reports,2024,https://pubmed.ncbi.nlm.nih.gov/38351047/
38366055_Metternich_2024,gold (carries answers),epilepsy,PMID,38366055,10.1038/s41598-024-53401-9,Dynamic facial emotion recognition and affective prosody recognition are associated in patients with temporal lobe epilepsy,Scientific reports,2024,https://pubmed.ncbi.nlm.nih.gov/38366055/
38374380_MedinaVillalon_2024,gold (carries answers),epilepsy,PMID,38374380,10.1038/s41598-024-54359-4,Combining independent component analysis and source localization for improving spatial sampling of stereoelectroencephalography in epilepsy,Scientific reports,2024,https://pubmed.ncbi.nlm.nih.gov/38374380/
38408069_Tekleyohannes_2024,gold (carries answers),epilepsy,PMID,38408069,10.1371/journal.pone.0299065,The impact of COVID-19 on treatment follow-up and medication adherence among patients with epilepsy at a referral hospital in Ethiopia,PloS one,2024,https://pubmed.ncbi.nlm.nih.gov/38408069/
38416729_Brogin_2024,gold (carries answers),epilepsy,PMID,38416729,10.1371/journal.pone.0298762,Epileptic seizure suppression: A computational approach for identification and control using real data,PloS one,2024,https://pubmed.ncbi.nlm.nih.gov/38416729/
38418461_Liu_2024,gold (carries answers),epilepsy,PMID,38418461,10.1038/s41598-024-52399-4,NEDD4-2 and the CLC-2 channel regulate neuronal excitability in the pathogenesis of mesial temporal lobe epilepsy,Scientific reports,2024,https://pubmed.ncbi.nlm.nih.gov/38418461/
38419704_AbiNahed_2024,gold (carries answers),epilepsy,PMID,38419704,10.3389/fneur.2024.1363459,Outcome of psychogenic non-epileptic seizures following diagnosis in the epilepsy monitoring unit,Frontiers in neurology,2024,https://pubmed.ncbi.nlm.nih.gov/38419704/
38419715_Su_2024,gold (carries answers),epilepsy,PMID,38419715,10.3389/fneur.2024.1321245,Analysis of factors influencing the efficacy of vagus nerve stimulation for the treatment of drug-resistant epilepsy in children and prediction model for efficacy evaluation,Frontiers in neurology,2024,https://pubmed.ncbi.nlm.nih.gov/38419715/
38424459_Doyen_2024,gold (carries answers),epilepsy,PMID,38424459,10.1038/s41598-024-53824-4,Assessment of a one-week ketogenic diet on brain glycolytic metabolism and on the status epilepticus stage of a lithium-pilocarpine rat model,Scientific reports,2024,https://pubmed.ncbi.nlm.nih.gov/38424459/
38440111_Kuang_2024,gold (carries answers),epilepsy,PMID,38440111,10.3389/fneur.2024.1366206,Video-electroencephalographic findings and clinical characteristics of bathing seizures in children,Frontiers in neurology,2024,https://pubmed.ncbi.nlm.nih.gov/38440111/
38451979_Niriayo_2024,gold (carries answers),epilepsy,PMID,38451979,10.1371/journal.pone.0299968,Drug therapy problems and contributing factors among patients with epilepsy,PloS one,2024,https://pubmed.ncbi.nlm.nih.gov/38451979/
38454117_Costa_2024,gold (carries answers),epilepsy,PMID,38454117,10.1038/s41598-024-56019-z,Comparison between epileptic seizure prediction and forecasting based on machine learning,Scientific reports,2024,https://pubmed.ncbi.nlm.nih.gov/38454117/
38467734_Scalise_2024,gold (carries answers),epilepsy,PMID,38467734,10.1038/s41598-024-56680-4,Ascorbic acid mitigates the impact of oxidative stress in a human model of febrile seizure and mesial temporal lobe epilepsy,Scientific reports,2024,https://pubmed.ncbi.nlm.nih.gov/38467734/
38478498_FajardoValdez_2024,gold (carries answers),epilepsy,PMID,38478498,10.1371/journal.pone.0295142,Functional correlates of cognitive performance and working memory in temporal lobe epilepsy: Insights from task-based and resting-state fMRI,PloS one,2024,https://pubmed.ncbi.nlm.nih.gov/38478498/
38486013_Sun_2024,gold (carries answers),epilepsy,PMID,38486013,10.1038/s41598-024-56827-3,High-performance prediction of epilepsy surgical outcomes based on the genetic neural networks and hybrid iEEG marker,Scientific reports,2024,https://pubmed.ncbi.nlm.nih.gov/38486013/
38487333_Xu_2024,gold (carries answers),epilepsy,PMID,38487333,10.3389/fneur.2024.1364295,"Long-term treatment with Perampanel of Chinese patients with focal-onset seizures, especially in sleep-related epilepsy: a prospective real-world observational study",Frontiers in neurology,2024,https://pubmed.ncbi.nlm.nih.gov/38487333/
38491096_KarimiRouzbahani_2024,gold (carries answers),epilepsy,PMID,38491096,10.1038/s41598-024-56990-7,Generalisability of epileptiform patterns across time and patients,Scientific reports,2024,https://pubmed.ncbi.nlm.nih.gov/38491096/
38515450_Yin_2024,gold (carries answers),epilepsy,PMID,38515450,10.3389/fneur.2024.1285744,Fear of disease in patients with epilepsy - a network analysis,Frontiers in neurology,2024,https://pubmed.ncbi.nlm.nih.gov/38515450/
38523609_Huang_2024,gold (carries answers),epilepsy,PMID,38523609,10.3389/fneur.2024.1331537,Analyzing the causal relationship between lipid-lowering drug target genes and epilepsy: a Mendelian randomization study,Frontiers in neurology,2024,https://pubmed.ncbi.nlm.nih.gov/38523609/
38529038_Wachsmuth_2024,gold (carries answers),epilepsy,PMID,38529038,10.3389/fneur.2024.1355862,Epilepsy-related functional brain network alterations are already present at an early age in the GAERS rat model of genetic absence epilepsy,Frontiers in neurology,2024,https://pubmed.ncbi.nlm.nih.gov/38529038/
38550342_Tan_2024,gold (carries answers),epilepsy,PMID,38550342,10.3389/fneur.2024.1340959,Exploring brain network oscillations during seizures in drug-naïve patients with juvenile absence epilepsy,Frontiers in neurology,2024,https://pubmed.ncbi.nlm.nih.gov/38550342/
38565608_Robertson_2024,gold (carries answers),epilepsy,PMID,38565608,10.1038/s41598-024-57976-1,Clinically significant changes in genes and variants associated with epilepsy over time: implications for re-analysis,Scientific reports,2024,https://pubmed.ncbi.nlm.nih.gov/38565608/
38585357_Tokuç_2024,gold (carries answers),epilepsy,PMID,38585357,10.3389/fneur.2024.1304076,Marriage and childbearing in patients with epilepsy in Turkey,Frontiers in neurology,2024,https://pubmed.ncbi.nlm.nih.gov/38585357/
38585359_Ma_2024,gold (carries answers),epilepsy,PMID,38585359,10.3389/fneur.2024.1383023,Serum biomarkers in patients with drug-resistant epilepsy: a proteomics-based analysis,Frontiers in neurology,2024,https://pubmed.ncbi.nlm.nih.gov/38585359/
38595852_Kostolanska_2024,gold (carries answers),epilepsy,PMID,38595852,10.3389/fneur.2024.1371055,Case report: Insulinoma masquerades as epilepsy - quantitative EEG analysis,Frontiers in neurology,2024,https://pubmed.ncbi.nlm.nih.gov/38595852/
38600221_Leonard_2024,gold (carries answers),epilepsy,PMID,38600221,10.1038/s41598-024-58904-z,Transcriptomic alterations in cortical astrocytes following the development of post-traumatic epilepsy,Scientific reports,2024,https://pubmed.ncbi.nlm.nih.gov/38600221/
38601336_Li_2024,gold (carries answers),epilepsy,PMID,38601336,10.3389/fneur.2024.1366776,RELN gene-related drug-resistant epilepsy with periventricular nodular heterotopia treated with radiofrequency thermocoagulation: a case report,Frontiers in neurology,2024,https://pubmed.ncbi.nlm.nih.gov/38601336/
38633533_Ru_2024,gold (carries answers),epilepsy,PMID,38633533,10.3389/fneur.2024.1378076,Combining data augmentation and deep learning for improved epilepsy detection,Frontiers in neurology,2024,https://pubmed.ncbi.nlm.nih.gov/38633533/
38641629_She_2024,gold (carries answers),epilepsy,PMID,38641629,10.1038/s41598-024-59468-8,Stability of transcranial magnetic stimulation electroencephalogram evoked potentials in pediatric epilepsy,Scientific reports,2024,https://pubmed.ncbi.nlm.nih.gov/38641629/
38654734_Liao_2024,gold (carries answers),epilepsy,PMID,38654734,10.3389/fneur.2024.1377538,Machine learning techniques based on (18)F-FDG PET radiomics features of temporal regions for the classification of temporal lobe epilepsy patients from healthy controls,Frontiers in neurology,2024,https://pubmed.ncbi.nlm.nih.gov/38654734/
38671370_Brett_2024,gold (carries answers),epilepsy,PMID,38671370,10.1186/s12883-024-03646-8,An observational time-series study on the behavioral effects of adjunctive artisanal cannabidiol use by adults with treatment resistant epilepsies,BMC neurology,2024,https://pubmed.ncbi.nlm.nih.gov/38671370/
38685949_Faidi_2024,gold (carries answers),epilepsy,PMID,38685949,10.3389/fneur.2024.1284574,Early-life immune activation is a vulnerability factor for adult epileptogenesis in neurofibromatosis type 1 in male mice,Frontiers in neurology,2024,https://pubmed.ncbi.nlm.nih.gov/38685949/
38689875_Sridech_2024,gold (carries answers),epilepsy,PMID,38689875,10.3389/fneur.2024.1381293,Cardiac dysfunctions in children with drug-resistant epilepsy,Frontiers in neurology,2024,https://pubmed.ncbi.nlm.nih.gov/38689875/
38715687_Xiaoyu_2024,gold (carries answers),epilepsy,PMID,38715687,10.3389/fneur.2024.1330102,Benzyl isothiocyanate ameliorates cognitive function in mice of chronic temporal lobe epilepsy,Frontiers in neurology,2024,https://pubmed.ncbi.nlm.nih.gov/38715687/
38740844_Mercier_2024,gold (carries answers),epilepsy,PMID,38740844,10.1038/s41598-024-60622-5,The value of linear and non-linear quantitative EEG analysis in paediatric epilepsy surgery: a machine learning approach,Scientific reports,2024,https://pubmed.ncbi.nlm.nih.gov/38740844/
38748712_Gemechu_2024,gold (carries answers),epilepsy,PMID,38748712,10.1371/journal.pone.0301043,"Prevalence of abnormal electrocardiographic findings and associated factors among patients with epilepsy at Jimma Medical Center, Ethiopia; Hospital-based cross-sectional study",PloS one,2024,https://pubmed.ncbi.nlm.nih.gov/38748712/
38756210_Aschner_2024,gold (carries answers),epilepsy,PMID,38756210,10.3389/fneur.2024.1386730,Cardiac arrhythmia and epilepsy genetic variants in sudden unexpected death in epilepsy,Frontiers in neurology,2024,https://pubmed.ncbi.nlm.nih.gov/38756210/
38773234_Bayane_2024,gold (carries answers),epilepsy,PMID,38773234,10.1038/s41598-024-61393-9,Antiseizure adverse drug reaction and associated factors among epileptic patients at Jimma Medical Center: a prospective observational study,Scientific reports,2024,https://pubmed.ncbi.nlm.nih.gov/38773234/
38773441_Khalid_2024,gold (carries answers),epilepsy,PMID,38773441,10.1186/s12883-024-03670-8,Psychiatric implications of anti-seizure medications in epileptic population,BMC neurology,2024,https://pubmed.ncbi.nlm.nih.gov/38773441/
38798709_Proost_2024,gold (carries answers),epilepsy,PMID,38798709,10.3389/fneur.2024.1390465,Automated sleep staging on reduced channels in children with epilepsy,Frontiers in neurology,2024,https://pubmed.ncbi.nlm.nih.gov/38798709/
38837984_Bao_2024,gold (carries answers),epilepsy,PMID,38837984,10.1371/journal.pone.0304869,Effect of SCN1Aand SCN2A gene polymorphisms on the efficacy of valproic acid treatment in Chinese children with epilepsy,PloS one,2024,https://pubmed.ncbi.nlm.nih.gov/38837984/
38846038_Rácz_2024,gold (carries answers),epilepsy,PMID,38846038,10.3389/fneur.2024.1384494,Long-term seizure outcome after epilepsy surgery of neuroglial tumors,Frontiers in neurology,2024,https://pubmed.ncbi.nlm.nih.gov/38846038/
38854958_Liow_2024,gold (carries answers),epilepsy,PMID,38854958,10.3389/fneur.2024.1335421,Diazepam nasal spray administration is effective to control seizure clusters irrespective of time of day,Frontiers in neurology,2024,https://pubmed.ncbi.nlm.nih.gov/38854958/
38871732_Che_2024,gold (carries answers),epilepsy,PMID,38871732,10.1038/s41598-024-63541-7,Altered immune pathways in patients of temporal lobe epilepsy with and without hippocampal sclerosis,Scientific reports,2024,https://pubmed.ncbi.nlm.nih.gov/38871732/
38872822_Guarino_2024,gold (carries answers),epilepsy,PMID,38872822,10.3389/fneur.2024.1392977,Cognitive comorbidities in the rat pilocarpine model of epilepsy,Frontiers in neurology,2024,https://pubmed.ncbi.nlm.nih.gov/38872822/
38872823_Wang_2024,gold (carries answers),epilepsy,PMID,38872823,10.3389/fneur.2024.1388920,Role of inflammatory cytokine in mediating the effect of plasma lipidome on epilepsy: a mediation Mendelian randomization study,Frontiers in neurology,2024,https://pubmed.ncbi.nlm.nih.gov/38872823/
38890363_Corsi_2024,gold (carries answers),epilepsy,PMID,38890363,10.1038/s41598-024-64870-3,Neuronal avalanches in temporal lobe epilepsy as a noninvasive diagnostic tool investigating large scale brain dynamics,Scientific reports,2024,https://pubmed.ncbi.nlm.nih.gov/38890363/
38903166_Yang_2024,gold (carries answers),epilepsy,PMID,38903166,10.3389/fneur.2024.1373125,Altered dynamic functional connectivity of motor cerebellum with sensorimotor network and default mode network in juvenile myoclonic epilepsy,Frontiers in neurology,2024,https://pubmed.ncbi.nlm.nih.gov/38903166/
38903174_Sødal_2024,gold (carries answers),epilepsy,PMID,38903174,10.3389/fneur.2024.1411692,Risk of epilepsy after traumatic brain injury: a nationwide Norwegian matched cohort study,Frontiers in neurology,2024,https://pubmed.ncbi.nlm.nih.gov/38903174/
38933328_Wang_2024,gold (carries answers),epilepsy,PMID,38933328,10.3389/fneur.2024.1352467,Case report: Misdiagnosed orolingual dyskinesia as a consequence of seizures in a chorea-acanthocytosis patient with a novel VPS13A variation from a family with consanguineous marriage,Frontiers in neurology,2024,https://pubmed.ncbi.nlm.nih.gov/38933328/
38950015_Xue_2024,gold (carries answers),epilepsy,PMID,38950015,10.1371/journal.pone.0297410,Efficacy of acupuncture combined with traditional Chinese herbal for primary epilepsy patients with cognitive impairment: A protocol for systematic review and meta-analysis,PloS one,2024,https://pubmed.ncbi.nlm.nih.gov/38950015/
38961125_Khemka_2024,gold (carries answers),epilepsy,PMID,38961125,10.1038/s41598-024-66117-7,Integrative network analysis of miRNA-mRNA expression profiles during epileptogenesis in rats reveals therapeutic targets after emergence of first spontaneous seizure,Scientific reports,2024,https://pubmed.ncbi.nlm.nih.gov/38961125/
38962474_Singh_2024,gold (carries answers),epilepsy,PMID,38962474,10.3389/fneur.2024.1419835,Anterior thalamic nucleus local field potentials during focal temporal lobe epileptic seizures,Frontiers in neurology,2024,https://pubmed.ncbi.nlm.nih.gov/38962474/
38962478_Zhu_2024,gold (carries answers),epilepsy,PMID,38962478,10.3389/fneur.2024.1399504,Potential causal association of diabetes mellitus and blood glucose related indexes with the onset of epilepsy: a two-sample Mendelian randomization study,Frontiers in neurology,2024,https://pubmed.ncbi.nlm.nih.gov/38962478/
38974685_Liu_2024,gold (carries answers),epilepsy,PMID,38974685,10.3389/fneur.2024.1413582,Frontiers and hotspots in comorbid epilepsy and depression: a bibliometric analysis from 2003 to 2023,Frontiers in neurology,2024,https://pubmed.ncbi.nlm.nih.gov/38974685/
39020064_Lv_2024,gold (carries answers),epilepsy,PMID,39020064,10.1038/s41598-024-67594-6,In Silico drug repurposing pipeline using deep learning and structure based approaches in epilepsy,Scientific reports,2024,https://pubmed.ncbi.nlm.nih.gov/39020064/
39036635_Huang_2024,gold (carries answers),epilepsy,PMID,39036635,10.3389/fneur.2024.1422409,Diet-derived circulating antioxidants and risk of epilepsy: a Mendelian randomization study,Frontiers in neurology,2024,https://pubmed.ncbi.nlm.nih.gov/39036635/
39039504_Negussie_2024,gold (carries answers),epilepsy,PMID,39039504,10.1186/s12883-024-03766-1,"Knowledge, attitudes, and practices of caregivers with children diagnosed with epilepsy attending a pediatric outpatient clinic: a descriptive, cross-sectional, questionnaire-based study in Addis Ababa, Ethiopia",BMC neurology,2024,https://pubmed.ncbi.nlm.nih.gov/39039504/
39043914_Zhang_2024,gold (carries answers),epilepsy,PMID,39043914,10.1038/s41598-024-67855-4,A scheme combining feature fusion and hybrid deep learning models for epileptic seizure detection and prediction,Scientific reports,2024,https://pubmed.ncbi.nlm.nih.gov/39043914/
39099783_Yamada_2024,gold (carries answers),epilepsy,PMID,39099783,10.3389/fneur.2024.1418083,Higher incidence of acute symptomatic seizures in probable antibody-negative pediatric autoimmune encephalitis than in major antibody-positive autoimmune encephalitis,Frontiers in neurology,2024,https://pubmed.ncbi.nlm.nih.gov/39099783/
39108656_SanchezPanchuelo_2024,gold (carries answers),epilepsy,PMID,39108656,10.3389/fneur.2024.1419047,"Test-retest reliability of the ""Home Town Walk"" fMRI paradigm for memory activation and lateralization in the pre-surgical evaluation of patients with temporal lobe epilepsy",Frontiers in neurology,2024,https://pubmed.ncbi.nlm.nih.gov/39108656/
39160238_Lian_2024,gold (carries answers),epilepsy,PMID,39160238,10.1038/s41598-024-68966-8,Alterations in serum metabolomics during the first seizure and after effective control of epilepsy,Scientific reports,2024,https://pubmed.ncbi.nlm.nih.gov/39160238/
39160281_Sone_2024,gold (carries answers),epilepsy,PMID,39160281,10.1038/s41598-024-70313-w,White matter brain-age in diverse forms of epilepsy and interictal psychosis,Scientific reports,2024,https://pubmed.ncbi.nlm.nih.gov/39160281/
39161871_Pan_2024,gold (carries answers),epilepsy,PMID,39161871,10.3389/fneur.2024.1378682,"Temporal trends, in-hospital outcomes, and risk factors of acute myocardial infarction among patients with epilepsy in the United States: a retrospective national database analysis from 2008 to 2017",Frontiers in neurology,2024,https://pubmed.ncbi.nlm.nih.gov/39161871/
39206293_Zhao_2024,gold (carries answers),epilepsy,PMID,39206293,10.3389/fneur.2024.1459392,Felt stigma and associated factors in children and adolescents with epilepsy: a multicenter cross-sectional study in China,Frontiers in neurology,2024,https://pubmed.ncbi.nlm.nih.gov/39206293/
39220738_Li_2024,gold (carries answers),epilepsy,PMID,39220738,10.3389/fneur.2024.1365314,New evidence supports RYR3 as a candidate gene for developmental and epileptic encephalopathy,Frontiers in neurology,2024,https://pubmed.ncbi.nlm.nih.gov/39220738/
39246605_Naji_2024,gold (carries answers),epilepsy,PMID,39246605,10.3389/fneur.2024.1435075,Anti-seizure medication prescription preferences: a Moroccan multicenter study,Frontiers in neurology,2024,https://pubmed.ncbi.nlm.nih.gov/39246605/
39285222_Nguyen_2024,gold (carries answers),epilepsy,PMID,39285222,10.1038/s41598-024-72683-7,Genotype-driven therapeutics in DEE and metabolic epilepsy: navigating treatment efficacy and drug resistance,Scientific reports,2024,https://pubmed.ncbi.nlm.nih.gov/39285222/
39402465_Dzah_2024,gold (carries answers),epilepsy,PMID,39402465,10.1186/s12883-024-03908-5,Developing guidelines for nursing management of epilepsy in Ghanaian schools,BMC neurology,2024,https://pubmed.ncbi.nlm.nih.gov/39402465/
39462050_Li_2024,gold (carries answers),epilepsy,PMID,39462050,10.1038/s41598-024-77039-9,Association of LONP1 gene with epilepsy and the sub-regional effect,Scientific reports,2024,https://pubmed.ncbi.nlm.nih.gov/39462050/
39462086_Sun_2024,gold (carries answers),epilepsy,PMID,39462086,10.1038/s41598-024-77216-w,Virtual resection evaluation based on sEEG propagation network for drug-resistant epilepsy,Scientific reports,2024,https://pubmed.ncbi.nlm.nih.gov/39462086/
39474368_Sun_2024,gold (carries answers),epilepsy,PMID,39474368,10.3389/fneur.2024.1480854,Reduced serum neurotrophic factors and monoamine neurotransmitters in epilepsy patients with comorbid depression,Frontiers in neurology,2024,https://pubmed.ncbi.nlm.nih.gov/39474368/
39479007_Alkassm_2024,gold (carries answers),epilepsy,PMID,39479007,10.3389/fneur.2024.1450027,Anatomy-guided resections for paralimbic tumors in the temporo-insular region: combining tumor and epilepsy surgery concepts,Frontiers in neurology,2024,https://pubmed.ncbi.nlm.nih.gov/39479007/
39501195_Jaber_2024,gold (carries answers),epilepsy,PMID,39501195,10.1186/s12883-024-03936-1,Pyridoxine-dependent epilepsy caused by an ALDH7A1 mutation in an infant girl: the first case report in Syria,BMC neurology,2024,https://pubmed.ncbi.nlm.nih.gov/39501195/
39502389_Genç_2024,gold (carries answers),epilepsy,PMID,39502389,10.3389/fneur.2024.1490887,Effects of vagal nerve stimulation parameters on heart rate variability in epilepsy patients,Frontiers in neurology,2024,https://pubmed.ncbi.nlm.nih.gov/39502389/
39507625_Li_2024,gold (carries answers),epilepsy,PMID,39507625,10.3389/fneur.2024.1429964,Long-term phenobarbital treatment is effective in working-age patients with epilepsy in rural Northeast China: a 10-year follow-up study,Frontiers in neurology,2024,https://pubmed.ncbi.nlm.nih.gov/39507625/
39539663_Zhang_2024,gold (carries answers),epilepsy,PMID,39539663,10.3389/fneur.2024.1497969,Effectiveness and safety analysis of ketogenic diet therapy for drug-resistant epilepsy caused by structural pathology,Frontiers in neurology,2024,https://pubmed.ncbi.nlm.nih.gov/39539663/
39582684_Wang_2024,gold (carries answers),epilepsy,PMID,39582684,10.3389/fneur.2024.1428076,Clinical characteristics of patients with P4HTM variant-associated epilepsy and therapeutic exploration: a case report and literature review,Frontiers in neurology,2024,https://pubmed.ncbi.nlm.nih.gov/39582684/
39627316_Yamagishi_2024,gold (carries answers),epilepsy,PMID,39627316,10.1038/s41598-024-82014-5,Perampanel reduces seizure frequency in patients with developmental and epileptic encephalopathy for a long term,Scientific reports,2024,https://pubmed.ncbi.nlm.nih.gov/39627316/
39677865_Rabinovitch_2024,gold (carries answers),epilepsy,PMID,39677865,10.3389/fneur.2024.1477174,Ephaptic conduction in tonic-clonic seizures,Frontiers in neurology,2024,https://pubmed.ncbi.nlm.nih.gov/39677865/
39691456_Tang_2024,gold (carries answers),epilepsy,PMID,39691456,10.3389/fneur.2024.1496507,Circadian rhythm and epilepsy: a nationally representative cross-sectional study based on actigraphy data,Frontiers in neurology,2024,https://pubmed.ncbi.nlm.nih.gov/39691456/
39696024_Devulder_2024,gold (carries answers),epilepsy,PMID,39696024,10.1186/s12883-024-03979-4,A case report about focal status epilepticus as first presentation in Alzheimer's disease: finding the culprit,BMC neurology,2024,https://pubmed.ncbi.nlm.nih.gov/39696024/
39702155_Nigatu_2024,gold (carries answers),epilepsy,PMID,39702155,10.1186/s12883-024-03946-z,Quality of care and associated factors among patients with epilepsy at public hospitals in Arba Minch Town: a facility-based cross-sectional study,BMC neurology,2024,https://pubmed.ncbi.nlm.nih.gov/39702155/
39722692_Younes_2024,gold (carries answers),epilepsy,PMID,39722692,10.3389/fneur.2024.1480960,"Public awareness, knowledge, and attitude toward epilepsy in Lebanon: a cross-sectional study",Frontiers in neurology,2024,https://pubmed.ncbi.nlm.nih.gov/39722692/
39726763_Yang_2024,gold (carries answers),epilepsy,PMID,39726763,10.3389/fneur.2024.1448596,A population-based analysis of the global burden of epilepsy across all age groups (1990-2021): utilizing the Global Burden of Disease 2021 data,Frontiers in neurology,2024,https://pubmed.ncbi.nlm.nih.gov/39726763/
39738361_Soncin_2024,gold (carries answers),epilepsy,PMID,39738361,10.1038/s41598-024-81164-w,Impact of post-traumatic stress disorder on epileptogenic networks: a functional connectivity study,Scientific reports,2024,https://pubmed.ncbi.nlm.nih.gov/39738361/
39744102_Christin_2024,gold (carries answers),epilepsy,PMID,39744102,10.3389/fneur.2024.1493336,Quantitative evaluation of electrographic response to electroconvulsive therapy in super-refractory status epilepticus,Frontiers in neurology,2024,https://pubmed.ncbi.nlm.nih.gov/39744102/
39811454_Shen_2024,gold (carries answers),epilepsy,PMID,39811454,10.3389/fneur.2024.1500737,Decreased neuronal excitability in hypertriglyceridemia hamsters with acute seizures,Frontiers in neurology,2024,https://pubmed.ncbi.nlm.nih.gov/39811454/
39823446_Darkwa_2025,gold (carries answers),epilepsy,PMID,39823446,10.1371/journal.pone.0303735,"Translation, adaptation and validation of an epilepsy screening instrument in two Ghanaian languages",PloS one,2025,https://pubmed.ncbi.nlm.nih.gov/39823446/
39830202_Machetanz_2024,gold (carries answers),epilepsy,PMID,39830202,10.3389/fneur.2024.1460453,Connectome-based disentangling of epilepsy networks from insular stereoelectroencephalographic leads,Frontiers in neurology,2024,https://pubmed.ncbi.nlm.nih.gov/39830202/
39866518_Lu_2024,gold (carries answers),epilepsy,PMID,39866518,10.3389/fneur.2024.1510108,An ictogenic marker in the mesial temporal epilepsy and its temporal evolutionary features,Frontiers in neurology,2024,https://pubmed.ncbi.nlm.nih.gov/39866518/
39871989_Ren_2024,gold (carries answers),epilepsy,PMID,39871989,10.3389/fneur.2024.1517850,"Ketogenic diet treatment for super-refractory status epilepticus in the intensive care unit: feasibility, safety and effectiveness",Frontiers in neurology,2024,https://pubmed.ncbi.nlm.nih.gov/39871989/
39882357_Alemu_2024,gold (carries answers),epilepsy,PMID,39882357,10.3389/fneur.2024.1449659,"Determinants of epilepsy among outpatients in public health institutions of Dawo district, South West Shoa Zone, Oromia, Ethiopia, 2023: an institutional-based unmatched case-control study",Frontiers in neurology,2024,https://pubmed.ncbi.nlm.nih.gov/39882357/
39911741_He_2024,gold (carries answers),epilepsy,PMID,39911741,10.3389/fneur.2024.1503632,Identification and verification of autophagy-related gene signatures and their association with immune infiltration and drug responsiveness in epilepsy,Frontiers in neurology,2024,https://pubmed.ncbi.nlm.nih.gov/39911741/
39917436_Nasca_2024,gold (carries answers),epilepsy,PMID,39917436,10.3389/fneur.2024.1508663,Late-onset first epileptic seizure and cerebral small vessel disease: role of juxtacortical white matter lesions,Frontiers in neurology,2024,https://pubmed.ncbi.nlm.nih.gov/39917436/
39925638_Lang_2024,gold (carries answers),epilepsy,PMID,39925638,10.3389/fneur.2024.1524637,Association of interictal epileptiform discharges and serum concentration of levetiracetam and lamotrigine,Frontiers in neurology,2024,https://pubmed.ncbi.nlm.nih.gov/39925638/
39934240_PinzonHoyos_2025,gold (carries answers),epilepsy,PMID,39934240,10.1038/s41598-025-88654-5,Drug-resistant epilepsy associated with peripheral complement decreases and sex-specific cytokine imbalances: a pilot study,Scientific reports,2025,https://pubmed.ncbi.nlm.nih.gov/39934240/
39953503_Gao_2025,gold (carries answers),epilepsy,PMID,39953503,10.1186/s12883-025-04046-2,"Comprehensive predictors of drug-resistant epilepsy in MELAS: clinical, EEG, imaging, and biochemical factors",BMC neurology,2025,https://pubmed.ncbi.nlm.nih.gov/39953503/
39968459_Specktor_2025,gold (carries answers),epilepsy,PMID,39968459,10.3389/fneur.2025.1446471,Secondary bilateral synchronization of interictal EEG discharges in focal epilepsy: prevalence and associated factors,Frontiers in neurology,2025,https://pubmed.ncbi.nlm.nih.gov/39968459/
39987218_Moosavi_2025,gold (carries answers),epilepsy,PMID,39987218,10.1038/s41598-025-90632-w,Controllability of nonlinear epileptic-seizure spreading dynamics in large-scale subject-specific brain networks,Scientific reports,2025,https://pubmed.ncbi.nlm.nih.gov/39987218/
39987356_Yin_2025,gold (carries answers),epilepsy,PMID,39987356,10.1038/s41598-025-91438-6,Clinical and pathological risk factors for postencephalitic epilepsy after herpes simplex virus-1 encephalitis in children,Scientific reports,2025,https://pubmed.ncbi.nlm.nih.gov/39987356/
39992979_Thakur_2025,gold (carries answers),epilepsy,PMID,39992979,10.1371/journal.pone.0318025,Alternative perimetric tests for patients with drug-resistant epilepsy,PloS one,2025,https://pubmed.ncbi.nlm.nih.gov/39992979/
40000820_Naveed_2025,gold (carries answers),epilepsy,PMID,40000820,10.1038/s41598-025-91505-y,Insight into molecular and mutational scrutiny of epilepsy associated gene Gabrg2 leading to novel computer-aided drug designing,Scientific reports,2025,https://pubmed.ncbi.nlm.nih.gov/40000820/
40007738_Kim_2025,gold (carries answers),epilepsy,PMID,40007738,10.3389/fneur.2025.1538598,Small-vessel-disease-induced white matter damage in occipital lobe epilepsy,Frontiers in neurology,2025,https://pubmed.ncbi.nlm.nih.gov/40007738/
40045230_Zhang_2025,gold (carries answers),epilepsy,PMID,40045230,10.1186/s12883-025-04115-6,Exploring the causal relationship between serum EFNB2 levels and epilepsy: a bidirectional Mendelian randomization and co-localization analysis,BMC neurology,2025,https://pubmed.ncbi.nlm.nih.gov/40045230/
40093737_Chung_2025,gold (carries answers),epilepsy,PMID,40093737,10.3389/fneur.2025.1521001,Data transformation of unstructured electroencephalography reports by natural language processing: improving data usability for large-scale epilepsy studies,Frontiers in neurology,2025,https://pubmed.ncbi.nlm.nih.gov/40093737/
40097693_Boddeti_2025,gold (carries answers),epilepsy,PMID,40097693,10.1038/s41598-025-93978-3,Identifying the epileptic network by linking interictal functional and structural connectivity,Scientific reports,2025,https://pubmed.ncbi.nlm.nih.gov/40097693/
40098821_Assenza_2024,gold (carries answers),epilepsy,PMID,40098821,10.3389/fneur.2024.1502668,Cenobamate modulates EEG cortical activity and connectivity in individuals with drug-resistant epilepsy: a pharmaco-EEG study,Frontiers in neurology,2024,https://pubmed.ncbi.nlm.nih.gov/40098821/
40103938_Phabphal_2025,gold (carries answers),epilepsy,PMID,40103938,10.3389/fneur.2025.1523468,Gene mutations linked to drug-resistant epilepsy in astrocytoma,Frontiers in neurology,2025,https://pubmed.ncbi.nlm.nih.gov/40103938/
40108237_Huang_2025,gold (carries answers),epilepsy,PMID,40108237,10.1038/s41598-025-90315-6,EEG detection and recognition model for epilepsy based on dual attention mechanism,Scientific reports,2025,https://pubmed.ncbi.nlm.nih.gov/40108237/
40144629_Maru_2025,gold (carries answers),epilepsy,PMID,40144629,10.3389/fneur.2025.1491716,Cognitive dysfunction and its associated factors in patients with epilepsy at referral hospitals in the Amhara region: an institutional-based cross-sectional study,Frontiers in neurology,2025,https://pubmed.ncbi.nlm.nih.gov/40144629/
40166644_Tu_2025,gold (carries answers),epilepsy,PMID,40166644,10.3389/fneur.2025.1548477,"Evolving trends and burden of idiopathic epilepsy among children (0-14 years), 1990-2021: a systematic analysis for the Global Burden of Disease study 2021",Frontiers in neurology,2025,https://pubmed.ncbi.nlm.nih.gov/40166644/
40188014_Alghamdi_2025,gold (carries answers),epilepsy,PMID,40188014,10.1186/s12883-025-04149-w,"Drug-resistant epilepsy in Saudi Arabia: prevalence, predictive factors, and treatment outcomes",BMC neurology,2025,https://pubmed.ncbi.nlm.nih.gov/40188014/
40196867_Habermehl_2025,gold (carries answers),epilepsy,PMID,40196867,10.3389/fneur.2025.1564680,"The impact of the new definition of epilepsy on diagnosis, treatment, and short-term outcomes-A prospective study",Frontiers in neurology,2025,https://pubmed.ncbi.nlm.nih.gov/40196867/
40210638_Sanguansermsri_2025,gold (carries answers),epilepsy,PMID,40210638,10.1038/s41598-025-95963-2,Change of heart rate variability in children and adolescent with drug resistant epilepsy,Scientific reports,2025,https://pubmed.ncbi.nlm.nih.gov/40210638/
40211052_Chen_2025,gold (carries answers),epilepsy,PMID,40211052,10.1038/s41598-025-97112-1,Serum Klotho levels and epilepsy among U.S. adults in the NHANES 2013-2016: a cross-sectional study,Scientific reports,2025,https://pubmed.ncbi.nlm.nih.gov/40211052/
40229486_Zhang_2025,gold (carries answers),epilepsy,PMID,40229486,10.1038/s41598-025-97333-4,Identification and validation of LY6H and GRM3 as candidate biomarkers for Glioma-related epilepsy,Scientific reports,2025,https://pubmed.ncbi.nlm.nih.gov/40229486/
40251393_Kaczmarska_2025,gold (carries answers),epilepsy,PMID,40251393,10.1038/s41598-025-98414-0,Epileptic encephalopathy in a young Bengal cat caused by CAD deficiency,Scientific reports,2025,https://pubmed.ncbi.nlm.nih.gov/40251393/
40274853_Berrich_2025,gold (carries answers),epilepsy,PMID,40274853,10.1038/s41598-025-95831-z,EEG-based epilepsy detection using CNN-SVM and DNN-SVM with feature dimensionality reduction by PCA,Scientific reports,2025,https://pubmed.ncbi.nlm.nih.gov/40274853/
40303886_OliveiraYoung_2025,gold (carries answers),epilepsy,PMID,40303886,10.3389/fneur.2025.1552774,Quantitative SISCOM assessment for epileptogenic zone localization: insights from a multicenter study comparing two software platforms in temporal lobe epilepsy,Frontiers in neurology,2025,https://pubmed.ncbi.nlm.nih.gov/40303886/
40303893_Chu_2025,gold (carries answers),epilepsy,PMID,40303893,10.3389/fneur.2025.1580655,Clinician and patient readiness to engage with community health workers at epilepsy care centers,Frontiers in neurology,2025,https://pubmed.ncbi.nlm.nih.gov/40303893/
40307310_Meng_2025,gold (carries answers),epilepsy,PMID,40307310,10.1038/s41598-025-97696-8,M-NIG: mobile network information gain for EEG-based epileptic seizure prediction,Scientific reports,2025,https://pubmed.ncbi.nlm.nih.gov/40307310/
40335613_Bartels_2025,gold (carries answers),epilepsy,PMID,40335613,10.1038/s41598-025-99272-6,Event driven neural network on a mixed signal neuromorphic processor for EEG based epileptic seizure detection,Scientific reports,2025,https://pubmed.ncbi.nlm.nih.gov/40335613/
40348802_Wu_2025,gold (carries answers),epilepsy,PMID,40348802,10.1038/s41598-025-01087-y,NLRP3 inflammasome inhibits mitophagy during the progression of temporal lobe epilepsy,Scientific reports,2025,https://pubmed.ncbi.nlm.nih.gov/40348802/
40355495_Yan_2025,gold (carries answers),epilepsy,PMID,40355495,10.1038/s41598-025-01015-0,Automated seizure detection in epilepsy using a novel dynamic temporal-spatial graph attention network,Scientific reports,2025,https://pubmed.ncbi.nlm.nih.gov/40355495/
40386022_Zuo_2025,gold (carries answers),epilepsy,PMID,40386022,10.3389/fneur.2025.1521842,The clinical features and (18)F-FDG-PET analysis of absence status epilepsy,Frontiers in neurology,2025,https://pubmed.ncbi.nlm.nih.gov/40386022/
40389510_Yehenew_2025,gold (carries answers),epilepsy,PMID,40389510,10.1038/s41598-025-00558-6,Non-adherence to epileptic medications among adult patients in south west Shewa zone hospitals of central Ethiopia,Scientific reports,2025,https://pubmed.ncbi.nlm.nih.gov/40389510/
40406700_Mei_2025,gold (carries answers),epilepsy,PMID,40406700,10.3389/fneur.2025.1578958,Semiological differences between children and adults with temporal lobe epilepsy: a video-EEG based multivariate analysis,Frontiers in neurology,2025,https://pubmed.ncbi.nlm.nih.gov/40406700/
40420007_Zhang_2025,gold (carries answers),epilepsy,PMID,40420007,10.1186/s12883-025-04217-1,Clinical characteristics of headache related to epilepsy: experience from a tertiary epilepsy center,BMC neurology,2025,https://pubmed.ncbi.nlm.nih.gov/40420007/
40420060_Gettings_2025,gold (carries answers),epilepsy,PMID,40420060,10.1186/s12883-025-04200-w,Time to treatment in pediatric patients with repeated episodes of status epilepticus,BMC neurology,2025,https://pubmed.ncbi.nlm.nih.gov/40420060/
40450138_Jang_2025,gold (carries answers),epilepsy,PMID,40450138,10.1038/s41598-025-04044-x,Saliva-based lacosamide monitoring paves the way toward personalized epilepsy pharmacotherapy,Scientific reports,2025,https://pubmed.ncbi.nlm.nih.gov/40450138/
40467660_Mei_2025,gold (carries answers),epilepsy,PMID,40467660,10.1038/s41598-025-02127-3,Early hemodynamic differences between generalized and focal epilepsy measured by photoplethysmography,Scientific reports,2025,https://pubmed.ncbi.nlm.nih.gov/40467660/
40520617_Zhu_2025,gold (carries answers),epilepsy,PMID,40520617,10.3389/fneur.2025.1599286,Association between dietary inflammatory index and epilepsy: findings from NHANES,Frontiers in neurology,2025,https://pubmed.ncbi.nlm.nih.gov/40520617/
40534740_Zhang_2025,gold (carries answers),epilepsy,PMID,40534740,10.3389/fneur.2025.1575628,"Severity, uncertainty, social support and coping style of parents who have children with epilepsy: a structural equation model",Frontiers in neurology,2025,https://pubmed.ncbi.nlm.nih.gov/40534740/
40538658_Fang_2025,gold (carries answers),epilepsy,PMID,40538658,10.3389/fneur.2025.1591835,A single-center retrospective analysis of autoimmune glial fibrillary acidic protein astrocytopathy with seizures in children,Frontiers in neurology,2025,https://pubmed.ncbi.nlm.nih.gov/40538658/
40546255_Sadjadi_2025,gold (carries answers),epilepsy,PMID,40546255,10.3389/fneur.2025.1515484,Spatio-temporal independent component classification for localization of seizure onset zone,Frontiers in neurology,2025,https://pubmed.ncbi.nlm.nih.gov/40546255/
40589985_Sun_2025,gold (carries answers),epilepsy,PMID,40589985,10.3389/fneur.2025.1587200,Effect of visual stimulation on epilepsy susceptibility in neonatal hypoglycemic brain injury rats during development,Frontiers in neurology,2025,https://pubmed.ncbi.nlm.nih.gov/40589985/
40594203_FernándezMartín_2025,gold (carries answers),epilepsy,PMID,40594203,10.1038/s41598-025-03880-1,STIED: a deep learning model for the spatiotemporal detection of focal interictal epileptiform discharges with MEG,Scientific reports,2025,https://pubmed.ncbi.nlm.nih.gov/40594203/
40596571_Abbigeri_2025,gold (carries answers),epilepsy,PMID,40596571,10.1038/s41598-025-07780-2,Therapeutic evaluation of Martynia annua derived carbon dots in epileptic Drosophila model,Scientific reports,2025,https://pubmed.ncbi.nlm.nih.gov/40596571/
40606139_Lam_2025,gold (carries answers),epilepsy,PMID,40606139,10.3389/fneur.2025.1569551,"Comparative effectiveness of epilepsy surgery versus additional anti-seizure medications for Lennox-Gastaut syndrome: study protocol for a multicenter, mixed-methods study",Frontiers in neurology,2025,https://pubmed.ncbi.nlm.nih.gov/40606139/
40615429_Li_2025,gold (carries answers),epilepsy,PMID,40615429,10.1038/s41598-025-04279-8,"Leveraging pathological markers of lower grade glioma to predict the occurrence of secondary epilepsy, a retrospective study",Scientific reports,2025,https://pubmed.ncbi.nlm.nih.gov/40615429/
40642219_Dejonckheere_2025,gold (carries answers),epilepsy,PMID,40642219,10.3389/fneur.2025.1600381,Fractionated stereotactic radiotherapy in people with drug-resistant focal epilepsy: first-in-human experience with a healthy tissue-preserving dose-fractionation concept,Frontiers in neurology,2025,https://pubmed.ncbi.nlm.nih.gov/40642219/
40646034_Wagh_2025,gold (carries answers),epilepsy,PMID,40646034,10.1038/s41598-025-08871-w,Population-based spectral characteristics of normal interictal scalp EEG inform diagnosis and treatment planning in focal epilepsy,Scientific reports,2025,https://pubmed.ncbi.nlm.nih.gov/40646034/
40646440_Ben_2025,gold (carries answers),epilepsy,PMID,40646440,10.1186/s12883-025-04216-2,"Transcriptome profiling reveals major structural genes, transcription factors and biosynthetic pathways in refractory epilepsy in tropical region of China",BMC neurology,2025,https://pubmed.ncbi.nlm.nih.gov/40646440/
40661240_Wang_2025,gold (carries answers),epilepsy,PMID,40661240,10.3389/fneur.2025.1526984,"Global, regional, and national epilepsy of unknown cause incidence and mortality, 1990-2036: cross-national health inequalities and predictive analytics",Frontiers in neurology,2025,https://pubmed.ncbi.nlm.nih.gov/40661240/
40672463_Polat_2025,gold (carries answers),epilepsy,PMID,40672463,10.3389/fneur.2025.1576177,Evaluation of COVID-19 fear and sleep quality in individuals with epilepsy: a cross-sectional study,Frontiers in neurology,2025,https://pubmed.ncbi.nlm.nih.gov/40672463/
40689321_Kiriakopoulos_2025,gold (carries answers),epilepsy,PMID,40689321,10.3389/fneur.2025.1617539,Real world telehealth delivery of an evidence based self-management education program for people with epilepsy and cognitive comorbidity,Frontiers in neurology,2025,https://pubmed.ncbi.nlm.nih.gov/40689321/
40703772_Pelizzari_2025,gold (carries answers),epilepsy,PMID,40703772,10.3389/fneur.2025.1582548,Prolonged apnea in a boy with epilepsy and a novel gain-of-function missense CACNA1A variant indicating SUDEP risk,Frontiers in neurology,2025,https://pubmed.ncbi.nlm.nih.gov/40703772/
40707505_Verdoodt_2025,gold (carries answers),epilepsy,PMID,40707505,10.1038/s41598-025-09919-7,The fecal metabolome and microbiome are altered in dogs with idiopathic epilepsy compared to healthy dogs,Scientific reports,2025,https://pubmed.ncbi.nlm.nih.gov/40707505/
40739218_Hu_2025,gold (carries answers),epilepsy,PMID,40739218,10.1186/s12883-025-04313-2,Anxiety and depression symptoms mediate the impact of neuroticism on insomnia in adults with epilepsy: a cross-sectional study,BMC neurology,2025,https://pubmed.ncbi.nlm.nih.gov/40739218/
40740850_Butera_2025,gold (carries answers),epilepsy,PMID,40740850,10.3389/fneur.2025.1616480,Efficacy and safety of cannabidiol in a single-center pediatric drug-resistant epilepsy cohort: a retrospective study,Frontiers in neurology,2025,https://pubmed.ncbi.nlm.nih.gov/40740850/
40781139_Avalos_2025,gold (carries answers),epilepsy,PMID,40781139,10.1038/s41598-025-14718-1,Metabolic alterations associated with epileptic seizures detected by NMR spectroscopy,Scientific reports,2025,https://pubmed.ncbi.nlm.nih.gov/40781139/
40804444_Tan_2025,gold (carries answers),epilepsy,PMID,40804444,10.1038/s41598-025-14402-4,Peripheral cytokine and monocyte phenotype associations in drug-resistant epilepsy,Scientific reports,2025,https://pubmed.ncbi.nlm.nih.gov/40804444/
40804712_Zhu_2025,gold (carries answers),epilepsy,PMID,40804712,10.1186/s12883-025-04339-6,Incomplete penetrance and variable phenotypes of a novel NPRL2 frameshift variant: from familial focal epilepsy with variable foci 2 to neurodevelopmental disorders,BMC neurology,2025,https://pubmed.ncbi.nlm.nih.gov/40804712/
40823303_Alves_2025,gold (carries answers),epilepsy,PMID,40823303,10.3389/fneur.2025.1555162,Neural network-based method for measuring the impacts of epileptic brain activities on cardiac cycles,Frontiers in neurology,2025,https://pubmed.ncbi.nlm.nih.gov/40823303/
40832151_Fu_2025,gold (carries answers),epilepsy,PMID,40832151,10.3389/fneur.2025.1623212,An interpretable machine learning approach for predicting drug-resistant epilepsy in children with tuberous sclerosis complex,Frontiers in neurology,2025,https://pubmed.ncbi.nlm.nih.gov/40832151/
40866410_Paz_2025,gold (carries answers),epilepsy,PMID,40866410,10.1038/s41598-025-15362-5,Numerical simulation of transcranial static magnetic fields for the treatment of global epilepsy in children,Scientific reports,2025,https://pubmed.ncbi.nlm.nih.gov/40866410/
40877417_Kliem_2025,gold (carries answers),epilepsy,PMID,40877417,10.1038/s41598-025-16902-9,The impact of prompting on ChatGPT's adherence to status epilepticus treatment guidelines,Scientific reports,2025,https://pubmed.ncbi.nlm.nih.gov/40877417/
40883714_Natarajan_2025,gold (carries answers),epilepsy,PMID,40883714,10.1186/s12883-025-04402-2,"Quality of life, depression, daytime sleepiness and fatigue in Omani people with epilepsy: a cross-sectional study",BMC neurology,2025,https://pubmed.ncbi.nlm.nih.gov/40883714/
40885781_Su_2025,gold (carries answers),epilepsy,PMID,40885781,10.1038/s41598-025-17256-y,A model for epileptic EEG detection and recognition based on Multi-Attention mechanism and Spatiotemporal,Scientific reports,2025,https://pubmed.ncbi.nlm.nih.gov/40885781/
40890139_Hannoun_2025,gold (carries answers),epilepsy,PMID,40890139,10.1038/s41598-025-02003-0,Increased volumes of the precuneus and the pallidum in idiopathic generalized epilepsy,Scientific reports,2025,https://pubmed.ncbi.nlm.nih.gov/40890139/
40908994_Chen_2025,gold (carries answers),epilepsy,PMID,40908994,10.3389/fneur.2025.1633993,"Comparison of SPECT/CT, AEEG, and 3D-pCASL in people with epilepsy",Frontiers in neurology,2025,https://pubmed.ncbi.nlm.nih.gov/40908994/
40969212_Nishioka_2025,gold (carries answers),epilepsy,PMID,40969212,10.3389/fneur.2025.1632484,Ictal phase-amplitude coupling as a biomarker for seizure onset zone in neocortical epilepsy,Frontiers in neurology,2025,https://pubmed.ncbi.nlm.nih.gov/40969212/
41001209_Li_2025,gold (carries answers),epilepsy,PMID,41001209,10.3389/fneur.2025.1629669,A retrospective cohort study on the seizure risks and outcomes of children with acquired brain injury,Frontiers in neurology,2025,https://pubmed.ncbi.nlm.nih.gov/41001209/
41006507_Park_2025,gold (carries answers),epilepsy,PMID,41006507,10.1038/s41598-025-16881-x,Prediction of personalized antiseizure medications response based on clinical signatures in epilepsy,Scientific reports,2025,https://pubmed.ncbi.nlm.nih.gov/41006507/
41028128_Shi_2025,gold (carries answers),epilepsy,PMID,41028128,10.1038/s41598-025-14550-7,Graph based link prediction for epilepsy drug discovery,Scientific reports,2025,https://pubmed.ncbi.nlm.nih.gov/41028128/
41034293_Fan_2025,gold (carries answers),epilepsy,PMID,41034293,10.1038/s41598-025-11906-x,Safety and efficacy of one-dose nocturnal levetiracetam for the treatment of self-limited epilepsy with centrotemporal spikes: a randomized clinical trial,Scientific reports,2025,https://pubmed.ncbi.nlm.nih.gov/41034293/
41062965_Zhao_2025,gold (carries answers),epilepsy,PMID,41062965,10.1186/s12883-025-04431-x,Global burden trends of idiopathic epilepsy in young adults from 1990 to 2035: based on the global burden of disease study 2021,BMC neurology,2025,https://pubmed.ncbi.nlm.nih.gov/41062965/
41083803_Oh_2025,gold (carries answers),epilepsy,PMID,41083803,10.1038/s41598-025-19666-4,Expanding the clinical and genetic spectrum of GLUL-related developmental and epileptic encephalopathy,Scientific reports,2025,https://pubmed.ncbi.nlm.nih.gov/41083803/
41087958_Zahra_2025,gold (carries answers),epilepsy,PMID,41087958,10.1186/s12883-025-04433-9,Barriers and facilitators of antiseizure medication adherence: a qualitative study among persons with epilepsy in Pakistan,BMC neurology,2025,https://pubmed.ncbi.nlm.nih.gov/41087958/
41107396_Hosseini_2025,gold (carries answers),epilepsy,PMID,41107396,10.1038/s41598-025-20315-z,Analyzing the normal and epileptic output of a neural mass model based on cyclic-small gain theorem,Scientific reports,2025,https://pubmed.ncbi.nlm.nih.gov/41107396/
41111956_Hu_2025,gold (carries answers),epilepsy,PMID,41111956,10.3389/fneur.2025.1640796,Correlation between systemic inflammatory response index and post-stroke epilepsy based on multiple logistic regression analysis,Frontiers in neurology,2025,https://pubmed.ncbi.nlm.nih.gov/41111956/
41127284_Hu_2025,gold (carries answers),epilepsy,PMID,41127284,10.3389/fneur.2025.1677046,Add-on ketogenic diet versus antiseizure medications alone in children with developmental and epileptic encephalopathies: a prospective comparative cohort study,Frontiers in neurology,2025,https://pubmed.ncbi.nlm.nih.gov/41127284/
41127292_Kiriakopoulos_2025,gold (carries answers),epilepsy,PMID,41127292,10.3389/fneur.2025.1654687,Innovating the practice of epilepsy care to improve patient outcomes: a model for community health worker integration,Frontiers in neurology,2025,https://pubmed.ncbi.nlm.nih.gov/41127292/
41174625_Sawafta_2025,gold (carries answers),epilepsy,PMID,41174625,10.1186/s12883-025-04447-3,Clinical characteristics of pediatric epilepsy in Palestine: a cross-sectional study,BMC neurology,2025,https://pubmed.ncbi.nlm.nih.gov/41174625/
41180532_Nakao_2025,gold (carries answers),epilepsy,PMID,41180532,10.3389/fneur.2025.1665997,Acute symptomatic seizure prevention with perampanel in moderate and severe traumatic brain injury: a retrospective comparison with levetiracetam,Frontiers in neurology,2025,https://pubmed.ncbi.nlm.nih.gov/41180532/
41180538_Liu_2025,gold (carries answers),epilepsy,PMID,41180538,10.3389/fneur.2025.1608745,Association of serum bicarbonate with 28-day and 90-day mortality in patients with epilepsy and concurrent sepsis: a retrospective cohort study,Frontiers in neurology,2025,https://pubmed.ncbi.nlm.nih.gov/41180538/
41184380_Kim_2025,gold (carries answers),epilepsy,PMID,41184380,10.1038/s41598-025-22229-2,PARP1-TRPM2-PKC cascade distinctly regulates reactive astrogliosis and clasmatodendrosis through NF-κB and AKT pathways in the hippocampus of chronic epilepsy rats,Scientific reports,2025,https://pubmed.ncbi.nlm.nih.gov/41184380/
41211287_Choo_2025,gold (carries answers),epilepsy,PMID,41211287,10.3389/fneur.2025.1690510,Preserved ictal responsiveness in right mesial temporal lobe epilepsy: metabolic correlates in posterior temporal networks with FDG-PET,Frontiers in neurology,2025,https://pubmed.ncbi.nlm.nih.gov/41211287/
41230376_Triva_2025,gold (carries answers),epilepsy,PMID,41230376,10.3389/fneur.2025.1642329,"Targeting the gut to improve seizure control in CDKL5 deficiency disorder (CDD): study protocol for a single-arm, open-label clinical trial",Frontiers in neurology,2025,https://pubmed.ncbi.nlm.nih.gov/41230376/
41233341_Kongsui_2025,gold (carries answers),epilepsy,PMID,41233341,10.1038/s41598-025-23414-z,Biochanin A prevents neurodegeneration and oxidative stress in a kainic acid model of epilepsy by activating the PI3K/Akt/Nrf2 signaling pathway,Scientific reports,2025,https://pubmed.ncbi.nlm.nih.gov/41233341/
41254067_Badr_2025,gold (carries answers),epilepsy,PMID,41254067,10.1038/s41598-025-24431-8,EEG based epileptic seizure detection using SVM fuzzy learning and metaheuristic optimization,Scientific reports,2025,https://pubmed.ncbi.nlm.nih.gov/41254067/
41255796_Möller_2025,gold (carries answers),epilepsy,PMID,41255796,10.3389/fneur.2025.1685993,"Treating status epilepticus in clinical practice-a multi-national survey in Germany, Austria, and Switzerland",Frontiers in neurology,2025,https://pubmed.ncbi.nlm.nih.gov/41255796/
41309731_Park_2025,gold (carries answers),epilepsy,PMID,41309731,10.1038/s41598-025-26360-y,Prediction of longitudinal outcomes and novel cluster identification in epilepsy,Scientific reports,2025,https://pubmed.ncbi.nlm.nih.gov/41309731/
41312349_Brigo_2025,gold (carries answers),epilepsy,PMID,41312349,10.3389/fneur.2025.1681483,Benzodiazepines versus non-benzodiazepine antiseizure medications as first-line agents for status epilepticus: analysis of real word data from a 9-years prospective cohort,Frontiers in neurology,2025,https://pubmed.ncbi.nlm.nih.gov/41312349/
41339472_Kang_2025,gold (carries answers),epilepsy,PMID,41339472,10.1038/s41598-025-30741-8,Alterations in serum metabolomics predict drug-resistant epilepsy,Scientific reports,2025,https://pubmed.ncbi.nlm.nih.gov/41339472/
41341511_Reinacher_2025,gold (carries answers),epilepsy,PMID,41341511,10.3389/fneur.2025.1685431,Combined MRI morphometry and source imaging guide placement of stereo-EEG electrodes in focal epilepsy with subtle or absent lesions,Frontiers in neurology,2025,https://pubmed.ncbi.nlm.nih.gov/41341511/
41376770_Alizadeh_2025,gold (carries answers),epilepsy,PMID,41376770,10.3389/fneur.2025.1675066,Independent component analysis of resting-state fMRI identifies regions associated with seizure freedom after laser interstitial thermal therapy for temporal lobe epilepsy,Frontiers in neurology,2025,https://pubmed.ncbi.nlm.nih.gov/41376770/
41383239_Gu_2025,gold (carries answers),epilepsy,PMID,41383239,10.3389/fneur.2025.1729387,Epilepsy-associated CHD2 missense variants and optimization strategies for genetic diagnosis: a comparative analysis of algorithms,Frontiers in neurology,2025,https://pubmed.ncbi.nlm.nih.gov/41383239/
41390778_Fu_2025,gold (carries answers),epilepsy,PMID,41390778,10.1038/s41598-025-32329-8,Multi-task learning identifies shared genetic risk for late-onset epilepsy and alzheimer's disease,Scientific reports,2025,https://pubmed.ncbi.nlm.nih.gov/41390778/
41404464_Czerniak_2025,gold (carries answers),epilepsy,PMID,41404464,10.3389/fneur.2025.1695511,Prevalence of cannabis use disorders and associated factors among privately insured adults with epilepsy,Frontiers in neurology,2025,https://pubmed.ncbi.nlm.nih.gov/41404464/
41426993_Su_2025,gold (carries answers),epilepsy,PMID,41426993,10.3389/fneur.2025.1731858,Stroke-like lesion and status epilepticus in a child with NARS2-related combined oxidative phosphorylation deficiency 24,Frontiers in neurology,2025,https://pubmed.ncbi.nlm.nih.gov/41426993/
41449193_Ijaz_2025,gold (carries answers),epilepsy,PMID,41449193,10.1038/s41598-025-30401-x,Explainable machine learning identifies immune-inflammatory biomarkers and therapeutic candidates in drug-resistant epilepsy,Scientific reports,2025,https://pubmed.ncbi.nlm.nih.gov/41449193/
41458126_Ma_2025,gold (carries answers),epilepsy,PMID,41458126,10.3389/fneur.2025.1694455,The effects of transcutaneous auricular vagus nerve stimulation in epilepsy comorbid with migraine on the EEG power spectrum: a randomized controlled trial,Frontiers in neurology,2025,https://pubmed.ncbi.nlm.nih.gov/41458126/
41519982_Yang_2026,gold (carries answers),epilepsy,PMID,41519982,10.1038/s41598-025-32920-z,Knowledge graph representation of the mappings between seizure semiology and epileptogenic zones,Scientific reports,2026,https://pubmed.ncbi.nlm.nih.gov/41519982/
41545462_Padmaja_2026,gold (carries answers),epilepsy,PMID,41545462,10.1038/s41598-026-36121-0,Hybrid quantum classical framework for electroencephalogram driven neurological processing in epileptic seizure taxonomy,Scientific reports,2026,https://pubmed.ncbi.nlm.nih.gov/41545462/
41545509_Li_2026,gold (carries answers),epilepsy,PMID,41545509,10.1038/s41598-025-34682-0,HRV features as potential biomarkers for auxiliary diagnosis in epilepsy,Scientific reports,2026,https://pubmed.ncbi.nlm.nih.gov/41545509/
41554844_Zhu_2026,gold (carries answers),epilepsy,PMID,41554844,10.1038/s41598-026-36062-8,Elevated body roundness index and epilepsy prevalence: a cross-sectional study,Scientific reports,2026,https://pubmed.ncbi.nlm.nih.gov/41554844/
41602971_Shen_2025,gold (carries answers),epilepsy,PMID,41602971,10.3389/fneur.2025.1758811,The construction and validation of a clinical predictive model for somatic symptom disorders in epilepsy patients,Frontiers in neurology,2025,https://pubmed.ncbi.nlm.nih.gov/41602971/
41611827_Song_2026,gold (carries answers),epilepsy,PMID,41611827,10.1038/s41598-026-37646-0,Commonalities and distinctions of static and dynamic functional connectivity density between left and right temporal lobe epilepsy,Scientific reports,2026,https://pubmed.ncbi.nlm.nih.gov/41611827/
41613177_Xu_2025,gold (carries answers),epilepsy,PMID,41613177,10.3389/fneur.2025.1478718,Epilepsy detection based on spatiotemporal feature interaction fusion of EEG signals,Frontiers in neurology,2025,https://pubmed.ncbi.nlm.nih.gov/41613177/
41659981_Santangelo_2025,gold (carries answers),epilepsy,PMID,41659981,10.3389/fneur.2025.1726561,"Climate change, gut microbiome, and epilepsy-New paradigms beyond the gut-brain axis",Frontiers in neurology,2025,https://pubmed.ncbi.nlm.nih.gov/41659981/
41667798_Zhao_2026,gold (carries answers),epilepsy,PMID,41667798,10.1038/s41598-026-39728-5,Parameter-efficient convolutional neural network for drug treatment outcome studies of pediatric epilepsy,Scientific reports,2026,https://pubmed.ncbi.nlm.nih.gov/41667798/
41669528_Panahi_2025,gold (carries answers),epilepsy,PMID,41669528,10.3389/fneur.2025.1706223,Cognitive and neurobehavioral phenotypes of post 9/11 veterans with epilepsy and mild traumatic brain injury,Frontiers in neurology,2025,https://pubmed.ncbi.nlm.nih.gov/41669528/
41676105_Leng_2026,gold (carries answers),epilepsy,PMID,41676105,10.3389/fneur.2026.1646021,Resting-state MEG of whole-brain functional network in cingulate gyrus epilepsy,Frontiers in neurology,2026,https://pubmed.ncbi.nlm.nih.gov/41676105/
41783846_Gong_2026,gold (carries answers),epilepsy,PMID,41783846,10.3389/fneur.2026.1749636,Analysis of treatment outcome variations in infantile epileptic spasms syndrome,Frontiers in neurology,2026,https://pubmed.ncbi.nlm.nih.gov/41783846/
41787059_Han_2026,gold (carries answers),epilepsy,PMID,41787059,10.1038/s41598-026-42913-1,Real-world outcomes of ketogenic diet therapy in children with drug-resistant epilepsy in a prospective cohort study,Scientific reports,2026,https://pubmed.ncbi.nlm.nih.gov/41787059/
41789171_dOrsi_2026,gold (carries answers),epilepsy,PMID,41789171,10.3389/fneur.2026.1776158,Video-EEG/polygraphy in status epilepticus,Frontiers in neurology,2026,https://pubmed.ncbi.nlm.nih.gov/41789171/
41796158_Wu_2026,gold (carries answers),epilepsy,PMID,41796158,10.1038/s41598-026-41089-y,A study on the mechanism of Buyang Huanwu Decoction in treating epilepsy by regulating adenosine levels,Scientific reports,2026,https://pubmed.ncbi.nlm.nih.gov/41796158/
41807523_Chakraborty_2026,gold (carries answers),epilepsy,PMID,41807523,10.1038/s41598-026-42657-y,Genome-wide rare copy number variations potentially associated with drug resistance in epilepsy,Scientific reports,2026,https://pubmed.ncbi.nlm.nih.gov/41807523/
41809189_Jeong_2026,gold (carries answers),epilepsy,PMID,41809189,10.3389/fneur.2026.1726258,Deep learning-based real-time seizure detection and multi-seizure classification on pediatric EEG,Frontiers in neurology,2026,https://pubmed.ncbi.nlm.nih.gov/41809189/
41821635_Zhao_2026,gold (carries answers),epilepsy,PMID,41821635,10.3389/fneur.2026.1701141,"Effectiveness, tolerability, and retention of the ketogenic diet for infantile epileptic spasms syndrome: a single-center cohort study",Frontiers in neurology,2026,https://pubmed.ncbi.nlm.nih.gov/41821635/
41826524_Wang_2026,gold (carries answers),epilepsy,PMID,41826524,10.1038/s41598-026-41636-7,A time-frequency cross-attention network model for epileptic seizure detection,Scientific reports,2026,https://pubmed.ncbi.nlm.nih.gov/41826524/
41857226_Park_2026,gold (carries answers),epilepsy,PMID,41857226,10.1038/s41598-026-43511-x,Quantitative assessment of apparent diffusion coefficient for neurological outcome prediction in status epilepticus: a pilot study,Scientific reports,2026,https://pubmed.ncbi.nlm.nih.gov/41857226/
41859406_Saouda_2026,gold (carries answers),epilepsy,PMID,41859406,10.3389/fneur.2026.1784636,Ictal fear of death with preserved context dependent speech and postictal amnesia in focal epilepsy,Frontiers in neurology,2026,https://pubmed.ncbi.nlm.nih.gov/41859406/
41868487_Lee_2026,gold (carries answers),epilepsy,PMID,41868487,10.3389/fneur.2026.1749772,Glymphatic dysfunction as a predictor of response to lacosamide add-on therapy in drug-resistant focal epilepsy,Frontiers in neurology,2026,https://pubmed.ncbi.nlm.nih.gov/41868487/
41876592_Lu_2026,gold (carries answers),epilepsy,PMID,41876592,10.1038/s41598-026-43441-8,Effectiveness of low-dose perampanel in focal epilepsy patients aged twelve or older in Southern China: an observational study,Scientific reports,2026,https://pubmed.ncbi.nlm.nih.gov/41876592/
41908285_Chen_2026,gold (carries answers),epilepsy,PMID,41908285,10.3389/fneur.2026.1781738,A randomized controlled double-blind study on the brain protection of infantile patients with epileptic spasm syndrome through atomized inhalation of hydrogen-oxygen gas,Frontiers in neurology,2026,https://pubmed.ncbi.nlm.nih.gov/41908285/
41948612_Banerjee_2026,gold (carries answers),epilepsy,PMID,41948612,10.3389/fneur.2026.1777738,"Seizures, increased interhemispheric synchrony, altered brain transcriptomics and a leaky blood-brain barrier result from loss of ap3b2 in a CRISPR tadpole model of DEE48",Frontiers in neurology,2026,https://pubmed.ncbi.nlm.nih.gov/41948612/
